Plot Title: 20139118_Baldy_SnowmeltB1,,,
#,"Date Time, GMT-06:00","Temp, °F (LGR S/N: 20139118, SEN S/N: 9713850)","Water Content, m³/m³ (LGR S/N: 20139118, SEN S/N: 20152217)"
1,5/29/18 13:00,48.405,0.2914
2,5/29/18 14:00,51.237,0.2925
3,5/29/18 15:00,52.947,0.2925
4,5/29/18 16:00,52.509,0.2928
5,5/29/18 17:00,51.721,0.2928
6,5/29/18 18:00,51.589,0.2932
7,5/29/18 19:00,50.268,0.2932
8,5/29/18 20:00,48.405,0.2935
9,5/29/18 21:00,46.616,0.2932
10,5/29/18 22:00,44.991,0.2935
11,5/29/18 23:00,43.534,0.2935
12,5/30/18 0:00,42.341,0.2938
13,5/30/18 1:00,41.322,0.2938
14,5/30/18 2:00,40.345,0.2938
15,5/30/18 3:00,39.454,0.2935
16,5/30/18 4:00,38.795,0.2935
17,5/30/18 5:00,38.131,0.2938
18,5/30/18 6:00,37.656,0.2935
19,5/30/18 7:00,37.751,0.2938
20,5/30/18 8:00,38.7,0.2942
21,5/30/18 9:00,40.811,0.2942
22,5/30/18 10:00,43.671,0.2942
23,5/30/18 11:00,46.436,0.2942
24,5/30/18 12:00,49.516,0.2938
25,5/30/18 13:00,51.94,0.2935
26,5/30/18 14:00,53.908,0.2935
27,5/30/18 15:00,55.168,0.2935
28,5/30/18 16:00,54.43,0.2935
29,5/30/18 17:00,51.501,0.2949
30,5/30/18 18:00,49.116,0.2973
31,5/30/18 19:00,48.227,0.2973
32,5/30/18 20:00,47.064,0.297
33,5/30/18 21:00,45.534,0.297
34,5/30/18 22:00,44.173,0.2966
35,5/30/18 23:00,42.984,0.2966
36,5/31/18 0:00,41.878,0.2966
37,5/31/18 1:00,40.951,0.2963
38,5/31/18 2:00,40.204,0.2963
39,5/31/18 3:00,39.549,0.2963
40,5/31/18 4:00,38.889,0.2959
41,5/31/18 5:00,38.322,0.2959
42,5/31/18 6:00,37.942,0.2963
43,5/31/18 7:00,38.084,0.2963
44,5/31/18 8:00,38.842,0.2966
45,5/31/18 9:00,41.137,0.297
46,5/31/18 10:00,44.263,0.2963
47,5/31/18 11:00,47.334,0.2966
48,5/31/18 12:00,50.841,0.2963
49,5/31/18 13:00,53.602,0.2952
50,5/31/18 14:00,55.342,0.2946
51,5/31/18 15:00,56.556,0.2946
52,5/31/18 16:00,57.204,0.2942
53,5/31/18 17:00,56.988,0.2938
54,5/31/18 18:00,56.208,0.2942
55,5/31/18 19:00,54.561,0.2938
56,5/31/18 20:00,52.335,0.2935
57,5/31/18 21:00,50.356,0.2935
58,5/31/18 22:00,48.45,0.2938
59,5/31/18 23:00,46.796,0.2946
60,6/1/18 0:00,45.534,0.2942
61,6/1/18 1:00,44.355,0.2942
62,6/1/18 2:00,43.488,0.2942
63,6/1/18 3:00,42.663,0.2946
64,6/1/18 4:00,41.878,0.2946
65,6/1/18 5:00,40.951,0.2949
66,6/1/18 6:00,40.111,0.2942
67,6/1/18 7:00,39.924,0.2946
68,6/1/18 8:00,40.251,0.2949
69,6/1/18 9:00,41.693,0.2952
70,6/1/18 10:00,43.808,0.2949
71,6/1/18 11:00,46.436,0.2946
72,6/1/18 12:00,49.204,0.2949
73,6/1/18 13:00,52.115,0.2946
74,6/1/18 14:00,54.604,0.2942
75,6/1/18 15:00,56.035,0.2946
76,6/1/18 16:00,56.599,0.2942
77,6/1/18 17:00,55.863,0.2942
78,6/1/18 18:00,54.909,0.2935
79,6/1/18 19:00,53.472,0.2938
80,6/1/18 20:00,51.37,0.2932
81,6/1/18 21:00,49.294,0.2938
82,6/1/18 22:00,47.512,0.2935
83,6/1/18 23:00,46.076,0.2935
84,6/2/18 0:00,44.627,0.2935
85,6/2/18 1:00,43.351,0.2935
86,6/2/18 2:00,42.247,0.2935
87,6/2/18 3:00,41.23,0.2935
88,6/2/18 4:00,40.392,0.2935
89,6/2/18 5:00,39.69,0.2932
90,6/2/18 6:00,39.173,0.2935
91,6/2/18 7:00,39.267,0.2938
92,6/2/18 8:00,39.877,0.2938
93,6/2/18 9:00,42.064,0.2942
94,6/2/18 10:00,44.809,0.2942
95,6/2/18 11:00,47.959,0.2942
96,6/2/18 12:00,51.148,0.2938
97,6/2/18 13:00,54.82,0.2935
98,6/2/18 14:00,57.506,0.2932
99,6/2/18 15:00,59.185,0.2932
100,6/2/18 16:00,59.916,0.2928
101,6/2/18 17:00,59.959,0.2925
102,6/2/18 18:00,59.185,0.2922
103,6/2/18 19:00,57.592,0.2922
104,6/2/18 20:00,55.256,0.2922
105,6/2/18 21:00,53.078,0.2919
106,6/2/18 22:00,51.193,0.2919
107,6/2/18 23:00,49.428,0.2914
108,6/3/18 0:00,47.871,0.2922
109,6/3/18 1:00,46.436,0.2922
110,6/3/18 2:00,45.354,0.2922
111,6/3/18 3:00,44.263,0.2922
112,6/3/18 4:00,43.259,0.2925
113,6/3/18 5:00,42.433,0.2925
114,6/3/18 6:00,41.878,0.2922
115,6/3/18 7:00,41.693,0.2922
116,6/3/18 8:00,42.064,0.2925
117,6/3/18 9:00,43.853,0.2928
118,6/3/18 10:00,45.534,0.2925
119,6/3/18 11:00,47.736,0.2925
120,6/3/18 12:00,49.516,0.2928
121,6/3/18 13:00,50.709,0.2932
122,6/3/18 14:00,51.809,0.2925
123,6/3/18 15:00,52.903,0.2922
124,6/3/18 16:00,53.166,0.2922
125,6/3/18 17:00,52.378,0.2919
126,6/3/18 18:00,51.062,0.2914
127,6/3/18 19:00,50.18,0.2919
128,6/3/18 20:00,49.294,0.2914
129,6/3/18 21:00,48.004,0.2914
130,6/3/18 22:00,46.706,0.2919
131,6/3/18 23:00,45.444,0.2914
132,6/4/18 0:00,44.263,0.2919
133,6/4/18 1:00,43.351,0.2919
134,6/4/18 2:00,42.433,0.2914
135,6/4/18 3:00,41.554,0.2919
136,6/4/18 4:00,40.764,0.2922
137,6/4/18 5:00,40.111,0.2919
138,6/4/18 6:00,39.549,0.2922
139,6/4/18 7:00,39.83,0.2925
140,6/4/18 8:00,40.858,0.2925
141,6/4/18 9:00,43.167,0.2925
142,6/4/18 10:00,46.076,0.2925
143,6/4/18 11:00,49.161,0.2922
144,6/4/18 12:00,52.554,0.2919
145,6/4/18 13:00,55.776,0.2925
146,6/4/18 14:00,57.979,0.2922
147,6/4/18 15:00,58.928,0.2919
148,6/4/18 16:00,58.669,0.2919
149,6/4/18 17:00,58.842,0.2911
150,6/4/18 18:00,58.368,0.2908
151,6/4/18 19:00,56.944,0.2908
152,6/4/18 20:00,54.734,0.2904
153,6/4/18 21:00,52.772,0.2904
154,6/4/18 22:00,50.974,0.2904
155,6/4/18 23:00,49.428,0.2904
156,6/5/18 0:00,48.004,0.2904
157,6/5/18 1:00,46.751,0.2904
158,6/5/18 2:00,45.624,0.2904
159,6/5/18 3:00,44.627,0.2904
160,6/5/18 4:00,43.716,0.2908
161,6/5/18 5:00,42.892,0.2908
162,6/5/18 6:00,42.156,0.2908
163,6/5/18 7:00,42.247,0.2908
164,6/5/18 8:00,43.443,0.2908
165,6/5/18 9:00,45.761,0.2911
166,6/5/18 10:00,48.628,0.2908
167,6/5/18 11:00,51.633,0.2908
168,6/5/18 12:00,55.342,0.2911
169,6/5/18 13:00,57.247,0.2904
170,6/5/18 14:00,58.109,0.2901
171,6/5/18 15:00,59.142,0.2901
172,6/5/18 16:00,60.089,0.2901
173,6/5/18 17:00,60.433,0.2901
174,6/5/18 18:00,59.572,0.2898
175,6/5/18 19:00,57.807,0.289
176,6/5/18 20:00,55.776,0.2895
177,6/5/18 21:00,53.82,0.2887
178,6/5/18 22:00,52.115,0.2887
179,6/5/18 23:00,50.621,0.2887
180,6/6/18 0:00,49.116,0.2887
181,6/6/18 1:00,47.691,0.289
182,6/6/18 2:00,46.436,0.2887
183,6/6/18 3:00,45.354,0.289
184,6/6/18 4:00,44.263,0.289
185,6/6/18 5:00,43.306,0.2887
186,6/6/18 6:00,42.433,0.2887
187,6/6/18 7:00,42.8,0.2895
188,6/6/18 8:00,43.945,0.289
189,6/6/18 9:00,46.031,0.2898
190,6/6/18 10:00,48.583,0.289
191,6/6/18 11:00,51.458,0.2895
192,6/6/18 12:00,54.734,0.2887
193,6/6/18 13:00,58.239,0.2887
194,6/6/18 14:00,60.561,0.2887
195,6/6/18 15:00,61.677,0.2881
196,6/6/18 16:00,62.019,0.2884
197,6/6/18 17:00,61.72,0.2881
198,6/6/18 18:00,60.604,0.2877
199,6/6/18 19:00,59.056,0.2868
200,6/6/18 20:00,57.16,0.2874
201,6/6/18 21:00,55.081,0.2877
202,6/6/18 22:00,53.166,0.2874
203,6/6/18 23:00,51.413,0.2874
204,6/7/18 0:00,49.87,0.2868
205,6/7/18 1:00,48.672,0.2874
206,6/7/18 2:00,47.377,0.2877
207,6/7/18 3:00,46.211,0.2884
208,6/7/18 4:00,45.172,0.2887
209,6/7/18 5:00,44.263,0.289
210,6/7/18 6:00,43.534,0.2887
211,6/7/18 7:00,43.259,0.2877
212,6/7/18 8:00,44.037,0.2874
213,6/7/18 9:00,46.076,0.2874
214,6/7/18 10:00,48.493,0.2874
215,6/7/18 11:00,51.458,0.2874
216,6/7/18 12:00,54.516,0.2874
217,6/7/18 13:00,57.765,0.2881
218,6/7/18 14:00,60.303,0.2864
219,6/7/18 15:00,62.233,0.2868
220,6/7/18 16:00,62.791,0.2857
221,6/7/18 17:00,62.49,0.285
222,6/7/18 18:00,61.376,0.2847
223,6/7/18 19:00,59.401,0.285
224,6/7/18 20:00,56.988,0.284
225,6/7/18 21:00,54.865,0.284
226,6/7/18 22:00,52.817,0.2844
227,6/7/18 23:00,51.148,0.2844
228,6/8/18 0:00,49.649,0.284
229,6/8/18 1:00,48.227,0.284
230,6/8/18 2:00,47.064,0.2844
231,6/8/18 3:00,45.896,0.2844
232,6/8/18 4:00,44.809,0.2844
233,6/8/18 5:00,43.9,0.2844
234,6/8/18 6:00,43.075,0.2844
235,6/8/18 7:00,43.306,0.2844
236,6/8/18 8:00,44.492,0.2847
237,6/8/18 9:00,46.661,0.2847
238,6/8/18 10:00,49.383,0.2847
239,6/8/18 11:00,52.16,0.2844
240,6/8/18 12:00,54.909,0.284
241,6/8/18 13:00,57.463,0.2864
242,6/8/18 14:00,60.69,0.2834
243,6/8/18 15:00,62.791,0.2834
244,6/8/18 16:00,63.433,0.2824
245,6/8/18 17:00,63.133,0.2824
246,6/8/18 18:00,61.891,0.2817
247,6/8/18 19:00,59.916,0.284
248,6/8/18 20:00,57.506,0.281
249,6/8/18 21:00,55.256,0.2813
250,6/8/18 22:00,53.209,0.2813
251,6/8/18 23:00,51.325,0.281
252,6/9/18 0:00,49.737,0.2813
253,6/9/18 1:00,48.315,0.281
254,6/9/18 2:00,46.974,0.2813
255,6/9/18 3:00,45.851,0.2813
256,6/9/18 4:00,44.809,0.281
257,6/9/18 5:00,43.9,0.281
258,6/9/18 6:00,43.075,0.281
259,6/9/18 7:00,43.306,0.2821
260,6/9/18 8:00,44.582,0.2821
261,6/9/18 9:00,46.841,0.2821
262,6/9/18 10:00,49.604,0.2813
263,6/9/18 11:00,52.729,0.2806
264,6/9/18 12:00,57.247,0.2821
265,6/9/18 13:00,59.959,0.28
266,6/9/18 14:00,62.148,0.2806
267,6/9/18 15:00,63.39,0.279
268,6/9/18 16:00,63.648,0.279
269,6/9/18 17:00,63.475,0.2793
270,6/9/18 18:00,62.233,0.2783
271,6/9/18 19:00,60.217,0.2786
272,6/9/18 20:00,57.807,0.2776
273,6/9/18 21:00,55.69,0.277
274,6/9/18 22:00,53.69,0.2773
275,6/9/18 23:00,51.94,0.2773
276,6/10/18 0:00,50.709,0.2783
277,6/10/18 1:00,49.561,0.277
278,6/10/18 2:00,48.538,0.2776
279,6/10/18 3:00,47.602,0.277
280,6/10/18 4:00,46.796,0.277
281,6/10/18 5:00,45.851,0.277
282,6/10/18 6:00,44.991,0.277
283,6/10/18 7:00,45.127,0.277
284,6/10/18 8:00,45.761,0.2773
285,6/10/18 9:00,47.334,0.2803
286,6/10/18 10:00,49.737,0.277
287,6/10/18 11:00,52.686,0.2773
288,6/10/18 12:00,57.074,0.2766
289,6/10/18 13:00,59.745,0.2759
290,6/10/18 14:00,61.547,0.2756
291,6/10/18 15:00,62.49,0.2763
292,6/10/18 16:00,62.875,0.2766
293,6/10/18 17:00,62.49,0.2766
294,6/10/18 18:00,61.205,0.2763
295,6/10/18 19:00,59.272,0.2759
296,6/10/18 20:00,56.988,0.2743
297,6/10/18 21:00,55.038,0.2743
298,6/10/18 22:00,53.384,0.2753
299,6/10/18 23:00,51.721,0.2736
300,6/11/18 0:00,50.356,0.2739
301,6/11/18 1:00,48.938,0.2739
302,6/11/18 2:00,47.871,0.2736
303,6/11/18 3:00,47.064,0.2739
304,6/11/18 4:00,46.166,0.2759
305,6/11/18 5:00,44.991,0.2759
306,6/11/18 6:00,44.037,0.2743
307,6/11/18 7:00,44.218,0.2739
308,6/11/18 8:00,45.262,0.2743
309,6/11/18 9:00,47.289,0.2759
310,6/11/18 10:00,49.914,0.2739
311,6/11/18 11:00,52.817,0.2729
312,6/11/18 12:00,56.728,0.2732
313,6/11/18 13:00,60.433,0.2732
314,6/11/18 14:00,62.362,0.2722
315,6/11/18 15:00,63.946,0.2732
316,6/11/18 16:00,64.375,0.2732
317,6/11/18 17:00,63.99,0.2722
318,6/11/18 18:00,62.704,0.2722
319,6/11/18 19:00,60.433,0.2736
320,6/11/18 20:00,57.936,0.2712
321,6/11/18 21:00,55.602,0.2712
322,6/11/18 22:00,53.472,0.2712
323,6/11/18 23:00,51.678,0.2712
324,6/12/18 0:00,50.092,0.2712
325,6/12/18 1:00,48.85,0.2719
326,6/12/18 2:00,47.647,0.2719
327,6/12/18 3:00,46.436,0.2719
328,6/12/18 4:00,45.354,0.2719
329,6/12/18 5:00,44.445,0.2719
330,6/12/18 6:00,43.534,0.2715
331,6/12/18 7:00,44.173,0.2722
332,6/12/18 8:00,45.579,0.2726
333,6/12/18 9:00,47.871,0.2729
334,6/12/18 10:00,50.797,0.2722
335,6/12/18 11:00,53.908,0.2701
336,6/12/18 12:00,59.099,0.2698
337,6/12/18 13:00,62.191,0.2694
338,6/12/18 14:00,64.204,0.2691
339,6/12/18 15:00,65.145,0.2684
340,6/12/18 16:00,65.615,0.2684
341,6/12/18 17:00,64.204,0.2694
342,6/12/18 18:00,62.791,0.2684
343,6/12/18 19:00,61.205,0.2653
344,6/12/18 20:00,59.229,0.2653
345,6/12/18 21:00,56.988,0.2653
346,6/12/18 22:00,54.995,0.2653
347,6/12/18 23:00,53.253,0.2653
348,6/13/18 0:00,51.764,0.2657
349,6/13/18 1:00,50.445,0.2657
350,6/13/18 2:00,49.204,0.2653
351,6/13/18 3:00,48.137,0.2657
352,6/13/18 4:00,47.154,0.2657
353,6/13/18 5:00,46.256,0.2657
354,6/13/18 6:00,45.354,0.2657
355,6/13/18 7:00,45.896,0.2657
356,6/13/18 8:00,47.244,0.2653
357,6/13/18 9:00,49.516,0.2653
358,6/13/18 10:00,52.335,0.265
359,6/13/18 11:00,55.819,0.2642
360,6/13/18 12:00,60.861,0.2635
361,6/13/18 13:00,63.648,0.2624
362,6/13/18 14:00,65.788,0.2624
363,6/13/18 15:00,66.558,0.2639
364,6/13/18 16:00,66.643,0.2618
365,6/13/18 17:00,66.214,0.2611
366,6/13/18 18:00,64.76,0.2615
367,6/13/18 19:00,62.661,0.2607
368,6/13/18 20:00,60.517,0.2607
369,6/13/18 21:00,58.582,0.2607
370,6/13/18 22:00,56.512,0.2607
371,6/13/18 23:00,55.213,0.2607
372,6/14/18 0:00,54.169,0.2607
373,6/14/18 1:00,53.121,0.2607
374,6/14/18 2:00,52.115,0.2607
375,6/14/18 3:00,51.501,0.2604
376,6/14/18 4:00,50.709,0.2604
377,6/14/18 5:00,50.135,0.2604
378,6/14/18 6:00,49.737,0.2607
379,6/14/18 7:00,49.87,0.2607
380,6/14/18 8:00,50.092,0.2604
381,6/14/18 9:00,51.458,0.26
382,6/14/18 10:00,53.908,0.2596
383,6/14/18 11:00,56.512,0.2589
384,6/14/18 12:00,60.346,0.2585
385,6/14/18 13:00,64.033,0.2579
386,6/14/18 14:00,65.615,0.2571
387,6/14/18 15:00,65.53,0.2564
388,6/14/18 16:00,65.872,0.256
389,6/14/18 17:00,65.23,0.2557
390,6/14/18 18:00,63.903,0.2546
391,6/14/18 19:00,62.019,0.2542
392,6/14/18 20:00,60.046,0.2542
393,6/14/18 21:00,58.195,0.2546
394,6/14/18 22:00,56.728,0.2553
395,6/14/18 23:00,55.081,0.2553
396,6/15/18 0:00,53.776,0.2553
397,6/15/18 1:00,52.423,0.2553
398,6/15/18 2:00,51.193,0.2553
399,6/15/18 3:00,50.18,0.2553
400,6/15/18 4:00,49.294,0.2557
401,6/15/18 5:00,48.36,0.2553
402,6/15/18 6:00,47.512,0.2557
403,6/15/18 7:00,47.826,0.2553
404,6/15/18 8:00,48.938,0.2553
405,6/15/18 9:00,50.841,0.2546
406,6/15/18 10:00,53.298,0.2538
407,6/15/18 11:00,55.69,0.2534
408,6/15/18 12:00,60.174,0.252
409,6/15/18 13:00,63.475,0.2509
410,6/15/18 14:00,64.375,0.2505
411,6/15/18 15:00,64.632,0.2502
412,6/15/18 16:00,65.829,0.2494
413,6/15/18 17:00,65.745,0.249
414,6/15/18 18:00,64.674,0.2487
415,6/15/18 19:00,62.533,0.2483
416,6/15/18 20:00,60.433,0.2483
417,6/15/18 21:00,58.455,0.2479
418,6/15/18 22:00,56.988,0.2487
419,6/15/18 23:00,55.863,0.2483
420,6/16/18 0:00,54.82,0.2483
421,6/16/18 1:00,53.951,0.2483
422,6/16/18 2:00,53.253,0.2483
423,6/16/18 3:00,52.597,0.2483
424,6/16/18 4:00,51.984,0.2479
425,6/16/18 5:00,51.413,0.2483
426,6/16/18 6:00,50.709,0.2479
427,6/16/18 7:00,50.268,0.2479
428,6/16/18 8:00,50.709,0.2479
429,6/16/18 9:00,51.895,0.2475
430,6/16/18 10:00,52.246,0.2468
431,6/16/18 11:00,53.341,0.2468
432,6/16/18 12:00,54.516,0.2464
433,6/16/18 13:00,54.777,0.2464
434,6/16/18 14:00,54.691,0.2418
435,6/16/18 15:00,55.299,0.2414
436,6/16/18 16:00,56.426,0.241
437,6/16/18 17:00,57.29,0.2406
438,6/16/18 18:00,56.728,0.243
439,6/16/18 19:00,55.558,0.2406
440,6/16/18 20:00,54.691,0.2406
441,6/16/18 21:00,53.645,0.2418
442,6/16/18 22:00,52.817,0.2406
443,6/16/18 23:00,52.115,0.2406
444,6/17/18 0:00,51.501,0.2406
445,6/17/18 1:00,50.709,0.2468
446,6/17/18 2:00,50.356,0.2456
447,6/17/18 3:00,50.002,0.2456
448,6/17/18 4:00,49.428,0.2479
449,6/17/18 5:00,48.85,0.252
450,6/17/18 6:00,48.36,0.2516
451,6/17/18 7:00,48.182,0.2516
452,6/17/18 8:00,48.405,0.252
453,6/17/18 9:00,48.85,0.2524
454,6/17/18 10:00,49.471,0.2528
455,6/17/18 11:00,51.148,0.2538
456,6/17/18 12:00,53.341,0.2534
457,6/17/18 13:00,55.776,0.2534
458,6/17/18 14:00,58.669,0.2532
459,6/17/18 15:00,59.572,0.2528
460,6/17/18 16:00,58.109,0.255
461,6/17/18 17:00,56.512,0.2567
462,6/17/18 18:00,55.949,0.2571
463,6/17/18 19:00,55.906,0.2589
464,6/17/18 20:00,55.256,0.2604
465,6/17/18 21:00,54.343,0.2615
466,6/17/18 22:00,53.427,0.2621
467,6/17/18 23:00,52.686,0.2628
468,6/18/18 0:00,51.895,0.2646
469,6/18/18 1:00,51.105,0.265
470,6/18/18 2:00,50.223,0.2657
471,6/18/18 3:00,49.294,0.2666
472,6/18/18 4:00,48.493,0.267
473,6/18/18 5:00,47.871,0.2677
474,6/18/18 6:00,47.512,0.268
475,6/18/18 7:00,47.467,0.2687
476,6/18/18 8:00,47.871,0.2694
477,6/18/18 9:00,48.938,0.2698
478,6/18/18 10:00,51.458,0.2701
479,6/18/18 11:00,53.994,0.2701
480,6/18/18 12:00,56.34,0.2698
481,6/18/18 13:00,60.046,0.2694
482,6/18/18 14:00,62.362,0.2691
483,6/18/18 15:00,63.005,0.2687
484,6/18/18 16:00,63.304,0.2684
485,6/18/18 17:00,62.533,0.268
486,6/18/18 18:00,61.419,0.268
487,6/18/18 19:00,59.616,0.2673
488,6/18/18 20:00,57.636,0.2673
489,6/18/18 21:00,55.776,0.2673
490,6/18/18 22:00,53.951,0.2673
491,6/18/18 23:00,52.378,0.2673
492,6/19/18 0:00,50.886,0.2673
493,6/19/18 1:00,49.604,0.2673
494,6/19/18 2:00,48.405,0.2673
495,6/19/18 3:00,47.334,0.2677
496,6/19/18 4:00,46.346,0.2677
497,6/19/18 5:00,45.624,0.268
498,6/19/18 6:00,44.719,0.2677
499,6/19/18 7:00,44.901,0.268
500,6/19/18 8:00,45.851,0.2684
501,6/19/18 9:00,47.826,0.2684
502,6/19/18 10:00,50.445,0.268
503,6/19/18 11:00,53.253,0.2677
504,6/19/18 12:00,56.772,0.267
505,6/19/18 13:00,61.075,0.2666
506,6/19/18 14:00,63.475,0.2657
507,6/19/18 15:00,64.459,0.265
508,6/19/18 16:00,64.375,0.2642
509,6/19/18 17:00,63.732,0.2639
510,6/19/18 18:00,62.362,0.2632
511,6/19/18 19:00,60.174,0.2624
512,6/19/18 20:00,57.936,0.2618
513,6/19/18 21:00,55.863,0.2618
514,6/19/18 22:00,54.037,0.2618
515,6/19/18 23:00,52.335,0.2618
516,6/20/18 0:00,50.886,0.2615
517,6/20/18 1:00,49.516,0.2615
518,6/20/18 2:00,48.315,0.2615
519,6/20/18 3:00,47.244,0.2618
520,6/20/18 4:00,46.346,0.2618
521,6/20/18 5:00,45.444,0.2618
522,6/20/18 6:00,44.582,0.2618
523,6/20/18 7:00,44.809,0.2621
524,6/20/18 8:00,45.851,0.2624
525,6/20/18 9:00,47.781,0.2628
526,6/20/18 10:00,50.356,0.2628
527,6/20/18 11:00,53.384,0.2628
528,6/20/18 12:00,56.944,0.2618
529,6/20/18 13:00,62.276,0.2615
530,6/20/18 14:00,65.017,0.2604
531,6/20/18 15:00,66.9,0.2596
532,6/20/18 16:00,67.199,0.2592
533,6/20/18 17:00,66.385,0.2582
534,6/20/18 18:00,64.845,0.2582
535,6/20/18 19:00,62.661,0.2571
536,6/20/18 20:00,60.26,0.2564
537,6/20/18 21:00,57.979,0.256
538,6/20/18 22:00,55.949,0.2567
539,6/20/18 23:00,54.212,0.2567
540,6/21/18 0:00,52.641,0.2567
541,6/21/18 1:00,51.325,0.2564
542,6/21/18 2:00,50.002,0.2571
543,6/21/18 3:00,48.895,0.2571
544,6/21/18 4:00,47.959,0.2571
545,6/21/18 5:00,47.064,0.256
546,6/21/18 6:00,46.256,0.256
547,6/21/18 7:00,46.526,0.2571
548,6/21/18 8:00,47.691,0.2564
549,6/21/18 9:00,49.87,0.2567
550,6/21/18 10:00,52.597,0.256
551,6/21/18 11:00,55.819,0.256
552,6/21/18 12:00,60.303,0.2553
553,6/21/18 13:00,65.017,0.2546
554,6/21/18 14:00,67.329,0.2534
555,6/21/18 15:00,68.614,0.2532
556,6/21/18 16:00,68.698,0.2528
557,6/21/18 17:00,67.757,0.2516
558,6/21/18 18:00,66.173,0.2512
559,6/21/18 19:00,63.99,0.2509
560,6/21/18 20:00,61.547,0.2505
561,6/21/18 21:00,59.229,0.2509
562,6/21/18 22:00,57.247,0.2505
563,6/21/18 23:00,55.776,0.2509
564,6/22/18 0:00,54.648,0.2509
565,6/22/18 1:00,53.733,0.2505
566,6/22/18 2:00,52.817,0.2509
567,6/22/18 3:00,51.589,0.2509
568,6/22/18 4:00,50.268,0.2505
569,6/22/18 5:00,49.028,0.2505
570,6/22/18 6:00,47.871,0.2509
571,6/22/18 7:00,48.049,0.2512
572,6/22/18 8:00,49.204,0.2512
573,6/22/18 9:00,50.356,0.2509
574,6/22/18 10:00,51.852,0.2502
575,6/22/18 11:00,54.126,0.2502
576,6/22/18 12:00,58.066,0.2494
577,6/22/18 13:00,60.39,0.2479
578,6/22/18 14:00,60.474,0.2483
579,6/22/18 15:00,60.217,0.2479
580,6/22/18 16:00,60.733,0.2471
581,6/22/18 17:00,60.517,0.2471
582,6/22/18 18:00,59.358,0.2468
583,6/22/18 19:00,57.85,0.2464
584,6/22/18 20:00,56.035,0.2464
585,6/22/18 21:00,54.169,0.2464
586,6/22/18 22:00,52.378,0.2464
587,6/22/18 23:00,50.974,0.2464
588,6/23/18 0:00,49.737,0.2464
589,6/23/18 1:00,48.493,0.2464
590,6/23/18 2:00,47.422,0.2468
591,6/23/18 3:00,46.436,0.2468
592,6/23/18 4:00,45.534,0.2468
593,6/23/18 5:00,44.719,0.2468
594,6/23/18 6:00,43.808,0.2471
595,6/23/18 7:00,44.263,0.2471
596,6/23/18 8:00,45.534,0.2468
597,6/23/18 9:00,47.826,0.2468
598,6/23/18 10:00,50.709,0.246
599,6/23/18 11:00,53.865,0.2456
600,6/23/18 12:00,57.16,0.2445
601,6/23/18 13:00,62.834,0.2437
602,6/23/18 14:00,65.444,0.2425
603,6/23/18 15:00,66.729,0.2418
604,6/23/18 16:00,66.686,0.2414
605,6/23/18 17:00,66.043,0.2403
606,6/23/18 18:00,64.546,0.2399
607,6/23/18 19:00,62.062,0.2399
608,6/23/18 20:00,59.745,0.2399
609,6/23/18 21:00,57.893,0.2399
610,6/23/18 22:00,56.295,0.2399
611,6/23/18 23:00,54.909,0.2399
612,6/24/18 0:00,53.865,0.2399
613,6/24/18 1:00,52.992,0.2399
614,6/24/18 2:00,52.029,0.2394
615,6/24/18 3:00,51.325,0.2399
616,6/24/18 4:00,50.311,0.2399
617,6/24/18 5:00,49.649,0.2399
618,6/24/18 6:00,49.116,0.2399
619,6/24/18 7:00,49.116,0.2394
620,6/24/18 8:00,49.959,0.2399
621,6/24/18 9:00,51.633,0.239
622,6/24/18 10:00,53.69,0.2383
623,6/24/18 11:00,56.295,0.2374
624,6/24/18 12:00,57.117,0.2367
625,6/24/18 13:00,59.142,0.2358
626,6/24/18 14:00,60.003,0.2351
627,6/24/18 15:00,61.848,0.2347
628,6/24/18 16:00,63.219,0.2335
629,6/24/18 17:00,62.533,0.233
630,6/24/18 18:00,61.59,0.2327
631,6/24/18 19:00,59.659,0.2323
632,6/24/18 20:00,57.29,0.2327
633,6/24/18 21:00,55.081,0.233
634,6/24/18 22:00,53.384,0.2335
635,6/24/18 23:00,51.764,0.2335
636,6/25/18 0:00,50.356,0.233
637,6/25/18 1:00,49.073,0.2335
638,6/25/18 2:00,48.049,0.2335
639,6/25/18 3:00,46.974,0.2335
640,6/25/18 4:00,45.986,0.233
641,6/25/18 5:00,45.082,0.2335
642,6/25/18 6:00,44.445,0.2335
643,6/25/18 7:00,44.809,0.2335
644,6/25/18 8:00,46.166,0.2327
645,6/25/18 9:00,48.583,0.2315
646,6/25/18 10:00,51.589,0.2311
647,6/25/18 11:00,55.125,0.2299
648,6/25/18 12:00,60.604,0.2286
649,6/25/18 13:00,64.76,0.2274
650,6/25/18 14:00,67.114,0.2257
651,6/25/18 15:00,68.614,0.2245
652,6/25/18 16:00,68.742,0.2232
653,6/25/18 17:00,67.928,0.2229
654,6/25/18 18:00,65.959,0.2229
655,6/25/18 19:00,63.433,0.2219
656,6/25/18 20:00,60.604,0.2219
657,6/25/18 21:00,58.109,0.2229
658,6/25/18 22:00,55.863,0.2229
659,6/25/18 23:00,53.865,0.2232
660,6/26/18 0:00,52.115,0.2232
661,6/26/18 1:00,50.797,0.2237
662,6/26/18 2:00,49.782,0.2237
663,6/26/18 3:00,48.672,0.2237
664,6/26/18 4:00,47.781,0.2237
665,6/26/18 5:00,46.974,0.2237
666,6/26/18 6:00,46.256,0.2241
667,6/26/18 7:00,46.706,0.2232
668,6/26/18 8:00,48.137,0.2224
669,6/26/18 9:00,50.445,0.2216
670,6/26/18 10:00,53.602,0.2203
671,6/26/18 11:00,58.582,0.2185
672,6/26/18 12:00,63.475,0.2169
673,6/26/18 13:00,67.456,0.2148
674,6/26/18 14:00,69.643,0.2131
675,6/26/18 15:00,70.759,0.2126
676,6/26/18 16:00,70.93,0.2109
677,6/26/18 17:00,70.502,0.2095
678,6/26/18 18:00,68.571,0.21
679,6/26/18 19:00,65.959,0.2095
680,6/26/18 20:00,62.962,0.2095
681,6/26/18 21:00,60.39,0.21
682,6/26/18 22:00,58.195,0.2104
683,6/26/18 23:00,56.469,0.2109
684,6/27/18 0:00,54.82,0.2104
685,6/27/18 1:00,53.253,0.2104
686,6/27/18 2:00,51.852,0.2109
687,6/27/18 3:00,50.533,0.2109
688,6/27/18 4:00,49.294,0.2104
689,6/27/18 5:00,48.315,0.2109
690,6/27/18 6:00,47.422,0.2109
691,6/27/18 7:00,47.959,0.2109
692,6/27/18 8:00,49.471,0.2104
693,6/27/18 9:00,51.984,0.2095
694,6/27/18 10:00,55.213,0.2083
695,6/27/18 11:00,61.032,0.2061
696,6/27/18 12:00,61.848,0.2043
697,6/27/18 13:00,64.76,0.2026
698,6/27/18 14:00,67.329,0.2017
699,6/27/18 15:00,69.557,0.2003
700,6/27/18 16:00,69.942,0.199
701,6/27/18 17:00,69.3,0.1981
702,6/27/18 18:00,67.671,0.1976
703,6/27/18 19:00,65.188,0.1972
704,6/27/18 20:00,62.319,0.1972
705,6/27/18 21:00,59.83,0.1972
706,6/27/18 22:00,57.679,0.1976
707,6/27/18 23:00,55.863,0.1981
708,6/28/18 0:00,54.212,0.1981
709,6/28/18 1:00,52.686,0.1981
710,6/28/18 2:00,51.325,0.1985
711,6/28/18 3:00,50.18,0.1985
712,6/28/18 4:00,49.028,0.1985
713,6/28/18 5:00,47.959,0.1985
714,6/28/18 6:00,47.064,0.199
715,6/28/18 7:00,47.467,0.1985
716,6/28/18 8:00,48.895,0.1976
717,6/28/18 9:00,51.501,0.1967
718,6/28/18 10:00,54.691,0.1958
719,6/28/18 11:00,59.445,0.1935
720,6/28/18 12:00,64.674,0.1917
721,6/28/18 13:00,68.013,0.1898
722,6/28/18 14:00,70.587,0.182
723,6/28/18 15:00,71.533,0.1813
724,6/28/18 16:00,71.447,0.1797
725,6/28/18 17:00,70.459,0.1783
726,6/28/18 18:00,68.27,0.1769
727,6/28/18 19:00,65.574,0.1765
728,6/28/18 20:00,63.09,0.1762
729,6/28/18 21:00,60.948,0.1762
730,6/28/18 22:00,59.056,0.184
731,6/28/18 23:00,57.42,0.1756
732,6/29/18 0:00,56.035,0.1836
733,6/29/18 1:00,54.387,0.1862
734,6/29/18 2:00,52.554,0.1843
735,6/29/18 3:00,50.974,0.1859
736,6/29/18 4:00,49.604,0.1853
737,6/29/18 5:00,48.405,0.1849
738,6/29/18 6:00,47.154,0.184
739,6/29/18 7:00,47.512,0.1843
740,6/29/18 8:00,48.628,0.1803
741,6/29/18 9:00,50.752,0.1816
742,6/29/18 10:00,53.69,0.1756
743,6/29/18 11:00,58.325,0.1797
744,6/29/18 12:00,63.518,0.1724
745,6/29/18 13:00,67.627,0.1699
746,6/29/18 14:00,70.329,0.1685
747,6/29/18 15:00,71.704,0.1752
748,6/29/18 16:00,71.661,0.1656
749,6/29/18 17:00,70.716,0.1648
750,6/29/18 18:00,68.828,0.1703
751,6/29/18 19:00,66.043,0.1681
752,6/29/18 20:00,63.005,0.1623
753,6/29/18 21:00,60.346,0.1623
754,6/29/18 22:00,57.936,0.1623
755,6/29/18 23:00,55.776,0.1728
756,6/30/18 0:00,53.951,0.1699
757,6/30/18 1:00,52.203,0.1667
758,6/30/18 2:00,50.709,0.1629
759,6/30/18 3:00,49.294,0.1689
760,6/30/18 4:00,48.227,0.1634
761,6/30/18 5:00,47.064,0.1746
762,6/30/18 6:00,46.076,0.1752
763,6/30/18 7:00,46.571,0.1638
764,6/30/18 8:00,47.826,0.1752
765,6/30/18 9:00,50.223,0.1629
766,6/30/18 10:00,53.078,0.1629
767,6/30/18 11:00,56.599,0.1681
768,6/30/18 12:00,61.547,0.16
769,6/30/18 13:00,66.472,0.1585
770,6/30/18 14:00,69.514,0.1566
771,6/30/18 15:00,69.942,0.1551
772,6/30/18 16:00,69.858,0.1547
773,6/30/18 17:00,68.999,0.1532
774,6/30/18 18:00,67.329,0.1629
775,6/30/18 19:00,64.717,0.159
776,6/30/18 20:00,61.804,0.1604
777,6/30/18 21:00,59.272,0.1623
778,6/30/18 22:00,57.074,0.1623
779,6/30/18 23:00,55.081,0.1519
780,7/1/18 0:00,53.427,0.1623
781,7/1/18 1:00,51.852,0.1642
782,7/1/18 2:00,50.356,0.1642
783,7/1/18 3:00,49.073,0.1642
784,7/1/18 4:00,47.871,0.1656
785,7/1/18 5:00,46.706,0.1652
786,7/1/18 6:00,45.624,0.1656
787,7/1/18 7:00,45.986,0.1656
788,7/1/18 8:00,47.422,0.1656
789,7/1/18 9:00,49.959,0.1642
790,7/1/18 10:00,52.903,0.1638
791,7/1/18 11:00,56.208,0.1615
792,7/1/18 12:00,61.977,0.1581
793,7/1/18 13:00,66.9,0.149
794,7/1/18 14:00,69.6,0.147
795,7/1/18 15:00,70.93,0.1466
796,7/1/18 16:00,71.017,0.1475
797,7/1/18 17:00,70.543,0.1441
798,7/1/18 18:00,68.913,0.1441
799,7/1/18 19:00,65.959,0.143
800,7/1/18 20:00,62.748,0.1425
801,7/1/18 21:00,59.916,0.1538
802,7/1/18 22:00,57.42,0.1547
803,7/1/18 23:00,55.213,0.1527
804,7/2/18 0:00,53.209,0.1547
805,7/2/18 1:00,51.678,0.143
806,7/2/18 2:00,50.268,0.1551
807,7/2/18 3:00,48.762,0.145
808,7/2/18 4:00,47.512,0.1532
809,7/2/18 5:00,46.346,0.1551
810,7/2/18 6:00,45.354,0.1558
811,7/2/18 7:00,45.669,0.1441
812,7/2/18 8:00,47.289,0.157
813,7/2/18 9:00,49.87,0.1551
814,7/2/18 10:00,53.515,0.1538
815,7/2/18 11:00,58.239,0.1519
816,7/2/18 12:00,63.09,0.1412
817,7/2/18 13:00,68.056,0.149
818,7/2/18 14:00,71.274,0.1479
819,7/2/18 15:00,72.307,0.149
820,7/2/18 16:00,72.093,0.137
821,7/2/18 17:00,71.361,0.145
822,7/2/18 18:00,69.643,0.1459
823,7/2/18 19:00,66.729,0.1352
824,7/2/18 20:00,63.433,0.1347
825,7/2/18 21:00,60.604,0.1342
826,7/2/18 22:00,58.282,0.1479
827,7/2/18 23:00,56.295,0.1412
828,7/3/18 0:00,54.387,0.1484
829,7/3/18 1:00,52.641,0.149
830,7/3/18 2:00,51.148,0.1479
831,7/3/18 3:00,49.825,0.1484
832,7/3/18 4:00,48.672,0.145
833,7/3/18 5:00,47.512,0.147
834,7/3/18 6:00,46.886,0.137
835,7/3/18 7:00,47.467,0.1357
836,7/3/18 8:00,48.805,0.1484
837,7/3/18 9:00,51.282,0.1484
838,7/3/18 10:00,54.561,0.1352
839,7/3/18 11:00,59.056,0.1455
840,7/3/18 12:00,63.732,0.1425
841,7/3/18 13:00,68.27,0.1421
842,7/3/18 14:00,71.447,0.1421
843,7/3/18 15:00,72.05,0.1416
844,7/3/18 16:00,70.543,0.1396
845,7/3/18 17:00,67.543,0.1307
846,7/3/18 18:00,66.13,0.1331
847,7/3/18 19:00,64.375,0.1347
848,7/3/18 20:00,62.362,0.1331
849,7/3/18 21:00,60.346,0.1266
850,7/3/18 22:00,58.755,0.1352
851,7/3/18 23:00,56.901,0.1421
852,7/4/18 0:00,55.125,0.1266
853,7/4/18 1:00,53.472,0.1326
854,7/4/18 2:00,52.115,0.1266
855,7/4/18 3:00,50.797,0.1421
856,7/4/18 4:00,49.737,0.1421
857,7/4/18 5:00,48.672,0.1425
858,7/4/18 6:00,47.647,0.1276
859,7/4/18 7:00,48.004,0.1281
860,7/4/18 8:00,49.294,0.1285
861,7/4/18 9:00,51.764,0.1276
862,7/4/18 10:00,54.995,0.137
863,7/4/18 11:00,57.679,0.1271
864,7/4/18 12:00,62.791,0.1382
865,7/4/18 13:00,64.931,0.1387
866,7/4/18 14:00,66.385,0.1382
867,7/4/18 15:00,68.956,0.1382
868,7/4/18 16:00,70.846,0.1366
869,7/4/18 17:00,71.231,0.1331
870,7/4/18 18:00,70.502,0.1297
871,7/4/18 19:00,67.671,0.1347
872,7/4/18 20:00,64.204,0.1331
873,7/4/18 21:00,61.333,0.1352
874,7/4/18 22:00,59.272,0.1352
875,7/4/18 23:00,57.636,0.1347
876,7/5/18 0:00,56.469,0.1335
877,7/5/18 1:00,55.256,0.1352
878,7/5/18 2:00,53.69,0.1251
879,7/5/18 3:00,52.291,0.1256
880,7/5/18 4:00,51.062,0.1256
881,7/5/18 5:00,50.002,0.1214
882,7/5/18 6:00,49.116,0.1361
883,7/5/18 7:00,49.428,0.1361
884,7/5/18 8:00,50.886,0.1352
885,7/5/18 9:00,52.86,0.1352
886,7/5/18 10:00,55.906,0.1297
887,7/5/18 11:00,60.904,0.1326
888,7/5/18 12:00,63.219,0.1335
889,7/5/18 13:00,62.019,0.1297
890,7/5/18 14:00,66.043,0.1312
891,7/5/18 15:00,64.332,0.1302
892,7/5/18 16:00,62.233,0.1317
893,7/5/18 17:00,61.804,0.129
894,7/5/18 18:00,62.019,0.1297
895,7/5/18 19:00,61.72,0.129
896,7/5/18 20:00,60.003,0.129
897,7/5/18 21:00,58.368,0.1285
898,7/5/18 22:00,56.901,0.1285
899,7/5/18 23:00,55.342,0.129
900,7/6/18 0:00,53.865,0.129
901,7/6/18 1:00,52.335,0.1321
902,7/6/18 2:00,51.148,0.1302
903,7/6/18 3:00,50.18,0.1302
904,7/6/18 4:00,49.204,0.1312
905,7/6/18 5:00,48.182,0.1321
906,7/6/18 6:00,47.334,0.1321
907,7/6/18 7:00,47.691,0.1317
908,7/6/18 8:00,49.338,0.1312
909,7/6/18 9:00,51.764,0.1307
910,7/6/18 10:00,55.038,0.1297
911,7/6/18 11:00,60.991,0.1285
912,7/6/18 12:00,62.233,0.1285
913,7/6/18 13:00,64.375,0.1285
914,7/6/18 14:00,68.313,0.1281
915,7/6/18 15:00,70.673,0.1276
916,7/6/18 16:00,71.49,0.1271
917,7/6/18 17:00,70.93,0.1266
918,7/6/18 18:00,68.443,0.1261
919,7/6/18 19:00,66.472,0.1261
920,7/6/18 20:00,64.204,0.1251
921,7/6/18 21:00,61.72,0.129
922,7/6/18 22:00,59.529,0.1297
923,7/6/18 23:00,57.506,0.1297
924,7/7/18 0:00,55.733,0.1302
925,7/7/18 1:00,54.212,0.1302
926,7/7/18 2:00,52.903,0.1302
927,7/7/18 3:00,51.589,0.1307
928,7/7/18 4:00,50.533,0.1307
929,7/7/18 5:00,49.471,0.1302
930,7/7/18 6:00,48.493,0.1307
931,7/7/18 7:00,48.762,0.1307
932,7/7/18 8:00,50.18,0.1297
933,7/7/18 9:00,52.686,0.129
934,7/7/18 10:00,55.906,0.1285
935,7/7/18 11:00,59.142,0.1276
936,7/7/18 12:00,61.977,0.1261
937,7/7/18 13:00,68.828,0.1261
938,7/7/18 14:00,69.471,0.1256
939,7/7/18 15:00,69.042,0.1251
940,7/7/18 16:00,67.329,0.1246
941,7/7/18 17:00,64.974,0.1256
942,7/7/18 18:00,62.447,0.1251
943,7/7/18 19:00,60.26,0.1209
944,7/7/18 20:00,58.325,0.1174
945,7/7/18 21:00,56.944,0.1179
946,7/7/18 22:00,55.515,0.1184
947,7/7/18 23:00,53.994,0.1189
948,7/8/18 0:00,52.466,0.1194
949,7/8/18 1:00,51.237,0.1194
950,7/8/18 2:00,50.18,0.1199
951,7/8/18 3:00,49.294,0.1204
952,7/8/18 4:00,48.405,0.1204
953,7/8/18 5:00,47.691,0.1204
954,7/8/18 6:00,47.064,0.1204
955,7/8/18 7:00,47.154,0.1204
956,7/8/18 8:00,48.672,0.1199
957,7/8/18 9:00,50.709,0.1199
958,7/8/18 10:00,54.343,0.1184
959,7/8/18 11:00,59.445,0.1189
960,7/8/18 12:00,65.701,0.1189
961,7/8/18 13:00,70.416,0.1194
962,7/8/18 14:00,70.201,0.1199
963,7/8/18 15:00,67.543,0.1209
964,7/8/18 16:00,64.117,0.1224
965,7/8/18 17:00,61.29,0.1194
966,7/8/18 18:00,59.229,0.1138
967,7/8/18 19:00,57.85,0.1159
968,7/8/18 20:00,56.944,0.1164
969,7/8/18 21:00,55.819,0.1169
970,7/8/18 22:00,54.777,0.1169
971,7/8/18 23:00,53.865,0.1169
972,7/9/18 0:00,52.992,0.1174
973,7/9/18 1:00,52.291,0.1174
974,7/9/18 2:00,51.413,0.1179
975,7/9/18 3:00,50.268,0.1184
976,7/9/18 4:00,49.116,0.1189
977,7/9/18 5:00,47.959,0.1189
978,7/9/18 6:00,46.886,0.1194
979,7/9/18 7:00,46.706,0.1194
980,7/9/18 8:00,47.826,0.1189
981,7/9/18 9:00,50.4,0.1184
982,7/9/18 10:00,53.908,0.1184
983,7/9/18 11:00,57.893,0.1184
984,7/9/18 12:00,62.49,0.1189
985,7/9/18 13:00,69.042,0.1194
986,7/9/18 14:00,72.093,0.1204
987,7/9/18 15:00,73.818,0.1214
988,7/9/18 16:00,74.467,0.1219
989,7/9/18 17:00,74.206,0.1219
990,7/9/18 18:00,72.05,0.1237
991,7/9/18 19:00,69.213,0.1242
992,7/9/18 20:00,66.429,0.1246
993,7/9/18 21:00,63.946,0.1214
994,7/9/18 22:00,61.59,0.1219
995,7/9/18 23:00,59.401,0.1214
996,7/10/18 0:00,57.42,0.1214
997,7/10/18 1:00,55.863,0.1214
998,7/10/18 2:00,54.387,0.1219
999,7/10/18 3:00,53.078,0.1214
1000,7/10/18 4:00,51.94,0.1214
1001,7/10/18 5:00,50.886,0.1209
1002,7/10/18 6:00,50.135,0.1214
1003,7/10/18 7:00,50.047,0.1214
1004,7/10/18 8:00,51.105,0.1271
1005,7/10/18 9:00,53.384,0.1271
1006,7/10/18 10:00,57.074,0.1276
1007,7/10/18 11:00,62.233,0.1271
1008,7/10/18 12:00,67.757,0.1261
1009,7/10/18 13:00,70.072,0.1261
1010,7/10/18 14:00,70.543,0.1261
1011,7/10/18 15:00,67.714,0.1266
1012,7/10/18 16:00,63.133,0.1246
1013,7/10/18 17:00,60.174,0.1503
1014,7/10/18 18:00,59.056,0.1495
1015,7/10/18 19:00,58.368,0.1479
1016,7/10/18 20:00,57.679,0.1479
1017,7/10/18 21:00,56.772,0.1475
1018,7/10/18 22:00,55.515,0.1793
1019,7/10/18 23:00,54.3,0.1783
1020,7/11/18 0:00,53.035,0.1775
1021,7/11/18 1:00,51.852,0.1775
1022,7/11/18 2:00,50.709,0.1769
1023,7/11/18 3:00,49.737,0.1765
1024,7/11/18 4:00,48.85,0.1762
1025,7/11/18 5:00,48.137,0.1756
1026,7/11/18 6:00,47.512,0.1752
1027,7/11/18 7:00,47.512,0.1742
1028,7/11/18 8:00,48.405,0.1732
1029,7/11/18 9:00,50.664,0.1724
1030,7/11/18 10:00,54.343,0.1709
1031,7/11/18 11:00,59.83,0.1689
1032,7/11/18 12:00,63.048,0.1671
1033,7/11/18 13:00,64.931,0.1656
1034,7/11/18 14:00,64.974,0.1638
1035,7/11/18 15:00,62.919,0.1648
1036,7/11/18 16:00,61.205,0.1648
1037,7/11/18 17:00,61.032,0.1638
1038,7/11/18 18:00,61.547,0.1634
1039,7/11/18 19:00,60.604,0.1619
1040,7/11/18 20:00,58.626,0.1615
1041,7/11/18 21:00,56.988,0.1615
1042,7/11/18 22:00,55.602,0.1608
1043,7/11/18 23:00,54.516,0.1608
1044,7/12/18 0:00,53.515,0.1604
1045,7/12/18 1:00,52.641,0.1604
1046,7/12/18 2:00,51.94,0.16
1047,7/12/18 3:00,51.37,0.16
1048,7/12/18 4:00,50.797,0.1596
1049,7/12/18 5:00,50.135,0.1596
1050,7/12/18 6:00,49.294,0.1596
1051,7/12/18 7:00,49.073,0.159
1052,7/12/18 8:00,49.649,0.159
1053,7/12/18 9:00,51.325,0.1581
1054,7/12/18 10:00,53.472,0.157
1055,7/12/18 11:00,55.776,0.1562
1056,7/12/18 12:00,59.358,0.1542
1057,7/12/18 13:00,60.775,0.1527
1058,7/12/18 14:00,62.062,0.1527
1059,7/12/18 15:00,65.059,0.1514
1060,7/12/18 16:00,62.704,0.233
1061,7/12/18 17:00,63.775,0.2216
1062,7/12/18 18:00,63.862,0.2161
1063,7/12/18 19:00,62.406,0.2148
1064,7/12/18 20:00,60.604,0.2134
1065,7/12/18 21:00,58.928,0.2126
1066,7/12/18 22:00,57.463,0.2241
1067,7/12/18 23:00,56.079,0.2224
1068,7/13/18 0:00,54.82,0.2216
1069,7/13/18 1:00,53.515,0.2208
1070,7/13/18 2:00,52.378,0.2198
1071,7/13/18 3:00,51.413,0.2182
1072,7/13/18 4:00,50.709,0.2174
1073,7/13/18 5:00,49.825,0.2164
1074,7/13/18 6:00,48.85,0.2161
1075,7/13/18 7:00,48.493,0.2061
1076,7/13/18 8:00,49.294,0.2047
1077,7/13/18 9:00,51.237,0.21
1078,7/13/18 10:00,54.473,0.207
1079,7/13/18 11:00,57.979,0.2003
1080,7/13/18 12:00,59.959,0.1985
1081,7/13/18 13:00,61.848,0.1967
1082,7/13/18 14:00,63.689,0.1967
1083,7/13/18 15:00,63.262,0.1963
1084,7/13/18 16:00,63.561,0.1945
1085,7/13/18 17:00,63.475,0.1945
1086,7/13/18 18:00,62.834,0.1958
1087,7/13/18 19:00,61.677,0.1963
1088,7/13/18 20:00,60.433,0.1954
1089,7/13/18 21:00,59.272,0.1954
1090,7/13/18 22:00,58.152,0.1948
1091,7/13/18 23:00,56.988,0.1939
1092,7/14/18 0:00,55.949,0.1935
1093,7/14/18 1:00,54.82,0.1935
1094,7/14/18 2:00,53.515,0.1935
1095,7/14/18 3:00,52.509,0.1932
1096,7/14/18 4:00,51.678,0.1932
1097,7/14/18 5:00,50.621,0.1926
1098,7/14/18 6:00,49.561,0.1926
1099,7/14/18 7:00,49.073,0.1853
1100,7/14/18 8:00,49.87,0.1954
1101,7/14/18 9:00,51.984,0.1866
1102,7/14/18 10:00,55.386,0.1853
1103,7/14/18 11:00,58.712,0.1826
1104,7/14/18 12:00,62.704,0.1807
1105,7/14/18 13:00,68.313,0.1779
1106,7/14/18 14:00,70.93,0.1762
1107,7/14/18 15:00,70.459,0.1762
1108,7/14/18 16:00,71.62,0.1752
1109,7/14/18 17:00,71.92,0.1742
1110,7/14/18 18:00,70.072,0.1732
1111,7/14/18 19:00,67.627,0.1728
1112,7/14/18 20:00,65.102,0.1732
1113,7/14/18 21:00,63.09,0.1732
1114,7/14/18 22:00,61.29,0.1738
1115,7/14/18 23:00,59.873,0.1738
1116,7/15/18 0:00,58.755,0.1738
1117,7/15/18 1:00,57.679,0.1732
1118,7/15/18 2:00,56.772,0.1732
1119,7/15/18 3:00,55.992,0.1732
1120,7/15/18 4:00,55.429,0.1732
1121,7/15/18 5:00,54.82,0.1728
1122,7/15/18 6:00,54.212,0.1728
1123,7/15/18 7:00,53.82,0.1732
1124,7/15/18 8:00,53.69,0.1728
1125,7/15/18 9:00,53.865,0.1724
1126,7/15/18 10:00,54.473,0.1718
1127,7/15/18 11:00,54.909,0.1714
1128,7/15/18 12:00,56.383,0.1703
1129,7/15/18 13:00,58.109,0.1699
1130,7/15/18 14:00,60.174,0.1681
1131,7/15/18 15:00,62.191,0.1667
1132,7/15/18 16:00,65.273,0.1656
1133,7/15/18 17:00,64.074,0.1623
1134,7/15/18 18:00,61.419,0.1932
1135,7/15/18 19:00,60.003,0.1908
1136,7/15/18 20:00,58.971,0.1972
1137,7/15/18 21:00,57.936,0.1948
1138,7/15/18 22:00,56.642,0.2026
1139,7/15/18 23:00,55.299,0.202
1140,7/16/18 0:00,54.212,0.1923
1141,7/16/18 1:00,53.078,0.1935
1142,7/16/18 2:00,52.246,0.2008
1143,7/16/18 3:00,51.237,0.1904
1144,7/16/18 4:00,50.135,0.2003
1145,7/16/18 5:00,49.116,0.1999
1146,7/16/18 6:00,48.182,0.1999
1147,7/16/18 7:00,47.871,0.1945
1148,7/16/18 8:00,48.762,0.184
1149,7/16/18 9:00,50.886,0.1913
1150,7/16/18 10:00,54.43,0.1843
1151,7/16/18 11:00,59.358,0.1836
1152,7/16/18 12:00,63.862,0.1816
1153,7/16/18 13:00,64.888,0.184
1154,7/16/18 14:00,67.627,0.1769
1155,7/16/18 15:00,68.742,0.1775
1156,7/16/18 16:00,67.928,0.1746
1157,7/16/18 17:00,66.814,0.1742
1158,7/16/18 18:00,65.359,0.1742
1159,7/16/18 19:00,63.433,0.1738
1160,7/16/18 20:00,61.633,0.1724
1161,7/16/18 21:00,59.959,0.1728
1162,7/16/18 22:00,58.239,0.1728
1163,7/16/18 23:00,56.685,0.1732
1164,7/17/18 0:00,55.602,0.1732
1165,7/17/18 1:00,54.777,0.1732
1166,7/17/18 2:00,53.82,0.1732
1167,7/17/18 3:00,52.992,0.1728
1168,7/17/18 4:00,52.246,0.1732
1169,7/17/18 5:00,51.589,0.1728
1170,7/17/18 6:00,50.886,0.1728
1171,7/17/18 7:00,50.445,0.1728
1172,7/17/18 8:00,50.841,0.1718
1173,7/17/18 9:00,52.686,0.1709
1174,7/17/18 10:00,55.558,0.1699
1175,7/17/18 11:00,59.142,0.1685
1176,7/17/18 12:00,63.946,0.1671
1177,7/17/18 13:00,67.5,0.1656
1178,7/17/18 14:00,70.201,0.1638
1179,7/17/18 15:00,71.877,0.1619
1180,7/17/18 16:00,71.791,0.1604
1181,7/17/18 17:00,70.372,0.159
1182,7/17/18 18:00,67.456,0.1604
1183,7/17/18 19:00,64.974,0.1604
1184,7/17/18 20:00,63.133,0.1604
1185,7/17/18 21:00,61.032,0.1608
1186,7/17/18 22:00,59.056,0.1615
1187,7/17/18 23:00,57.16,0.1615
1188,7/18/18 0:00,55.515,0.1619
1189,7/18/18 1:00,54.126,0.1619
1190,7/18/18 2:00,52.903,0.1619
1191,7/18/18 3:00,51.94,0.1619
1192,7/18/18 4:00,50.974,0.1623
1193,7/18/18 5:00,50.18,0.1619
1194,7/18/18 6:00,49.471,0.1619
1195,7/18/18 7:00,49.249,0.1619
1196,7/18/18 8:00,50.311,0.1615
1197,7/18/18 9:00,52.029,0.1608
1198,7/18/18 10:00,55.168,0.159
1199,7/18/18 11:00,59.014,0.1562
1200,7/18/18 12:00,64.931,0.1558
1201,7/18/18 13:00,68.484,0.1532
1202,7/18/18 14:00,70.673,0.1484
1203,7/18/18 15:00,70.416,0.1466
1204,7/18/18 16:00,71.017,0.1499
1205,7/18/18 17:00,71.103,0.149
1206,7/18/18 18:00,69.728,0.1484
1207,7/18/18 19:00,67.114,0.14
1208,7/18/18 20:00,64.717,0.1396
1209,7/18/18 21:00,62.49,0.1396
1210,7/18/18 22:00,60.433,0.1391
1211,7/18/18 23:00,58.669,0.1425
1212,7/19/18 0:00,57.16,0.1441
1213,7/19/18 1:00,55.776,0.1475
1214,7/19/18 2:00,54.473,0.1475
1215,7/19/18 3:00,53.341,0.1475
1216,7/19/18 4:00,52.335,0.1459
1217,7/19/18 5:00,51.413,0.1434
1218,7/19/18 6:00,50.488,0.1495
1219,7/19/18 7:00,50.047,0.1495
1220,7/19/18 8:00,51.017,0.1484
1221,7/19/18 9:00,53.035,0.1479
1222,7/19/18 10:00,56.34,0.1446
1223,7/19/18 11:00,61.59,0.1441
1224,7/19/18 12:00,66.214,0.1421
1225,7/19/18 13:00,68.313,0.1412
1226,7/19/18 14:00,71.877,0.1396
1227,7/19/18 15:00,73.083,0.1382
1228,7/19/18 16:00,72.307,0.1375
1229,7/19/18 17:00,70.502,0.1375
1230,7/19/18 18:00,68.956,0.1375
1231,7/19/18 19:00,66.943,0.137
1232,7/19/18 20:00,64.632,0.1366
1233,7/19/18 21:00,62.406,0.1361
1234,7/19/18 22:00,60.517,0.1366
1235,7/19/18 23:00,58.928,0.1366
1236,7/20/18 0:00,57.636,0.1361
1237,7/20/18 1:00,56.469,0.1361
1238,7/20/18 2:00,55.515,0.1352
1239,7/20/18 3:00,54.43,0.1352
1240,7/20/18 4:00,53.298,0.1375
1241,7/20/18 5:00,52.335,0.137
1242,7/20/18 6:00,51.589,0.137
1243,7/20/18 7:00,51.589,0.1366
1244,7/20/18 8:00,52.335,0.1366
1245,7/20/18 9:00,54.255,0.1357
1246,7/20/18 10:00,56.858,0.1342
1247,7/20/18 11:00,61.506,0.1335
1248,7/20/18 12:00,64.247,0.1297
1249,7/20/18 13:00,68.142,0.1302
1250,7/20/18 14:00,69.557,0.1297
1251,7/20/18 15:00,68.571,0.129
1252,7/20/18 16:00,67.199,0.129
1253,7/20/18 17:00,65.745,0.129
1254,7/20/18 18:00,64.76,0.1281
1255,7/20/18 19:00,63.819,0.1285
1256,7/20/18 20:00,62.319,0.1285
1257,7/20/18 21:00,60.346,0.1281
1258,7/20/18 22:00,58.626,0.1242
1259,7/20/18 23:00,57.16,0.1261
1260,7/21/18 0:00,55.69,0.1281
1261,7/21/18 1:00,54.387,0.1271
1262,7/21/18 2:00,53.298,0.1281
1263,7/21/18 3:00,52.246,0.1281
1264,7/21/18 4:00,51.325,0.1285
1265,7/21/18 5:00,50.445,0.1266
1266,7/21/18 6:00,49.649,0.1281
1267,7/21/18 7:00,49.383,0.1266
1268,7/21/18 8:00,50.752,0.1266
1269,7/21/18 9:00,53.121,0.1261
1270,7/21/18 10:00,56.556,0.1271
1271,7/21/18 11:00,62.062,0.1266
1272,7/21/18 12:00,67.5,0.1256
1273,7/21/18 13:00,71.791,0.1246
1274,7/21/18 14:00,74.424,0.1237
1275,7/21/18 15:00,75.853,0.1224
1276,7/21/18 16:00,75.942,0.1219
1277,7/21/18 17:00,74.64,0.1229
1278,7/21/18 18:00,72.48,0.1229
1279,7/21/18 19:00,70.072,0.1229
1280,7/21/18 20:00,67.456,0.1153
1281,7/21/18 21:00,65.23,0.1174
1282,7/21/18 22:00,63.005,0.1224
1283,7/21/18 23:00,61.119,0.1133
1284,7/22/18 0:00,59.486,0.1091
1285,7/22/18 1:00,58.455,0.1169
1286,7/22/18 2:00,57.765,0.1159
1287,7/22/18 3:00,57.16,0.1085
1288,7/22/18 4:00,56.556,0.108
1289,7/22/18 5:00,55.558,0.1122
1290,7/22/18 6:00,54.387,0.1153
1291,7/22/18 7:00,53.951,0.1138
1292,7/22/18 8:00,54.865,0.1085
1293,7/22/18 9:00,56.858,0.1174
1294,7/22/18 10:00,60.217,0.1148
1295,7/22/18 11:00,65.059,0.108
1296,7/22/18 12:00,69.771,0.1143
1297,7/22/18 13:00,73.17,0.1184
1298,7/22/18 14:00,76.114,0.1179
1299,7/22/18 15:00,77.509,0.1184
1300,7/22/18 16:00,77.596,0.1174
1301,7/22/18 17:00,76.725,0.1179
1302,7/22/18 18:00,74.727,0.1153
1303,7/22/18 19:00,71.877,0.1153
1304,7/22/18 20:00,69.514,0.1153
1305,7/22/18 21:00,66.943,0.1148
1306,7/22/18 22:00,65.059,0.1164
1307,7/22/18 23:00,63.262,0.1159
1308,7/23/18 0:00,61.891,0.1164
1309,7/23/18 1:00,60.217,0.1148
1310,7/23/18 2:00,58.928,0.1138
1311,7/23/18 3:00,57.636,0.1153
1312,7/23/18 4:00,56.208,0.1153
1313,7/23/18 5:00,54.82,0.1159
1314,7/23/18 6:00,53.515,0.1164
1315,7/23/18 7:00,53.035,0.1153
1316,7/23/18 8:00,53.951,0.1148
1317,7/23/18 9:00,55.992,0.1148
1318,7/23/18 10:00,59.272,0.1148
1319,7/23/18 11:00,64.375,0.1148
1320,7/23/18 12:00,67.586,0.1138
1321,7/23/18 13:00,71.274,0.1133
1322,7/23/18 14:00,73.515,0.1143
1323,7/23/18 15:00,74.899,0.1128
1324,7/23/18 16:00,75.551,0.1128
1325,7/23/18 17:00,74.12,0.1107
1326,7/23/18 18:00,72.05,0.1107
1327,7/23/18 19:00,69.557,0.1107
1328,7/23/18 20:00,67.285,0.1107
1329,7/23/18 21:00,65.017,0.1096
1330,7/23/18 22:00,63.176,0.1096
1331,7/23/18 23:00,61.462,0.1031
1332,7/24/18 0:00,59.83,0.1025
1333,7/24/18 1:00,58.368,0.1047
1334,7/24/18 2:00,57.16,0.1112
1335,7/24/18 3:00,55.949,0.1128
1336,7/24/18 4:00,54.909,0.1128
1337,7/24/18 5:00,54.212,0.1128
1338,7/24/18 6:00,53.602,0.1122
1339,7/24/18 7:00,53.166,0.1117
1340,7/24/18 8:00,54.037,0.1112
1341,7/24/18 9:00,55.906,0.1117
1342,7/24/18 10:00,58.842,0.1091
1343,7/24/18 11:00,63.433,0.1107
1344,7/24/18 12:00,67.671,0.1112
1345,7/24/18 13:00,71.231,0.1112
1346,7/24/18 14:00,76.203,0.1112
1347,7/24/18 15:00,77.509,0.1112
1348,7/24/18 16:00,74.338,0.1107
1349,7/24/18 17:00,72.523,0.1107
1350,7/24/18 18:00,71.661,0.1107
1351,7/24/18 19:00,68.871,0.1112
1352,7/24/18 20:00,66.515,0.1107
1353,7/24/18 21:00,64.204,0.1107
1354,7/24/18 22:00,62.49,0.1112
1355,7/24/18 23:00,60.861,0.1107
1356,7/25/18 0:00,59.745,0.1107
1357,7/25/18 1:00,58.798,0.1107
1358,7/25/18 2:00,57.679,0.1107
1359,7/25/18 3:00,56.512,0.1107
1360,7/25/18 4:00,55.213,0.1107
1361,7/25/18 5:00,53.994,0.1101
1362,7/25/18 6:00,52.817,0.1101
1363,7/25/18 7:00,52.466,0.1096
1364,7/25/18 8:00,53.515,0.1091
1365,7/25/18 9:00,54.387,0.1091
1366,7/25/18 10:00,55.949,0.1085
1367,7/25/18 11:00,58.541,0.1085
1368,7/25/18 12:00,64.589,0.1085
1369,7/25/18 13:00,64.589,0.1085
1370,7/25/18 14:00,68.871,0.108
1371,7/25/18 15:00,72.264,0.1085
1372,7/25/18 16:00,71.748,0.1075
1373,7/25/18 17:00,68.356,0.1058
1374,7/25/18 18:00,67.028,0.1058
1375,7/25/18 19:00,64.803,0.1064
1376,7/25/18 20:00,62.49,0.1064
1377,7/25/18 21:00,60.433,0.1069
1378,7/25/18 22:00,58.842,0.1069
1379,7/25/18 23:00,57.85,0.1069
1380,7/26/18 0:00,56.556,0.1069
1381,7/26/18 1:00,55.125,0.1069
1382,7/26/18 2:00,53.951,0.1064
1383,7/26/18 3:00,52.817,0.1064
1384,7/26/18 4:00,52.029,0.1064
1385,7/26/18 5:00,51.237,0.1069
1386,7/26/18 6:00,50.621,0.1069
1387,7/26/18 7:00,50.356,0.1064
1388,7/26/18 8:00,51.544,0.1069
1389,7/26/18 9:00,53.341,0.1069
1390,7/26/18 10:00,56.383,0.1058
1391,7/26/18 11:00,61.59,0.1053
1392,7/26/18 12:00,64.674,0.0963
1393,7/26/18 13:00,64.974,0.1053
1394,7/26/18 14:00,67.842,0.1064
1395,7/26/18 15:00,68.571,0.1036
1396,7/26/18 16:00,69.3,0.1047
1397,7/26/18 17:00,69.685,0.1058
1398,7/26/18 18:00,68.4,0.1053
1399,7/26/18 19:00,65.658,0.1053
1400,7/26/18 20:00,62.919,0.1047
1401,7/26/18 21:00,60.69,0.1053
1402,7/26/18 22:00,58.712,0.1053
1403,7/26/18 23:00,56.728,0.1042
1404,7/27/18 0:00,55.256,0.1042
1405,7/27/18 1:00,54.037,0.1042
1406,7/27/18 2:00,52.729,0.102
1407,7/27/18 3:00,51.764,0.102
1408,7/27/18 4:00,50.664,0.1009
1409,7/27/18 5:00,49.561,0.1042
1410,7/27/18 6:00,48.538,0.1042
1411,7/27/18 7:00,48.315,0.1036
1412,7/27/18 8:00,49.649,0.1042
1413,7/27/18 9:00,51.544,0.1036
1414,7/27/18 10:00,55.038,0.1042
1415,7/27/18 11:00,60.474,0.1042
1416,7/27/18 12:00,61.248,0.1014
1417,7/27/18 13:00,64.845,0.1014
1418,7/27/18 14:00,69.471,0.1014
1419,7/27/18 15:00,70.587,0.1003
1420,7/27/18 16:00,68.999,0.1025
1421,7/27/18 17:00,66.344,0.1031
1422,7/27/18 18:00,64.546,0.1025
1423,7/27/18 19:00,62.791,0.1025
1424,7/27/18 20:00,60.561,0.1009
1425,7/27/18 21:00,58.582,0.102
1426,7/27/18 22:00,56.901,0.102
1427,7/27/18 23:00,55.168,0.1025
1428,7/28/18 0:00,53.602,0.1025
1429,7/28/18 1:00,52.115,0.1031
1430,7/28/18 2:00,50.709,0.1031
1431,7/28/18 3:00,49.428,0.1031
1432,7/28/18 4:00,48.405,0.1031
1433,7/28/18 5:00,47.467,0.1031
1434,7/28/18 6:00,46.616,0.1031
1435,7/28/18 7:00,46.211,0.1031
1436,7/28/18 8:00,47.334,0.1031
1437,7/28/18 9:00,49.249,0.1025
1438,7/28/18 10:00,52.947,0.1025
1439,7/28/18 11:00,57.074,0.102
1440,7/28/18 12:00,59.401,0.102
1441,7/28/18 13:00,57.85,0.102
1442,7/28/18 14:00,62.319,0.102
1443,7/28/18 15:00,66.087,0.1025
1444,7/28/18 16:00,67.285,0.1025
1445,7/28/18 17:00,66.173,0.1031
1446,7/28/18 18:00,63.475,0.1036
1447,7/28/18 19:00,58.541,0.1014
1448,7/28/18 20:00,56.815,0.1036
1449,7/28/18 21:00,55.515,0.1042
1450,7/28/18 22:00,53.908,0.1047
1451,7/28/18 23:00,52.291,0.1053
1452,7/29/18 0:00,50.841,0.1058
1453,7/29/18 1:00,49.383,0.1058
1454,7/29/18 2:00,48.137,0.1064
1455,7/29/18 3:00,47.109,0.1064
1456,7/29/18 4:00,46.166,0.1064
1457,7/29/18 5:00,45.307,0.1064
1458,7/29/18 6:00,44.582,0.1064
1459,7/29/18 7:00,44.173,0.1064
1460,7/29/18 8:00,45.127,0.1058
1461,7/29/18 9:00,46.974,0.1053
1462,7/29/18 10:00,50.488,0.1047
1463,7/29/18 11:00,55.558,0.1047
1464,7/29/18 12:00,60.647,0.1047
1465,7/29/18 13:00,62.019,0.1053
1466,7/29/18 14:00,62.148,0.1058
1467,7/29/18 15:00,61.934,0.1064
1468,7/29/18 16:00,60.132,0.1069
1469,7/29/18 17:00,59.099,0.1069
1470,7/29/18 18:00,59.272,0.1075
1471,7/29/18 19:00,57.936,0.1069
1472,7/29/18 20:00,56.556,0.1075
1473,7/29/18 21:00,54.865,0.1075
1474,7/29/18 22:00,53.166,0.108
1475,7/29/18 23:00,51.633,0.108
1476,7/30/18 0:00,50.356,0.108
1477,7/30/18 1:00,49.116,0.108
1478,7/30/18 2:00,47.959,0.108
1479,7/30/18 3:00,47.064,0.108
1480,7/30/18 4:00,46.346,0.108
1481,7/30/18 5:00,45.851,0.108
1482,7/30/18 6:00,45.354,0.1085
1483,7/30/18 7:00,45.217,0.1075
1484,7/30/18 8:00,45.896,0.108
1485,7/30/18 9:00,47.109,0.108
1486,7/30/18 10:00,49.959,0.1075
1487,7/30/18 11:00,54.126,0.1075
1488,7/30/18 12:00,58.712,0.1064
1489,7/30/18 13:00,63.903,0.1069
1490,7/30/18 14:00,67.714,0.1064
1491,7/30/18 15:00,69.814,0.1069
1492,7/30/18 16:00,68.614,0.1064
1493,7/30/18 17:00,66.857,0.1064
1494,7/30/18 18:00,65.745,0.1069
1495,7/30/18 19:00,63.005,0.1069
1496,7/30/18 20:00,60.346,0.1069
1497,7/30/18 21:00,57.85,0.1075
1498,7/30/18 22:00,55.69,0.1069
1499,7/30/18 23:00,54.037,0.1069
1500,7/31/18 0:00,52.554,0.1069
1501,7/31/18 1:00,50.974,0.1069
1502,7/31/18 2:00,49.383,0.1069
1503,7/31/18 3:00,47.871,0.1069
1504,7/31/18 4:00,46.571,0.1069
1505,7/31/18 5:00,45.444,0.1069
1506,7/31/18 6:00,44.537,0.1069
1507,7/31/18 7:00,44.674,0.1064
1508,7/31/18 8:00,45.806,0.1064
1509,7/31/18 9:00,47.199,0.1058
1510,7/31/18 10:00,50.445,0.1058
1511,7/31/18 11:00,55.299,0.1053
1512,7/31/18 12:00,61.29,0.1047
1513,7/31/18 13:00,66.643,0.1042
1514,7/31/18 14:00,70.286,0.1047
1515,7/31/18 15:00,70.115,0.0893
1516,7/31/18 16:00,69.942,0.0893
1517,7/31/18 17:00,69.129,0.0893
1518,7/31/18 18:00,66.9,0.0881
1519,7/31/18 19:00,64.459,0.0875
1520,7/31/18 20:00,61.761,0.0869
1521,7/31/18 21:00,59.272,0.0869
1522,7/31/18 22:00,57.074,0.0869
1523,7/31/18 23:00,55.429,0.0863
1524,8/1/18 0:00,53.994,0.0863
1525,8/1/18 1:00,52.466,0.0857
1526,8/1/18 2:00,51.017,0.0857
1527,8/1/18 3:00,49.649,0.085
1528,8/1/18 4:00,48.583,0.085
1529,8/1/18 5:00,47.512,0.0844
1530,8/1/18 6:00,46.616,0.0844
1531,8/1/18 7:00,46.346,0.0844
1532,8/1/18 8:00,47.422,0.0844
1533,8/1/18 9:00,49.028,0.085
1534,8/1/18 10:00,52.423,0.085
1535,8/1/18 11:00,57.636,0.0857
1536,8/1/18 12:00,60.604,0.0857
1537,8/1/18 13:00,63.561,0.0863
1538,8/1/18 14:00,63.689,0.0857
1539,8/1/18 15:00,62.49,0.0857
1540,8/1/18 16:00,63.262,0.0857
1541,8/1/18 17:00,63.304,0.085
1542,8/1/18 18:00,62.319,0.085
1543,8/1/18 19:00,60.39,0.0844
1544,8/1/18 20:00,58.712,0.0841
1545,8/1/18 21:00,56.815,0.0841
1546,8/1/18 22:00,55.472,0.0835
1547,8/1/18 23:00,54.516,0.0835
1548,8/2/18 0:00,53.341,0.0835
1549,8/2/18 1:00,52.423,0.0835
1550,8/2/18 2:00,51.501,0.0829
1551,8/2/18 3:00,50.533,0.0829
1552,8/2/18 4:00,49.561,0.0822
1553,8/2/18 5:00,48.717,0.0822
1554,8/2/18 6:00,48.004,0.0822
1555,8/2/18 7:00,47.691,0.0822
1556,8/2/18 8:00,48.805,0.0822
1557,8/2/18 9:00,50.18,0.0822
1558,8/2/18 10:00,53.865,0.0829
1559,8/2/18 11:00,60.003,0.0835
1560,8/2/18 12:00,63.176,0.0835
1561,8/2/18 13:00,65.444,0.0835
1562,8/2/18 14:00,67.671,0.0841
1563,8/2/18 15:00,67.114,0.0841
1564,8/2/18 16:00,67.071,0.0841
1565,8/2/18 17:00,66.515,0.0835
1566,8/2/18 18:00,65.487,0.0841
1567,8/2/18 19:00,63.475,0.0829
1568,8/2/18 20:00,61.205,0.0829
1569,8/2/18 21:00,59.229,0.0822
1570,8/2/18 22:00,57.679,0.0822
1571,8/2/18 23:00,56.642,0.0816
1572,8/3/18 0:00,55.776,0.0816
1573,8/3/18 1:00,54.995,0.0816
1574,8/3/18 2:00,54.3,0.0816
1575,8/3/18 3:00,53.733,0.081
1576,8/3/18 4:00,53.253,0.081
1577,8/3/18 5:00,52.729,0.081
1578,8/3/18 6:00,52.291,0.081
1579,8/3/18 7:00,51.984,0.0803
1580,8/3/18 8:00,51.764,0.0803
1581,8/3/18 9:00,51.852,0.081
1582,8/3/18 10:00,52.378,0.0803
1583,8/3/18 11:00,53.298,0.081
1584,8/3/18 12:00,53.733,0.081
1585,8/3/18 13:00,53.515,0.0835
1586,8/3/18 14:00,52.115,0.1312
1587,8/3/18 15:00,53.472,0.1412
1588,8/3/18 16:00,58.541,0.1382
1589,8/3/18 17:00,62.019,0.1361
1590,8/3/18 18:00,62.019,0.1347
1591,8/3/18 19:00,60.346,0.1331
1592,8/3/18 20:00,58.455,0.1317
1593,8/3/18 21:00,56.295,0.1307
1594,8/3/18 22:00,54.43,0.1297
1595,8/3/18 23:00,52.729,0.1285
1596,8/4/18 0:00,51.148,0.1276
1597,8/4/18 1:00,49.649,0.1271
1598,8/4/18 2:00,48.36,0.1261
1599,8/4/18 3:00,47.154,0.1256
1600,8/4/18 4:00,46.076,0.1246
1601,8/4/18 5:00,45.354,0.1242
1602,8/4/18 6:00,44.719,0.1237
1603,8/4/18 7:00,44.263,0.1224
1604,8/4/18 8:00,45.172,0.1214
1605,8/4/18 9:00,46.436,0.1204
1606,8/4/18 10:00,50.002,0.1189
1607,8/4/18 11:00,55.038,0.1174
1608,8/4/18 12:00,59.83,0.1153
1609,8/4/18 13:00,62.362,0.1138
1610,8/4/18 14:00,63.304,0.1128
1611,8/4/18 15:00,66.472,0.1107
1612,8/4/18 16:00,66.558,0.1091
1613,8/4/18 17:00,64.974,0.108
1614,8/4/18 18:00,63.048,0.1064
1615,8/4/18 19:00,60.647,0.1058
1616,8/4/18 20:00,58.712,0.108
1617,8/4/18 21:00,56.642,0.108
1618,8/4/18 22:00,54.734,0.1075
1619,8/4/18 23:00,52.903,0.1069
1620,8/5/18 0:00,51.413,0.1064
1621,8/5/18 1:00,50.18,0.1058
1622,8/5/18 2:00,48.938,0.1058
1623,8/5/18 3:00,47.871,0.1053
1624,8/5/18 4:00,47.602,0.1064
1625,8/5/18 5:00,47.557,0.1064
1626,8/5/18 6:00,47.602,0.1058
1627,8/5/18 7:00,47.512,0.1091
1628,8/5/18 8:00,47.826,0.1085
1629,8/5/18 9:00,48.805,0.108
1630,8/5/18 10:00,51.544,0.1075
1631,8/5/18 11:00,55.386,0.1069
1632,8/5/18 12:00,58.066,0.1069
1633,8/5/18 13:00,61.162,0.1064
1634,8/5/18 14:00,63.433,0.1053
1635,8/5/18 15:00,64.717,0.1047
1636,8/5/18 16:00,65.316,0.1042
1637,8/5/18 17:00,65.444,0.1042
1638,8/5/18 18:00,64.204,0.1036
1639,8/5/18 19:00,61.677,0.1031
1640,8/5/18 20:00,59.358,0.1031
1641,8/5/18 21:00,57.42,0.1025
1642,8/5/18 22:00,55.949,0.102
1643,8/5/18 23:00,54.473,0.1014
1644,8/6/18 0:00,52.947,0.102
1645,8/6/18 1:00,51.501,0.1014
1646,8/6/18 2:00,50.533,0.1014
1647,8/6/18 3:00,49.428,0.1009
1648,8/6/18 4:00,48.672,0.1009
1649,8/6/18 5:00,47.691,0.1009
1650,8/6/18 6:00,46.706,0.1003
1651,8/6/18 7:00,46.166,0.1003
1652,8/6/18 8:00,46.751,0.1003
1653,8/6/18 9:00,47.781,0.1003
1654,8/6/18 10:00,51.105,0.0998
1655,8/6/18 11:00,55.558,0.0992
1656,8/6/18 12:00,61.333,0.0992