Plot Title: 20393604_SM_A_C1_ctrl,,,
#,"Date Time, GMT-06:00","Temp, °F (LGR S/N: 20393604, SEN S/N: 20391817, LBL: C1_R)","Water Content, m³/m³ (LGR S/N: 20393604, SEN S/N: 20399028, LBL: C1_R)"
1,6/14/18 13:00,35.298,0.2262
2,6/14/18 14:00,37.321,0.2282
3,6/14/18 15:00,38.984,0.2294
4,6/14/18 16:00,40.251,0.2299
5,6/14/18 17:00,41.369,0.2303
6,6/14/18 18:00,41.74,0.2306
7,6/14/18 19:00,41.554,0.2299
8,6/14/18 20:00,41.043,0.2299
9,6/14/18 21:00,40.626,0.2291
10,6/14/18 22:00,40.158,0.2286
11,6/14/18 23:00,39.69,0.2282
12,6/15/18 0:00,39.22,0.2282
13,6/15/18 1:00,38.795,0.2277
14,6/15/18 2:00,38.322,0.2269
15,6/15/18 3:00,37.893,0.2266
16,6/15/18 4:00,37.513,0.2266
17,6/15/18 5:00,37.13,0.2262
18,6/15/18 6:00,36.747,0.2257
19,6/15/18 7:00,36.361,0.2254
20,6/15/18 8:00,36.505,0.2249
21,6/15/18 9:00,37.274,0.2249
22,6/15/18 10:00,38.842,0.2241
23,6/15/18 11:00,40.532,0.2237
24,6/15/18 12:00,42.064,0.2237
25,6/15/18 13:00,44.582,0.2232
26,6/15/18 14:00,47.602,0.2224
27,6/15/18 15:00,49.825,0.2224
28,6/15/18 16:00,51.282,0.2216
29,6/15/18 17:00,52.291,0.2216
30,6/15/18 18:00,52.246,0.2211
31,6/15/18 19:00,51.458,0.2216
32,6/15/18 20:00,50.4,0.2216
33,6/15/18 21:00,49.161,0.2216
34,6/15/18 22:00,48.004,0.2219
35,6/15/18 23:00,46.974,0.2224
36,6/16/18 0:00,46.121,0.2224
37,6/16/18 1:00,45.307,0.2216
38,6/16/18 2:00,44.627,0.2216
39,6/16/18 3:00,43.99,0.2216
40,6/16/18 4:00,43.443,0.2211
41,6/16/18 5:00,42.939,0.2216
42,6/16/18 6:00,42.478,0.2211
43,6/16/18 7:00,41.925,0.2208
44,6/16/18 8:00,41.648,0.2208
45,6/16/18 9:00,41.97,0.2208
46,6/16/18 10:00,42.755,0.2203
47,6/16/18 11:00,43.396,0.2208
48,6/16/18 12:00,44.445,0.2203
49,6/16/18 13:00,45.307,0.2198
50,6/16/18 14:00,45.669,0.2216
51,6/16/18 15:00,45.986,0.2224
52,6/16/18 16:00,46.796,0.2219
53,6/16/18 17:00,47.422,0.2219
54,6/16/18 18:00,47.781,0.2216
55,6/16/18 19:00,47.602,0.2211
56,6/16/18 20:00,47.109,0.2208
57,6/16/18 21:00,46.481,0.2211
58,6/16/18 22:00,45.851,0.2216
59,6/16/18 23:00,45.262,0.2216
60,6/17/18 0:00,44.764,0.2216
61,6/17/18 1:00,44.31,0.2224
62,6/17/18 2:00,43.763,0.2237
63,6/17/18 3:00,43.396,0.2241
64,6/17/18 4:00,43.03,0.2249
65,6/17/18 5:00,42.616,0.2269
66,6/17/18 6:00,42.247,0.2262
67,6/17/18 7:00,41.925,0.2257
68,6/17/18 8:00,41.787,0.2254
69,6/17/18 9:00,41.925,0.2286
70,6/17/18 10:00,42.247,0.2286
71,6/17/18 11:00,43.167,0.2277
72,6/17/18 12:00,45.082,0.2282
73,6/17/18 13:00,46.931,0.2277
74,6/17/18 14:00,48.85,0.2266
75,6/17/18 15:00,50.929,0.2257
76,6/17/18 16:00,51.895,0.2229
77,6/17/18 17:00,51.105,0.2291
78,6/17/18 18:00,50.092,0.2286
79,6/17/18 19:00,49.737,0.2277
80,6/17/18 20:00,49.383,0.2282
81,6/17/18 21:00,48.717,0.2262
82,6/17/18 22:00,47.959,0.2266
83,6/17/18 23:00,47.199,0.2277
84,6/18/18 0:00,46.526,0.2262
85,6/18/18 1:00,45.896,0.2257
86,6/18/18 2:00,45.217,0.2254
87,6/18/18 3:00,44.537,0.2266
88,6/18/18 4:00,43.9,0.2254
89,6/18/18 5:00,43.259,0.2262
90,6/18/18 6:00,42.663,0.2241
91,6/18/18 7:00,42.156,0.2254
92,6/18/18 8:00,42.017,0.2245
93,6/18/18 9:00,42.294,0.2245
94,6/18/18 10:00,43.306,0.2241
95,6/18/18 11:00,44.719,0.2241
96,6/18/18 12:00,45.714,0.2237
97,6/18/18 13:00,47.064,0.2229
98,6/18/18 14:00,49.338,0.2224
99,6/18/18 15:00,51.721,0.2208
100,6/18/18 16:00,53.515,0.2198
101,6/18/18 17:00,54.343,0.2185
102,6/18/18 18:00,53.733,0.2185
103,6/18/18 19:00,52.554,0.219
104,6/18/18 20:00,51.148,0.2177
105,6/18/18 21:00,49.649,0.2182
106,6/18/18 22:00,48.182,0.2182
107,6/18/18 23:00,46.796,0.2182
108,6/19/18 0:00,45.534,0.2182
109,6/19/18 1:00,44.4,0.2182
110,6/19/18 2:00,43.396,0.2174
111,6/19/18 3:00,42.478,0.2174
112,6/19/18 4:00,41.601,0.2185
113,6/19/18 5:00,40.811,0.2182
114,6/19/18 6:00,40.158,0.219
115,6/19/18 7:00,39.549,0.2182
116,6/19/18 8:00,39.407,0.2182
117,6/19/18 9:00,39.924,0.2185
118,6/19/18 10:00,41.416,0.2185
119,6/19/18 11:00,43.763,0.2177
120,6/19/18 12:00,46.481,0.2169
121,6/19/18 13:00,49.428,0.2156
122,6/19/18 14:00,52.509,0.2143
123,6/19/18 15:00,55.125,0.2126
124,6/19/18 16:00,56.858,0.2122
125,6/19/18 17:00,57.679,0.2112
126,6/19/18 18:00,57.031,0.2104
127,6/19/18 19:00,55.647,0.2087
128,6/19/18 20:00,53.645,0.2092
129,6/19/18 21:00,51.809,0.2083
130,6/19/18 22:00,50.047,0.2083
131,6/19/18 23:00,48.36,0.2087
132,6/20/18 0:00,46.931,0.2092
133,6/20/18 1:00,45.579,0.2087
134,6/20/18 2:00,44.4,0.2087
135,6/20/18 3:00,43.351,0.2092
136,6/20/18 4:00,42.386,0.2104
137,6/20/18 5:00,41.508,0.2109
138,6/20/18 6:00,40.719,0.2109
139,6/20/18 7:00,40.111,0.2112
140,6/20/18 8:00,39.783,0.2112
141,6/20/18 9:00,40.298,0.2104
142,6/20/18 10:00,41.97,0.2095
143,6/20/18 11:00,44.719,0.2104
144,6/20/18 12:00,47.959,0.2078
145,6/20/18 13:00,51.458,0.207
146,6/20/18 14:00,54.604,0.2073
147,6/20/18 15:00,57.42,0.2056
148,6/20/18 16:00,59.229,0.2047
149,6/20/18 17:00,59.616,0.2047
150,6/20/18 18:00,58.541,0.2038
151,6/20/18 19:00,56.988,0.2012
152,6/20/18 20:00,55.168,0.2029
153,6/20/18 21:00,53.384,0.2017
154,6/20/18 22:00,51.678,0.2012
155,6/20/18 23:00,50.092,0.2017
156,6/21/18 0:00,48.717,0.2017
157,6/21/18 1:00,47.467,0.2008
158,6/21/18 2:00,46.301,0.2026
159,6/21/18 3:00,45.307,0.2008
160,6/21/18 4:00,44.4,0.2008
161,6/21/18 5:00,43.488,0.2008
162,6/21/18 6:00,42.616,0.2008
163,6/21/18 7:00,41.878,0.2017
164,6/21/18 8:00,41.648,0.2017
165,6/21/18 9:00,42.156,0.2026
166,6/21/18 10:00,43.808,0.2029
167,6/21/18 11:00,46.391,0.202
168,6/21/18 12:00,49.692,0.2012
169,6/21/18 13:00,53.515,0.1999
170,6/21/18 14:00,56.728,0.1963
171,6/21/18 15:00,59.229,0.1954
172,6/21/18 16:00,60.991,0.1967
173,6/21/18 17:00,61.506,0.1932
174,6/21/18 18:00,60.561,0.1935
175,6/21/18 19:00,59.014,0.1935
176,6/21/18 20:00,57.16,0.1926
177,6/21/18 21:00,55.386,0.1923
178,6/21/18 22:00,53.733,0.1932
179,6/21/18 23:00,52.335,0.1935
180,6/22/18 0:00,51.193,0.1932
181,6/22/18 1:00,50.223,0.1932
182,6/22/18 2:00,49.338,0.1939
183,6/22/18 3:00,48.45,0.1935
184,6/22/18 4:00,47.422,0.1935
185,6/22/18 5:00,46.391,0.1932
186,6/22/18 6:00,45.444,0.1935
187,6/22/18 7:00,44.674,0.1932
188,6/22/18 8:00,44.4,0.1958
189,6/22/18 9:00,44.856,0.1948
190,6/22/18 10:00,45.761,0.1958
191,6/22/18 11:00,47.019,0.1917
192,6/22/18 12:00,49.782,0.1932
193,6/22/18 13:00,52.291,0.1913
194,6/22/18 14:00,52.772,0.1926
195,6/22/18 15:00,52.86,0.1904
196,6/22/18 16:00,53.384,0.1939
197,6/22/18 17:00,53.384,0.1923
198,6/22/18 18:00,53.035,0.1898
199,6/22/18 19:00,52.423,0.1885
200,6/22/18 20:00,51.458,0.1881
201,6/22/18 21:00,50.223,0.1881
202,6/22/18 22:00,48.895,0.1891
203,6/22/18 23:00,47.602,0.1891
204,6/23/18 0:00,46.481,0.1891
205,6/23/18 1:00,45.444,0.1913
206,6/23/18 2:00,44.537,0.1895
207,6/23/18 3:00,43.671,0.1895
208,6/23/18 4:00,42.847,0.1895
209,6/23/18 5:00,42.109,0.1898
210,6/23/18 6:00,41.369,0.1904
211,6/23/18 7:00,40.764,0.1908
212,6/23/18 8:00,40.672,0.1904
213,6/23/18 9:00,41.23,0.1913
214,6/23/18 10:00,42.663,0.1926
215,6/23/18 11:00,45.217,0.1923
216,6/23/18 12:00,48.538,0.1881
217,6/23/18 13:00,52.466,0.1895
218,6/23/18 14:00,56.122,0.1885
219,6/23/18 15:00,58.842,0.1872
220,6/23/18 16:00,60.132,0.1862
221,6/23/18 17:00,60.132,0.183
222,6/23/18 18:00,59.315,0.1862
223,6/23/18 19:00,58.023,0.1826
224,6/23/18 20:00,56.469,0.1816
225,6/23/18 21:00,55.038,0.1826
226,6/23/18 22:00,53.733,0.1826
227,6/23/18 23:00,52.554,0.184
228,6/24/18 0:00,51.458,0.1849
229,6/24/18 1:00,50.576,0.184
230,6/24/18 2:00,49.737,0.182
231,6/24/18 3:00,48.983,0.182
232,6/24/18 4:00,48.182,0.1853
233,6/24/18 5:00,47.377,0.1826
234,6/24/18 6:00,46.706,0.1862
235,6/24/18 7:00,46.211,0.1826
236,6/24/18 8:00,46.031,0.183
237,6/24/18 9:00,46.301,0.1843
238,6/24/18 10:00,47.289,0.1859
239,6/24/18 11:00,49.161,0.1849
240,6/24/18 12:00,50.974,0.183
241,6/24/18 13:00,51.984,0.1816
242,6/24/18 14:00,52.641,0.1813
243,6/24/18 15:00,53.645,0.1826
244,6/24/18 16:00,55.515,0.183
245,6/24/18 17:00,55.776,0.1826
246,6/24/18 18:00,55.299,0.1803
247,6/24/18 19:00,54.43,0.1789
248,6/24/18 20:00,53.035,0.1793
249,6/24/18 21:00,51.633,0.1793
250,6/24/18 22:00,50.268,0.1797
251,6/24/18 23:00,49.028,0.1843
252,6/25/18 0:00,47.871,0.1826
253,6/25/18 1:00,46.796,0.1807
254,6/25/18 2:00,45.806,0.1803
255,6/25/18 3:00,44.946,0.1807
256,6/25/18 4:00,44.127,0.183
257,6/25/18 5:00,43.443,0.1836
258,6/25/18 6:00,42.847,0.1807
259,6/25/18 7:00,42.341,0.1803
260,6/25/18 8:00,42.294,0.1853
261,6/25/18 9:00,42.8,0.1843
262,6/25/18 10:00,44.173,0.1853
263,6/25/18 11:00,46.481,0.1826
264,6/25/18 12:00,49.692,0.182
265,6/25/18 13:00,53.515,0.1783
266,6/25/18 14:00,57.16,0.1797
267,6/25/18 15:00,60.089,0.1765
268,6/25/18 16:00,62.276,0.1689
269,6/25/18 17:00,63.09,0.1685
270,6/25/18 18:00,62.276,0.1677
271,6/25/18 19:00,60.733,0.1724
272,6/25/18 20:00,58.842,0.1667
273,6/25/18 21:00,57.031,0.1671
274,6/25/18 22:00,55.299,0.1732
275,6/25/18 23:00,53.776,0.1695
276,6/26/18 0:00,52.423,0.1738
277,6/26/18 1:00,51.193,0.1732
278,6/26/18 2:00,50.047,0.1685
279,6/26/18 3:00,49.028,0.1746
280,6/26/18 4:00,48.094,0.1724
281,6/26/18 5:00,47.199,0.1746
282,6/26/18 6:00,46.391,0.1695
283,6/26/18 7:00,45.714,0.1746
284,6/26/18 8:00,45.669,0.1685
285,6/26/18 9:00,46.211,0.1738
286,6/26/18 10:00,47.512,0.1681
287,6/26/18 11:00,49.87,0.1663
288,6/26/18 12:00,53.209,0.1699
289,6/26/18 13:00,57.031,0.1685
290,6/26/18 14:00,60.818,0.1671
291,6/26/18 15:00,63.946,0.1663
292,6/26/18 16:00,65.916,0.1648
293,6/26/18 17:00,66.472,0.1585
294,6/26/18 18:00,65.316,0.1581
295,6/26/18 19:00,63.689,0.159
296,6/26/18 20:00,61.848,0.1652
297,6/26/18 21:00,60.046,0.1596
298,6/26/18 22:00,58.411,0.16
299,6/26/18 23:00,56.944,0.159
300,6/27/18 0:00,55.647,0.1652
301,6/27/18 1:00,54.343,0.1596
302,6/27/18 2:00,53.121,0.1581
303,6/27/18 3:00,51.984,0.1581
304,6/27/18 4:00,50.974,0.1585
305,6/27/18 5:00,50.047,0.159
306,6/27/18 6:00,49.204,0.159
307,6/27/18 7:00,48.493,0.1642
308,6/27/18 8:00,48.405,0.159
309,6/27/18 9:00,48.895,0.1638
310,6/27/18 10:00,50.092,0.1581
311,6/27/18 11:00,52.291,0.1608
312,6/27/18 12:00,55.472,0.159
313,6/27/18 13:00,59.099,0.1577
314,6/27/18 14:00,62.49,0.1547
315,6/27/18 15:00,65.444,0.1527
316,6/27/18 16:00,67.285,0.1519
317,6/27/18 17:00,67.586,0.1503
318,6/27/18 18:00,66.515,0.149
319,6/27/18 19:00,64.931,0.1479
320,6/27/18 20:00,63.09,0.1425
321,6/27/18 21:00,61.333,0.143
322,6/27/18 22:00,59.702,0.143
323,6/27/18 23:00,58.195,0.1425
324,6/28/18 0:00,56.858,0.1416
325,6/28/18 1:00,55.602,0.1484
326,6/28/18 2:00,54.473,0.1434
327,6/28/18 3:00,53.384,0.1441
328,6/28/18 4:00,52.423,0.147
329,6/28/18 5:00,51.544,0.1416
330,6/28/18 6:00,50.621,0.1416
331,6/28/18 7:00,49.87,0.1479
332,6/28/18 8:00,49.782,0.1412
333,6/28/18 9:00,50.135,0.1466
334,6/28/18 10:00,51.148,0.1455
335,6/28/18 11:00,53.209,0.1434
336,6/28/18 12:00,55.949,0.1405
337,6/28/18 13:00,59.185,0.1387
338,6/28/18 14:00,62.447,0.137
339,6/28/18 15:00,65.23,0.1347
340,6/28/18 16:00,66.943,0.1331
341,6/28/18 17:00,67.242,0.1271
342,6/28/18 18:00,66.173,0.1321
343,6/28/18 19:00,64.76,0.129
344,6/28/18 20:00,63.219,0.1302
345,6/28/18 21:00,61.633,0.1237
346,6/28/18 22:00,60.089,0.129
347,6/28/18 23:00,58.669,0.1229
348,6/29/18 0:00,57.42,0.1266
349,6/29/18 1:00,56.208,0.1237
350,6/29/18 2:00,54.952,0.1229
351,6/29/18 3:00,53.69,0.1229
352,6/29/18 4:00,52.509,0.1219
353,6/29/18 5:00,51.544,0.1271
354,6/29/18 6:00,50.664,0.1281
355,6/29/18 7:00,49.87,0.1242
356,6/29/18 8:00,49.604,0.1271
357,6/29/18 9:00,49.87,0.1266
358,6/29/18 10:00,50.752,0.1256
359,6/29/18 11:00,52.509,0.1237
360,6/29/18 12:00,55.299,0.1214
361,6/29/18 13:00,58.582,0.1199
362,6/29/18 14:00,62.019,0.1189
363,6/29/18 15:00,64.76,0.1174
364,6/29/18 16:00,66.429,0.1159
365,6/29/18 17:00,66.686,0.1143
366,6/29/18 18:00,65.487,0.1133
367,6/29/18 19:00,63.819,0.1122
368,6/29/18 20:00,61.977,0.1112
369,6/29/18 21:00,60.303,0.1058
370,6/29/18 22:00,58.669,0.1058
371,6/29/18 23:00,57.16,0.1058
372,6/30/18 0:00,55.776,0.1064
373,6/30/18 1:00,54.473,0.1058
374,6/30/18 2:00,53.209,0.1058
375,6/30/18 3:00,52.072,0.1053
376,6/30/18 4:00,51.062,0.1064
377,6/30/18 5:00,50.18,0.1064
378,6/30/18 6:00,49.383,0.1058
379,6/30/18 7:00,48.762,0.1091
380,6/30/18 8:00,48.628,0.1053
381,6/30/18 9:00,49.028,0.1112
382,6/30/18 10:00,50.002,0.1096
383,6/30/18 11:00,51.852,0.1042
384,6/30/18 12:00,54.604,0.1075
385,6/30/18 13:00,58.023,0.1053
386,6/30/18 14:00,61.205,0.1003
387,6/30/18 15:00,63.689,0.1025
388,6/30/18 16:00,65.102,0.1025
389,6/30/18 17:00,65.444,0.0998
390,6/30/18 18:00,64.503,0.0992
391,6/30/18 19:00,62.875,0.0937
392,6/30/18 20:00,61.075,0.0937
393,6/30/18 21:00,59.445,0.092
394,6/30/18 22:00,57.85,0.0926
395,6/30/18 23:00,56.34,0.0914
396,7/1/18 0:00,54.995,0.092
397,7/1/18 1:00,53.733,0.092
398,7/1/18 2:00,52.597,0.0914
399,7/1/18 3:00,51.544,0.0914
400,7/1/18 4:00,50.621,0.0914
401,7/1/18 5:00,49.87,0.0943
402,7/1/18 6:00,49.161,0.092
403,7/1/18 7:00,48.538,0.0908
404,7/1/18 8:00,48.45,0.0961
405,7/1/18 9:00,48.938,0.0963
406,7/1/18 10:00,49.959,0.0955
407,7/1/18 11:00,51.633,0.0949
408,7/1/18 12:00,54.43,0.0943
409,7/1/18 13:00,58.109,0.0932
410,7/1/18 14:00,61.891,0.092
411,7/1/18 15:00,65.059,0.0881
412,7/1/18 16:00,66.985,0.0908
413,7/1/18 17:00,67.199,0.0896
414,7/1/18 18:00,65.959,0.0841
415,7/1/18 19:00,64.074,0.0816
416,7/1/18 20:00,62.148,0.0816
417,7/1/18 21:00,60.303,0.0822
418,7/1/18 22:00,58.582,0.0794
419,7/1/18 23:00,56.944,0.0794
420,7/2/18 0:00,55.472,0.0787
421,7/2/18 1:00,54.169,0.0787
422,7/2/18 2:00,53.035,0.0781
423,7/2/18 3:00,51.94,0.0787
424,7/2/18 4:00,50.929,0.0781
425,7/2/18 5:00,49.959,0.0787
426,7/2/18 6:00,49.073,0.0781
427,7/2/18 7:00,48.45,0.0787
428,7/2/18 8:00,48.315,0.0787
429,7/2/18 9:00,48.85,0.0803
430,7/2/18 10:00,50.092,0.0835
431,7/2/18 11:00,52.203,0.0822
432,7/2/18 12:00,55.168,0.0816
433,7/2/18 13:00,58.798,0.0816
434,7/2/18 14:00,62.577,0.0768
435,7/2/18 15:00,65.574,0.0797
436,7/2/18 16:00,67.285,0.0794
437,7/2/18 17:00,67.413,0.0745
438,7/2/18 18:00,66.087,0.0738
439,7/2/18 19:00,64.288,0.0745
440,7/2/18 20:00,62.362,0.0702
441,7/2/18 21:00,60.561,0.0695
442,7/2/18 22:00,58.971,0.0691
443,7/2/18 23:00,57.549,0.0684
444,7/3/18 0:00,56.208,0.0684
445,7/3/18 1:00,54.952,0.0678
446,7/3/18 2:00,53.82,0.0671
447,7/3/18 3:00,52.817,0.0671
448,7/3/18 4:00,51.895,0.0664
449,7/3/18 5:00,51.105,0.0664
450,7/3/18 6:00,50.356,0.0678
451,7/3/18 7:00,49.782,0.0671
452,7/3/18 8:00,49.782,0.0715
453,7/3/18 9:00,50.268,0.0715
454,7/3/18 10:00,51.413,0.0715
455,7/3/18 11:00,53.298,0.0708
456,7/3/18 12:00,55.906,0.0708
457,7/3/18 13:00,58.798,0.0708
458,7/3/18 14:00,62.191,0.0691
459,7/3/18 15:00,65.23,0.0702
460,7/3/18 16:00,66.6,0.0691
461,7/3/18 17:00,65.872,0.0684
462,7/3/18 18:00,64.503,0.0639
463,7/3/18 19:00,63.304,0.0664
464,7/3/18 20:00,62.019,0.0621
465,7/3/18 21:00,60.69,0.0621
466,7/3/18 22:00,59.401,0.0646
467,7/3/18 23:00,58.152,0.0599
468,7/4/18 0:00,56.944,0.0599
469,7/4/18 1:00,55.733,0.0596
470,7/4/18 2:00,54.691,0.0614
471,7/4/18 3:00,53.69,0.0632
472,7/4/18 4:00,52.772,0.0614
473,7/4/18 5:00,51.94,0.0596
474,7/4/18 6:00,51.148,0.0581
475,7/4/18 7:00,50.4,0.0628
476,7/4/18 8:00,50.268,0.0632
477,7/4/18 9:00,50.752,0.0599
478,7/4/18 10:00,51.94,0.0599
479,7/4/18 11:00,53.951,0.0596
480,7/4/18 12:00,56.469,0.0596
481,7/4/18 13:00,59.185,0.0599
482,7/4/18 14:00,62.191,0.0632
483,7/4/18 15:00,65.059,0.0614
484,7/4/18 16:00,66.985,0.0653
485,7/4/18 17:00,67.285,0.0628
486,7/4/18 18:00,66.472,0.0614
487,7/4/18 19:00,65.316,0.0574
488,7/4/18 20:00,63.775,0.0574
489,7/4/18 21:00,62.148,0.0555
490,7/4/18 22:00,60.604,0.0544
491,7/4/18 23:00,59.185,0.0544
492,7/5/18 0:00,57.979,0.0536
493,7/5/18 1:00,57.031,0.0547
494,7/5/18 2:00,56.079,0.0536
495,7/5/18 3:00,55.125,0.0521
496,7/5/18 4:00,54.255,0.0521
497,7/5/18 5:00,53.472,0.0521
498,7/5/18 6:00,52.772,0.0521
499,7/5/18 7:00,52.203,0.0521
500,7/5/18 8:00,52.16,0.0536
501,7/5/18 9:00,52.686,0.0536
502,7/5/18 10:00,53.908,0.0562
503,7/5/18 11:00,55.819,0.0544
504,7/5/18 12:00,58.023,0.057
505,7/5/18 13:00,59.229,0.0536
506,7/5/18 14:00,60.904,0.0581
507,7/5/18 15:00,62.704,0.057
508,7/5/18 16:00,62.577,0.0528
509,7/5/18 17:00,61.848,0.0562
510,7/5/18 18:00,61.376,0.0547
511,7/5/18 19:00,60.733,0.0521
512,7/5/18 20:00,59.916,0.0509
513,7/5/18 21:00,58.885,0.0509
514,7/5/18 22:00,57.85,0.0509
515,7/5/18 23:00,56.772,0.0509
516,7/6/18 0:00,55.776,0.0494
517,7/6/18 1:00,54.777,0.0494
518,7/6/18 2:00,53.951,0.049
519,7/6/18 3:00,53.209,0.049
520,7/6/18 4:00,52.509,0.049
521,7/6/18 5:00,51.721,0.049
522,7/6/18 6:00,51.017,0.049
523,7/6/18 7:00,50.488,0.0494
524,7/6/18 8:00,50.488,0.0501
525,7/6/18 9:00,51.148,0.0544
526,7/6/18 10:00,52.509,0.0517
527,7/6/18 11:00,54.648,0.0547
528,7/6/18 12:00,57.333,0.0547
529,7/6/18 13:00,60.39,0.0521
530,7/6/18 14:00,63.39,0.0555
531,7/6/18 15:00,66.043,0.0562
532,7/6/18 16:00,67.456,0.057
533,7/6/18 17:00,67.5,0.0536
534,7/6/18 18:00,66.558,0.0544
535,7/6/18 19:00,65.188,0.0494
536,7/6/18 20:00,63.819,0.0517
537,7/6/18 21:00,62.406,0.0482
538,7/6/18 22:00,60.904,0.0474
539,7/6/18 23:00,59.486,0.047
540,7/7/18 0:00,58.195,0.0462
541,7/7/18 1:00,57.031,0.0462
542,7/7/18 2:00,55.949,0.0462
543,7/7/18 3:00,54.995,0.0446
544,7/7/18 4:00,54.082,0.0446
545,7/7/18 5:00,53.253,0.0446
546,7/7/18 6:00,52.509,0.0446
547,7/7/18 7:00,51.852,0.049
548,7/7/18 8:00,51.809,0.0494
549,7/7/18 9:00,52.423,0.0462
550,7/7/18 10:00,53.69,0.0501
551,7/7/18 11:00,55.647,0.0509
552,7/7/18 12:00,58.109,0.0509
553,7/7/18 13:00,61.376,0.0521
554,7/7/18 14:00,64.288,0.0521
555,7/7/18 15:00,65.872,0.0521
556,7/7/18 16:00,66.515,0.0517
557,7/7/18 17:00,65.829,0.047
558,7/7/18 18:00,64.204,0.0454
559,7/7/18 19:00,62.191,0.049
560,7/7/18 20:00,60.217,0.0474
561,7/7/18 21:00,58.755,0.049
562,7/7/18 22:00,57.549,0.0494
563,7/7/18 23:00,56.251,0.049
564,7/8/18 0:00,55.038,0.049
565,7/8/18 1:00,53.908,0.0482
566,7/8/18 2:00,52.947,0.0482
567,7/8/18 3:00,51.984,0.049
568,7/8/18 4:00,51.105,0.049
569,7/8/18 5:00,50.311,0.0482
570,7/8/18 6:00,49.604,0.0474
571,7/8/18 7:00,49.073,0.0482
572,7/8/18 8:00,49.073,0.049
573,7/8/18 9:00,49.87,0.0536
574,7/8/18 10:00,51.37,0.0544
575,7/8/18 11:00,53.951,0.0547
576,7/8/18 12:00,57.376,0.0547
577,7/8/18 13:00,60.474,0.0547
578,7/8/18 14:00,63.433,0.0562
579,7/8/18 15:00,65.059,0.0555
580,7/8/18 16:00,63.775,0.0501
581,7/8/18 17:00,61.72,0.0509
582,7/8/18 18:00,59.616,0.0562
583,7/8/18 19:00,57.893,0.0596
584,7/8/18 20:00,56.901,0.0599
585,7/8/18 21:00,56.035,0.0599
586,7/8/18 22:00,55.081,0.0599
587,7/8/18 23:00,54.255,0.0607
588,7/9/18 0:00,53.427,0.0607
589,7/9/18 1:00,52.729,0.0614
590,7/9/18 2:00,52.115,0.0621
591,7/9/18 3:00,51.325,0.0628
592,7/9/18 4:00,50.488,0.0632
593,7/9/18 5:00,49.692,0.0632
594,7/9/18 6:00,48.895,0.0632
595,7/9/18 7:00,48.137,0.0632
596,7/9/18 8:00,47.914,0.0653
597,7/9/18 9:00,48.493,0.0678
598,7/9/18 10:00,49.825,0.0678
599,7/9/18 11:00,52.203,0.0678
600,7/9/18 12:00,55.647,0.0684
601,7/9/18 13:00,59.702,0.0678
602,7/9/18 14:00,63.219,0.0684
603,7/9/18 15:00,65.574,0.0684
604,7/9/18 16:00,66.558,0.0684
605,7/9/18 17:00,66.385,0.0684
606,7/9/18 18:00,65.444,0.0664
607,7/9/18 19:00,64.033,0.0653
608,7/9/18 20:00,62.62,0.0621
609,7/9/18 21:00,61.248,0.0607
610,7/9/18 22:00,59.873,0.0599
611,7/9/18 23:00,58.498,0.0628
612,7/10/18 0:00,57.204,0.0621
613,7/10/18 1:00,56.035,0.0614
614,7/10/18 2:00,54.995,0.0607
615,7/10/18 3:00,54.082,0.0599
616,7/10/18 4:00,53.209,0.0599
617,7/10/18 5:00,52.335,0.0596
618,7/10/18 6:00,51.458,0.0599
619,7/10/18 7:00,50.752,0.0599
620,7/10/18 8:00,50.576,0.0596
621,7/10/18 9:00,51.193,0.0599
622,7/10/18 10:00,52.554,0.0607
623,7/10/18 11:00,54.516,0.0574
624,7/10/18 12:00,57.376,0.0607
625,7/10/18 13:00,61.119,0.0607
626,7/10/18 14:00,64.632,0.0614
627,7/10/18 15:00,65.53,0.0599
628,7/10/18 16:00,64.247,0.0555
629,7/10/18 17:00,62.319,0.0555
630,7/10/18 18:00,60.861,0.0547
631,7/10/18 19:00,59.788,0.0555
632,7/10/18 20:00,58.755,0.0588
633,7/10/18 21:00,57.765,0.0555
634,7/10/18 22:00,56.685,0.0547
635,7/10/18 23:00,55.602,0.0547
636,7/11/18 0:00,54.516,0.0547
637,7/11/18 1:00,53.472,0.0555
638,7/11/18 2:00,52.509,0.0555
639,7/11/18 3:00,51.633,0.0555
640,7/11/18 4:00,50.752,0.0562
641,7/11/18 5:00,49.914,0.0555
642,7/11/18 6:00,49.116,0.0562
643,7/11/18 7:00,48.493,0.0555
644,7/11/18 8:00,48.405,0.0547
645,7/11/18 9:00,49.116,0.0599
646,7/11/18 10:00,50.664,0.0599
647,7/11/18 11:00,53.078,0.0607
648,7/11/18 12:00,55.342,0.0607
649,7/11/18 13:00,56.944,0.0607
650,7/11/18 14:00,58.669,0.0599
651,7/11/18 15:00,58.455,0.0555
652,7/11/18 16:00,57.506,0.0599
653,7/11/18 17:00,56.988,0.0599
654,7/11/18 18:00,56.556,0.0599
655,7/11/18 19:00,55.863,0.0596
656,7/11/18 20:00,54.952,0.0581
657,7/11/18 21:00,53.994,0.0547
658,7/11/18 22:00,53.253,0.0562
659,7/11/18 23:00,52.509,0.0544
660,7/12/18 0:00,51.809,0.0581
661,7/12/18 1:00,51.105,0.0581
662,7/12/18 2:00,50.576,0.0581
663,7/12/18 3:00,50.18,0.0574
664,7/12/18 4:00,49.782,0.0574
665,7/12/18 5:00,49.604,0.057
666,7/12/18 6:00,49.028,0.057
667,7/12/18 7:00,48.405,0.057
668,7/12/18 8:00,48.182,0.057
669,7/12/18 9:00,48.762,0.0574
670,7/12/18 10:00,50.18,0.0581
671,7/12/18 11:00,51.984,0.0574
672,7/12/18 12:00,53.951,0.0588
673,7/12/18 13:00,56.988,0.0581
674,7/12/18 14:00,58.798,0.0581
675,7/12/18 15:00,59.056,0.0588
676,7/12/18 16:00,59.315,0.0581
677,7/12/18 17:00,59.702,0.0581
678,7/12/18 18:00,59.529,0.0574
679,7/12/18 19:00,58.755,0.057
680,7/12/18 20:00,57.722,0.0596
681,7/12/18 21:00,56.469,0.0775
682,7/12/18 22:00,55.038,0.0857
683,7/12/18 23:00,54.126,0.085
684,7/13/18 0:00,53.253,0.085
685,7/13/18 1:00,52.378,0.085
686,7/13/18 2:00,51.633,0.0863
687,7/13/18 3:00,50.886,0.0863
688,7/13/18 4:00,50.311,0.0863
689,7/13/18 5:00,49.692,0.0863
690,7/13/18 6:00,48.895,0.0875
691,7/13/18 7:00,48.227,0.0857
692,7/13/18 8:00,48.004,0.0857
693,7/13/18 9:00,48.672,0.0869
694,7/13/18 10:00,50.268,0.0863
695,7/13/18 11:00,52.509,0.0857
696,7/13/18 12:00,54.995,0.0857
697,7/13/18 13:00,57.16,0.0857
698,7/13/18 14:00,58.455,0.085
699,7/13/18 15:00,58.842,0.0844
700,7/13/18 16:00,58.626,0.0844
701,7/13/18 17:00,59.142,0.085
702,7/13/18 18:00,59.272,0.0835
703,7/13/18 19:00,58.626,0.0835
704,7/13/18 20:00,57.807,0.0841
705,7/13/18 21:00,56.988,0.0835
706,7/13/18 22:00,56.122,0.0829
707,7/13/18 23:00,55.213,0.0829
708,7/14/18 0:00,54.255,0.0829
709,7/14/18 1:00,53.341,0.0829
710,7/14/18 2:00,52.423,0.0835
711,7/14/18 3:00,51.633,0.0835
712,7/14/18 4:00,50.974,0.0835
713,7/14/18 5:00,50.311,0.0835
714,7/14/18 6:00,49.604,0.0835
715,7/14/18 7:00,48.983,0.0829
716,7/14/18 8:00,48.762,0.0835
717,7/14/18 9:00,49.383,0.0841
718,7/14/18 10:00,51.062,0.0829
719,7/14/18 11:00,53.994,0.0822
720,7/14/18 12:00,57.807,0.081
721,7/14/18 13:00,61.547,0.0803
722,7/14/18 14:00,64.546,0.0803
723,7/14/18 15:00,66.9,0.0794
724,7/14/18 16:00,67.543,0.0781
725,7/14/18 17:00,66.429,0.0775
726,7/14/18 18:00,65.316,0.0768
727,7/14/18 19:00,64.204,0.0758
728,7/14/18 20:00,62.834,0.0758
729,7/14/18 21:00,61.547,0.0745
730,7/14/18 22:00,60.26,0.0738
731,7/14/18 23:00,59.056,0.0738
732,7/15/18 0:00,57.979,0.0745
733,7/15/18 1:00,57.031,0.0732
734,7/15/18 2:00,56.122,0.0725
735,7/15/18 3:00,55.386,0.0725
736,7/15/18 4:00,54.734,0.0725
737,7/15/18 5:00,54.126,0.0722
738,7/15/18 6:00,53.515,0.0722
739,7/15/18 7:00,52.992,0.0722
740,7/15/18 8:00,52.686,0.0725
741,7/15/18 9:00,52.554,0.0722
742,7/15/18 10:00,52.686,0.0725
743,7/15/18 11:00,52.817,0.0722
744,7/15/18 12:00,53.078,0.0715
745,7/15/18 13:00,53.994,0.0715
746,7/15/18 14:00,55.733,0.0715
747,7/15/18 15:00,58.325,0.0722
748,7/15/18 16:00,60.132,0.0708
749,7/15/18 17:00,60.046,0.0678
750,7/15/18 18:00,58.498,0.0781
751,7/15/18 19:00,57.204,0.0787
752,7/15/18 20:00,56.208,0.0797
753,7/15/18 21:00,55.386,0.0822
754,7/15/18 22:00,54.43,0.0822
755,7/15/18 23:00,53.427,0.0822
756,7/16/18 0:00,52.554,0.0863
757,7/16/18 1:00,51.721,0.0863
758,7/16/18 2:00,51.017,0.0869
759,7/16/18 3:00,50.356,0.0869
760,7/16/18 4:00,49.649,0.0869
761,7/16/18 5:00,48.938,0.0863
762,7/16/18 6:00,48.272,0.0863
763,7/16/18 7:00,47.691,0.0863
764,7/16/18 8:00,47.557,0.0863
765,7/16/18 9:00,48.182,0.0857
766,7/16/18 10:00,49.87,0.0869
767,7/16/18 11:00,52.772,0.0863
768,7/16/18 12:00,55.647,0.0857
769,7/16/18 13:00,57.117,0.0857
770,7/16/18 14:00,60.346,0.0857
771,7/16/18 15:00,62.661,0.0844
772,7/16/18 16:00,63.604,0.0835
773,7/16/18 17:00,63.133,0.0835
774,7/16/18 18:00,62.319,0.0829
775,7/16/18 19:00,61.075,0.0775
776,7/16/18 20:00,59.229,0.0961
777,7/16/18 21:00,57.85,0.0963
778,7/16/18 22:00,56.556,0.0981
779,7/16/18 23:00,55.386,0.0975
780,7/17/18 0:00,54.343,0.0975
781,7/17/18 1:00,53.515,0.0981
782,7/17/18 2:00,52.686,0.0986
783,7/17/18 3:00,51.984,0.0992
784,7/17/18 4:00,51.325,0.0992
785,7/17/18 5:00,50.752,0.0992
786,7/17/18 6:00,50.135,0.0998
787,7/17/18 7:00,49.561,0.0998
788,7/17/18 8:00,49.338,0.0992
789,7/17/18 9:00,49.87,0.1003
790,7/17/18 10:00,51.282,0.0998
791,7/17/18 11:00,53.951,0.0992
792,7/17/18 12:00,57.807,0.0986
793,7/17/18 13:00,61.376,0.0981
794,7/17/18 14:00,64.459,0.0975
795,7/17/18 15:00,65.574,0.0969
796,7/17/18 16:00,65.788,0.0955
797,7/17/18 17:00,65.188,0.0955
798,7/17/18 18:00,64.161,0.0949
799,7/17/18 19:00,62.62,0.0937
800,7/17/18 20:00,61.162,0.0937
801,7/17/18 21:00,59.616,0.0937
802,7/17/18 22:00,58.109,0.0943
803,7/17/18 23:00,56.642,0.0943
804,7/18/18 0:00,55.299,0.0932
805,7/18/18 1:00,54.082,0.0932
806,7/18/18 2:00,52.947,0.0937
807,7/18/18 3:00,51.984,0.0943
808,7/18/18 4:00,51.105,0.0937
809,7/18/18 5:00,50.268,0.0937
810,7/18/18 6:00,49.604,0.0937
811,7/18/18 7:00,48.983,0.0932
812,7/18/18 8:00,48.85,0.0926
813,7/18/18 9:00,49.338,0.0926
814,7/18/18 10:00,50.797,0.0914
815,7/18/18 11:00,53.602,0.0902
816,7/18/18 12:00,57.463,0.0896
817,7/18/18 13:00,61.376,0.0887
818,7/18/18 14:00,63.819,0.0869
819,7/18/18 15:00,64.717,0.0857
820,7/18/18 16:00,65.102,0.085
821,7/18/18 17:00,65.145,0.0844
822,7/18/18 18:00,64.589,0.0835
823,7/18/18 19:00,63.604,0.0822
824,7/18/18 20:00,62.233,0.0816
825,7/18/18 21:00,60.818,0.081
826,7/18/18 22:00,59.401,0.081
827,7/18/18 23:00,58.066,0.081
828,7/19/18 0:00,56.772,0.0803
829,7/19/18 1:00,55.647,0.0794
830,7/19/18 2:00,54.604,0.0797
831,7/19/18 3:00,53.645,0.0794
832,7/19/18 4:00,52.729,0.0787
833,7/19/18 5:00,51.895,0.0794
834,7/19/18 6:00,51.105,0.0797
835,7/19/18 7:00,50.4,0.0787
836,7/19/18 8:00,50.18,0.0775
837,7/19/18 9:00,50.886,0.0768
838,7/19/18 10:00,52.423,0.0762
839,7/19/18 11:00,55.342,0.0758
840,7/19/18 12:00,59.272,0.0745
841,7/19/18 13:00,62.834,0.0732
842,7/19/18 14:00,65.102,0.0725
843,7/19/18 15:00,65.916,0.0722
844,7/19/18 16:00,66.301,0.0722
845,7/19/18 17:00,65.788,0.0708
846,7/19/18 18:00,65.102,0.0708
847,7/19/18 19:00,64.117,0.0695
848,7/19/18 20:00,62.875,0.0684
849,7/19/18 21:00,61.419,0.0678
850,7/19/18 22:00,60.046,0.0671
851,7/19/18 23:00,58.712,0.0671
852,7/20/18 0:00,57.506,0.0671
853,7/20/18 1:00,56.426,0.0671
854,7/20/18 2:00,55.515,0.0664
855,7/20/18 3:00,54.604,0.066
856,7/20/18 4:00,53.776,0.066
857,7/20/18 5:00,52.992,0.066
858,7/20/18 6:00,52.291,0.0653
859,7/20/18 7:00,51.764,0.0653
860,7/20/18 8:00,51.721,0.0653
861,7/20/18 9:00,52.335,0.0653
862,7/20/18 10:00,53.776,0.0646
863,7/20/18 11:00,56.512,0.0646
864,7/20/18 12:00,59.788,0.0632
865,7/20/18 13:00,63.09,0.0632
866,7/20/18 14:00,65.745,0.0628
867,7/20/18 15:00,66.13,0.0621
868,7/20/18 16:00,65.273,0.0607
869,7/20/18 17:00,64.161,0.0599
870,7/20/18 18:00,63.048,0.0607
871,7/20/18 19:00,62.148,0.0596
872,7/20/18 20:00,61.248,0.0596
873,7/20/18 21:00,60.174,0.0596
874,7/20/18 22:00,58.885,0.0599
875,7/20/18 23:00,57.722,0.0581
876,7/21/18 0:00,56.685,0.0588
877,7/21/18 1:00,55.733,0.0581
878,7/21/18 2:00,54.82,0.0574
879,7/21/18 3:00,53.994,0.057
880,7/21/18 4:00,53.209,0.0574
881,7/21/18 5:00,52.423,0.0574
882,7/21/18 6:00,51.721,0.0574
883,7/21/18 7:00,51.193,0.057
884,7/21/18 8:00,51.105,0.0574
885,7/21/18 9:00,51.809,0.0574
886,7/21/18 10:00,53.472,0.0574
887,7/21/18 11:00,56.122,0.0574
888,7/21/18 12:00,59.659,0.057
889,7/21/18 13:00,64.117,0.0574
890,7/21/18 14:00,67.627,0.0574
891,7/21/18 15:00,69.3,0.0574
892,7/21/18 16:00,69.858,0.0574
893,7/21/18 17:00,69.3,0.0574
894,7/21/18 18:00,68.227,0.0562
895,7/21/18 19:00,66.814,0.0547
896,7/21/18 20:00,65.444,0.0547
897,7/21/18 21:00,64.117,0.0547
898,7/21/18 22:00,62.704,0.0528
899,7/21/18 23:00,61.376,0.0536
900,7/22/18 0:00,60.132,0.0528
901,7/22/18 1:00,59.142,0.0528
902,7/22/18 2:00,58.325,0.0521
903,7/22/18 3:00,57.679,0.0521
904,7/22/18 4:00,57.031,0.0517
905,7/22/18 5:00,56.34,0.0517
906,7/22/18 6:00,55.472,0.0509
907,7/22/18 7:00,54.604,0.0509
908,7/22/18 8:00,54.343,0.0509
909,7/22/18 9:00,54.995,0.0517
910,7/22/18 10:00,56.642,0.0517
911,7/22/18 11:00,59.659,0.0521
912,7/22/18 12:00,63.732,0.0517
913,7/22/18 13:00,67.928,0.0521
914,7/22/18 14:00,70.93,0.0521
915,7/22/18 15:00,72.307,0.0528
916,7/22/18 16:00,72.696,0.0536
917,7/22/18 17:00,71.964,0.0528
918,7/22/18 18:00,70.63,0.0521
919,7/22/18 19:00,69.386,0.0501
920,7/22/18 20:00,68.013,0.0494
921,7/22/18 21:00,66.643,0.0494
922,7/22/18 22:00,65.188,0.0494
923,7/22/18 23:00,63.518,0.0517
924,7/23/18 0:00,61.977,0.0521
925,7/23/18 1:00,60.647,0.0528
926,7/23/18 2:00,59.445,0.0528
927,7/23/18 3:00,58.411,0.0528
928,7/23/18 4:00,57.29,0.0521
929,7/23/18 5:00,56.208,0.0517
930,7/23/18 6:00,55.213,0.0517
931,7/23/18 7:00,54.387,0.0517
932,7/23/18 8:00,54.037,0.0517
933,7/23/18 9:00,54.473,0.0521
934,7/23/18 10:00,56.035,0.0528
935,7/23/18 11:00,59.272,0.0521
936,7/23/18 12:00,62.962,0.0528
937,7/23/18 13:00,66.558,0.0517
938,7/23/18 14:00,69.427,0.0521
939,7/23/18 15:00,70.803,0.0521
940,7/23/18 16:00,70.974,0.0544
941,7/23/18 17:00,70.243,0.0528
942,7/23/18 18:00,69.213,0.0509
943,7/23/18 19:00,67.928,0.0501
944,7/23/18 20:00,66.558,0.0482
945,7/23/18 21:00,65.102,0.0474
946,7/23/18 22:00,63.561,0.047
947,7/23/18 23:00,62.191,0.0462
948,7/24/18 0:00,60.904,0.0454
949,7/24/18 1:00,59.616,0.047
950,7/24/18 2:00,58.541,0.0454
951,7/24/18 3:00,57.592,0.0446
952,7/24/18 4:00,56.728,0.0446
953,7/24/18 5:00,56.035,0.0446
954,7/24/18 6:00,55.429,0.0446
955,7/24/18 7:00,54.82,0.0446
956,7/24/18 8:00,54.516,0.0446
957,7/24/18 9:00,55.038,0.0454
958,7/24/18 10:00,56.512,0.0454
959,7/24/18 11:00,58.368,0.0454
960,7/24/18 12:00,62.019,0.047
961,7/24/18 13:00,65.316,0.0462
962,7/24/18 14:00,67.798,0.0474
963,7/24/18 15:00,68.956,0.047
964,7/24/18 16:00,68.27,0.0462
965,7/24/18 17:00,67.329,0.047
966,7/24/18 18:00,66.472,0.047
967,7/24/18 19:00,65.23,0.0454
968,7/24/18 20:00,63.99,0.0442
969,7/24/18 21:00,62.704,0.0442
970,7/24/18 22:00,61.419,0.0434
971,7/24/18 23:00,60.26,0.0434
972,7/25/18 0:00,59.315,0.0434
973,7/25/18 1:00,58.498,0.0425
974,7/25/18 2:00,57.722,0.0421
975,7/25/18 3:00,56.728,0.0421
976,7/25/18 4:00,55.733,0.0421
977,7/25/18 5:00,54.777,0.0413
978,7/25/18 6:00,53.908,0.0413
979,7/25/18 7:00,53.121,0.0413
980,7/25/18 8:00,52.903,0.0425
981,7/25/18 9:00,53.298,0.0434
982,7/25/18 10:00,54.126,0.0434
983,7/25/18 11:00,55.819,0.0442
984,7/25/18 12:00,59.185,0.0446
985,7/25/18 13:00,61.248,0.0442
986,7/25/18 14:00,62.704,0.0446
987,7/25/18 15:00,65.188,0.0454
988,7/25/18 16:00,66.214,0.0446
989,7/25/18 17:00,65.359,0.0421
990,7/25/18 18:00,64.418,0.0421
991,7/25/18 19:00,63.347,0.0405
992,7/25/18 20:00,61.977,0.0392
993,7/25/18 21:00,60.561,0.0392
994,7/25/18 22:00,59.315,0.0384
995,7/25/18 23:00,58.368,0.0384
996,7/26/18 0:00,57.42,0.0371
997,7/26/18 1:00,56.34,0.0371
998,7/26/18 2:00,55.342,0.0371
999,7/26/18 3:00,54.473,0.035
1000,7/26/18 4:00,53.645,0.035
1001,7/26/18 5:00,52.86,0.035
1002,7/26/18 6:00,52.203,0.035
1003,7/26/18 7:00,51.633,0.035
1004,7/26/18 8:00,51.589,0.0354
1005,7/26/18 9:00,52.291,0.0401
1006,7/26/18 10:00,53.908,0.0363
1007,7/26/18 11:00,56.426,0.0371
1008,7/26/18 12:00,59.572,0.0375
1009,7/26/18 13:00,61.848,0.0375
1010,7/26/18 14:00,63.732,0.0413
1011,7/26/18 15:00,65.017,0.0384
1012,7/26/18 16:00,65.403,0.0425
1013,7/26/18 17:00,65.273,0.0425
1014,7/26/18 18:00,64.589,0.0384
1015,7/26/18 19:00,63.39,0.0363
1016,7/26/18 20:00,61.977,0.0354
1017,7/26/18 21:00,60.561,0.035
1018,7/26/18 22:00,59.185,0.0341
1019,7/26/18 23:00,57.893,0.0332
1020,7/27/18 0:00,56.728,0.0328
1021,7/27/18 1:00,55.647,0.0328
1022,7/27/18 2:00,54.648,0.0319
1023,7/27/18 3:00,53.69,0.0319
1024,7/27/18 4:00,52.86,0.0319
1025,7/27/18 5:00,51.984,0.0319
1026,7/27/18 6:00,51.193,0.0319
1027,7/27/18 7:00,50.621,0.0319
1028,7/27/18 8:00,50.576,0.0363
1029,7/27/18 9:00,51.282,0.0332
1030,7/27/18 10:00,53.035,0.0384
1031,7/27/18 11:00,56.122,0.0384
1032,7/27/18 12:00,58.325,0.0341
1033,7/27/18 13:00,59.788,0.0392
1034,7/27/18 14:00,63.09,0.0401
1035,7/27/18 15:00,64.803,0.0405
1036,7/27/18 16:00,65.23,0.0354
1037,7/27/18 17:00,64.204,0.0354
1038,7/27/18 18:00,62.661,0.035
1039,7/27/18 19:00,61.333,0.0341
1040,7/27/18 20:00,59.788,0.0354
1041,7/27/18 21:00,58.325,0.0354
1042,7/27/18 22:00,57.031,0.0354
1043,7/27/18 23:00,55.776,0.035
1044,7/28/18 0:00,54.516,0.0341
1045,7/28/18 1:00,53.427,0.0341
1046,7/28/18 2:00,52.466,0.0341
1047,7/28/18 3:00,51.544,0.0332
1048,7/28/18 4:00,50.621,0.0341
1049,7/28/18 5:00,49.87,0.0332
1050,7/28/18 6:00,49.204,0.0332
1051,7/28/18 7:00,48.672,0.0332
1052,7/28/18 8:00,48.628,0.0341
1053,7/28/18 9:00,49.428,0.035
1054,7/28/18 10:00,51.37,0.0413
1055,7/28/18 11:00,54.3,0.0421
1056,7/28/18 12:00,57.463,0.0413
1057,7/28/18 13:00,58.066,0.0363
1058,7/28/18 14:00,58.712,0.0434
1059,7/28/18 15:00,61.376,0.0405
1060,7/28/18 16:00,62.533,0.0454
1061,7/28/18 17:00,62.447,0.0401
1062,7/28/18 18:00,61.547,0.0384
1063,7/28/18 19:00,59.014,0.0494
1064,7/28/18 20:00,57.204,0.0494
1065,7/28/18 21:00,55.992,0.049
1066,7/28/18 22:00,54.777,0.0474
1067,7/28/18 23:00,53.427,0.047
1068,7/29/18 0:00,52.291,0.047
1069,7/29/18 1:00,51.325,0.047
1070,7/29/18 2:00,50.4,0.0462
1071,7/29/18 3:00,49.428,0.0454
1072,7/29/18 4:00,48.493,0.0454
1073,7/29/18 5:00,47.691,0.0454
1074,7/29/18 6:00,47.019,0.0446
1075,7/29/18 7:00,46.481,0.0446
1076,7/29/18 8:00,46.391,0.0454
1077,7/29/18 9:00,47.377,0.047
1078,7/29/18 10:00,49.604,0.047
1079,7/29/18 11:00,53.166,0.0517
1080,7/29/18 12:00,57.376,0.0509
1081,7/29/18 13:00,59.056,0.0494
1082,7/29/18 14:00,59.83,0.0494
1083,7/29/18 15:00,59.916,0.0434
1084,7/29/18 16:00,59.358,0.0434
1085,7/29/18 17:00,58.582,0.0421
1086,7/29/18 18:00,57.936,0.0425
1087,7/29/18 19:00,57.031,0.0462
1088,7/29/18 20:00,56.079,0.0446
1089,7/29/18 21:00,54.952,0.0446
1090,7/29/18 22:00,53.776,0.0442
1091,7/29/18 23:00,52.686,0.0434
1092,7/30/18 0:00,51.678,0.0425
1093,7/30/18 1:00,50.709,0.0421
1094,7/30/18 2:00,49.737,0.0375
1095,7/30/18 3:00,48.895,0.0371
1096,7/30/18 4:00,48.094,0.0371
1097,7/30/18 5:00,47.377,0.0371
1098,7/30/18 6:00,46.706,0.0363
1099,7/30/18 7:00,46.121,0.0363
1100,7/30/18 8:00,46.031,0.0421
1101,7/30/18 9:00,46.796,0.0421
1102,7/30/18 10:00,48.762,0.0434
1103,7/30/18 11:00,51.895,0.0375
1104,7/30/18 12:00,56.295,0.0434
1105,7/30/18 13:00,60.775,0.0425
1106,7/30/18 14:00,64.459,0.0434
1107,7/30/18 15:00,66.173,0.0442
1108,7/30/18 16:00,66.087,0.0446
1109,7/30/18 17:00,65.23,0.0442
1110,7/30/18 18:00,64.117,0.0425
1111,7/30/18 19:00,62.533,0.0413
1112,7/30/18 20:00,60.775,0.0371
1113,7/30/18 21:00,59.099,0.0392
1114,7/30/18 22:00,57.463,0.0384
1115,7/30/18 23:00,55.992,0.0375
1116,7/31/18 0:00,54.604,0.0371
1117,7/31/18 1:00,53.209,0.0371
1118,7/31/18 2:00,51.852,0.0371
1119,7/31/18 3:00,50.576,0.0354
1120,7/31/18 4:00,49.428,0.0354
1121,7/31/18 5:00,48.493,0.0354
1122,7/31/18 6:00,47.781,0.0354
1123,7/31/18 7:00,47.199,0.0354
1124,7/31/18 8:00,47.109,0.0354
1125,7/31/18 9:00,47.826,0.0363
1126,7/31/18 10:00,49.825,0.0363
1127,7/31/18 11:00,53.472,0.0371
1128,7/31/18 12:00,58.368,0.0384
1129,7/31/18 13:00,63.304,0.0384
1130,7/31/18 14:00,66.9,0.0354
1131,7/31/18 15:00,68.185,0.0405
1132,7/31/18 16:00,68.056,0.0405
1133,7/31/18 17:00,67.028,0.0401
1134,7/31/18 18:00,65.745,0.0341
1135,7/31/18 19:00,64.418,0.0375
1136,7/31/18 20:00,62.919,0.0363
1137,7/31/18 21:00,61.162,0.0354
1138,7/31/18 22:00,59.529,0.0354
1139,7/31/18 23:00,58.066,0.0341
1140,8/1/18 0:00,56.685,0.0341
1141,8/1/18 1:00,55.386,0.0332
1142,8/1/18 2:00,54.169,0.0328
1143,8/1/18 3:00,53.035,0.0328
1144,8/1/18 4:00,51.984,0.0332
1145,8/1/18 5:00,50.974,0.0328
1146,8/1/18 6:00,50.092,0.0319
1147,8/1/18 7:00,49.383,0.0328
1148,8/1/18 8:00,49.294,0.0328
1149,8/1/18 9:00,50.002,0.0288
1150,8/1/18 10:00,51.94,0.0341
1151,8/1/18 11:00,55.038,0.035
1152,8/1/18 12:00,58.885,0.0354
1153,8/1/18 13:00,61.934,0.0354
1154,8/1/18 14:00,63.176,0.035
1155,8/1/18 15:00,62.62,0.035
1156,8/1/18 16:00,62.233,0.035
1157,8/1/18 17:00,62.191,0.035
1158,8/1/18 18:00,61.761,0.0341
1159,8/1/18 19:00,60.861,0.0332
1160,8/1/18 20:00,59.745,0.0332
1161,8/1/18 21:00,58.455,0.0319
1162,8/1/18 22:00,57.204,0.0319
1163,8/1/18 23:00,56.208,0.0319
1164,8/2/18 0:00,55.299,0.031
1165,8/2/18 1:00,54.387,0.031
1166,8/2/18 2:00,53.515,0.031
1167,8/2/18 3:00,52.686,0.031
1168,8/2/18 4:00,51.94,0.031
1169,8/2/18 5:00,51.193,0.031
1170,8/2/18 6:00,50.576,0.0319
1171,8/2/18 7:00,50.047,0.031
1172,8/2/18 8:00,50.002,0.031
1173,8/2/18 9:00,50.797,0.0332
1174,8/2/18 10:00,52.772,0.0332
1175,8/2/18 11:00,56.165,0.0341
1176,8/2/18 12:00,59.014,0.0332
1177,8/2/18 13:00,61.032,0.0341
1178,8/2/18 14:00,62.362,0.035
1179,8/2/18 15:00,62.962,0.031
1180,8/2/18 16:00,63.176,0.0341
1181,8/2/18 17:00,62.834,0.0341
1182,8/2/18 18:00,62.406,0.0319
1183,8/2/18 19:00,61.547,0.0288
1184,8/2/18 20:00,60.39,0.0274
1185,8/2/18 21:00,59.142,0.027
1186,8/2/18 22:00,57.979,0.027
1187,8/2/18 23:00,57.031,0.027
1188,8/3/18 0:00,56.251,0.0261
1189,8/3/18 1:00,55.558,0.0306
1190,8/3/18 2:00,54.952,0.0306
1191,8/3/18 3:00,54.343,0.0306
1192,8/3/18 4:00,53.82,0.031
1193,8/3/18 5:00,53.384,0.0283
1194,8/3/18 6:00,52.903,0.0274
1195,8/3/18 7:00,52.423,0.0274
1196,8/3/18 8:00,52.029,0.027
1197,8/3/18 9:00,51.809,0.027
1198,8/3/18 10:00,51.984,0.027
1199,8/3/18 11:00,52.554,0.0274
1200,8/3/18 12:00,52.992,0.0274
1201,8/3/18 13:00,52.729,0.0297
1202,8/3/18 14:00,52.16,0.0555
1203,8/3/18 15:00,50.929,0.0646
1204,8/3/18 16:00,52.554,0.0646
1205,8/3/18 17:00,54.255,0.0646
1206,8/3/18 18:00,54.865,0.0639
1207,8/3/18 19:00,54.691,0.0632
1208,8/3/18 20:00,54.387,0.0632
1209,8/3/18 21:00,53.69,0.0621
1210,8/3/18 22:00,52.686,0.0614
1211,8/3/18 23:00,51.721,0.0614
1212,8/4/18 0:00,50.752,0.0614
1213,8/4/18 1:00,49.737,0.0607
1214,8/4/18 2:00,48.805,0.0607
1215,8/4/18 3:00,47.914,0.0599
1216,8/4/18 4:00,47.109,0.0596
1217,8/4/18 5:00,46.436,0.0596
1218,8/4/18 6:00,45.896,0.0596
1219,8/4/18 7:00,45.444,0.0599
1220,8/4/18 8:00,45.354,0.0599
1221,8/4/18 9:00,46.076,0.0653
1222,8/4/18 10:00,48.004,0.066
1223,8/4/18 11:00,51.282,0.0653
1224,8/4/18 12:00,55.429,0.0653
1225,8/4/18 13:00,59.056,0.0653
1226,8/4/18 14:00,60.26,0.0646
1227,8/4/18 15:00,61.677,0.0646
1228,8/4/18 16:00,62.319,0.0632
1229,8/4/18 17:00,62.062,0.0621
1230,8/4/18 18:00,61.162,0.0621
1231,8/4/18 19:00,59.959,0.0562
1232,8/4/18 20:00,58.541,0.0562
1233,8/4/18 21:00,57.031,0.0628
1234,8/4/18 22:00,55.558,0.0628
1235,8/4/18 23:00,54.169,0.0621
1236,8/5/18 0:00,52.947,0.0621
1237,8/5/18 1:00,51.852,0.0621
1238,8/5/18 2:00,50.929,0.0607
1239,8/5/18 3:00,50.002,0.0607
1240,8/5/18 4:00,49.338,0.0653
1241,8/5/18 5:00,48.85,0.0702
1242,8/5/18 6:00,48.493,0.0702
1243,8/5/18 7:00,48.137,0.0762
1244,8/5/18 8:00,47.647,0.0781
1245,8/5/18 9:00,47.691,0.0794
1246,8/5/18 10:00,49.116,0.0822
1247,8/5/18 11:00,51.678,0.0835
1248,8/5/18 12:00,54.734,0.0816
1249,8/5/18 13:00,57.549,0.0794
1250,8/5/18 14:00,60.089,0.0822
1251,8/5/18 15:00,62.276,0.0781
1252,8/5/18 16:00,63.304,0.0822
1253,8/5/18 17:00,63.304,0.0816
1254,8/5/18 18:00,62.533,0.081
1255,8/5/18 19:00,61.248,0.0803
1256,8/5/18 20:00,59.873,0.0797
1257,8/5/18 21:00,58.455,0.0745
1258,8/5/18 22:00,57.204,0.0738
1259,8/5/18 23:00,55.992,0.0732
1260,8/6/18 0:00,54.777,0.0732
1261,8/6/18 1:00,53.645,0.0725
1262,8/6/18 2:00,52.686,0.0732
1263,8/6/18 3:00,51.764,0.0725
1264,8/6/18 4:00,50.841,0.0732
1265,8/6/18 5:00,50.047,0.0722
1266,8/6/18 6:00,49.249,0.0722
1267,8/6/18 7:00,48.493,0.0722
1268,8/6/18 8:00,48.137,0.0738
1269,8/6/18 9:00,48.672,0.0768
1270,8/6/18 10:00,50.356,0.0768
1271,8/6/18 11:00,53.253,0.0715
1272,8/6/18 12:00,57.16,0.0708
1273,8/6/18 13:00,61.119,0.0745
1274,8/6/18 14:00,64.074,0.0684
1275,8/6/18 15:00,65.615,0.0684
1276,8/6/18 16:00,66.258,0.0691
1277,8/6/18 17:00,66.043,0.0708
1278,8/6/18 18:00,65.359,0.0695
1279,8/6/18 19:00,64.161,0.0684
1280,8/6/18 20:00,62.533,0.0671
1281,8/6/18 21:00,60.818,0.0671
1282,8/6/18 22:00,59.185,0.066
1283,8/6/18 23:00,57.592,0.066
1284,8/7/18 0:00,56.122,0.0653
1285,8/7/18 1:00,54.734,0.0646
1286,8/7/18 2:00,53.427,0.0639
1287,8/7/18 3:00,52.16,0.0588
1288,8/7/18 4:00,51.105,0.0588
1289,8/7/18 5:00,50.18,0.0588
1290,8/7/18 6:00,49.338,0.0581
1291,8/7/18 7:00,48.538,0.0621
1292,8/7/18 8:00,48.182,0.0628
1293,8/7/18 9:00,48.672,0.0628
1294,8/7/18 10:00,50.268,0.0628
1295,8/7/18 11:00,53.253,0.0621
1296,8/7/18 12:00,57.42,0.0607
1297,8/7/18 13:00,61.977,0.0599
1298,8/7/18 14:00,65.487,0.0599
1299,8/7/18 15:00,67.199,0.0596
1300,8/7/18 16:00,67.671,0.0596
1301,8/7/18 17:00,67.285,0.0596
1302,8/7/18 18:00,66.173,0.0581
1303,8/7/18 19:00,64.589,0.0562
1304,8/7/18 20:00,62.875,0.0547
1305,8/7/18 21:00,61.162,0.0544
1306,8/7/18 22:00,59.616,0.0536
1307,8/7/18 23:00,58.152,0.0536
1308,8/8/18 0:00,56.772,0.0528
1309,8/8/18 1:00,55.472,0.0517
1310,8/8/18 2:00,54.3,0.0517
1311,8/8/18 3:00,53.209,0.0509
1312,8/8/18 4:00,52.203,0.0509
1313,8/8/18 5:00,51.237,0.0509
1314,8/8/18 6:00,50.311,0.0501
1315,8/8/18 7:00,49.561,0.0494
1316,8/8/18 8:00,49.204,0.0494
1317,8/8/18 9:00,49.782,0.0462
1318,8/8/18 10:00,51.458,0.0501
1319,8/8/18 11:00,54.473,0.0501
1320,8/8/18 12:00,58.498,0.0494
1321,8/8/18 13:00,62.577,0.049
1322,8/8/18 14:00,66.043,0.0462
1323,8/8/18 15:00,68.013,0.047
1324,8/8/18 16:00,68.657,0.0501
1325,8/8/18 17:00,68.313,0.0494
1326,8/8/18 18:00,67.329,0.049
1327,8/8/18 19:00,65.872,0.047
1328,8/8/18 20:00,64.161,0.0462
1329,8/8/18 21:00,62.447,0.0446
1330,8/8/18 22:00,60.818,0.0442
1331,8/8/18 23:00,59.358,0.0442
1332,8/9/18 0:00,57.893,0.0425
1333,8/9/18 1:00,56.512,0.0425
1334,8/9/18 2:00,55.256,0.0421
1335,8/9/18 3:00,54.3,0.0413
1336,8/9/18 4:00,53.427,0.0413
1337,8/9/18 5:00,52.641,0.0413
1338,8/9/18 6:00,51.895,0.0413
1339,8/9/18 7:00,51.193,0.0413
1340,8/9/18 8:00,50.929,0.0405
1341,8/9/18 9:00,51.458,0.0413
1342,8/9/18 10:00,53.121,0.0421
1343,8/9/18 11:00,56.122,0.0375
1344,8/9/18 12:00,60.217,0.0384
1345,8/9/18 13:00,64.033,0.0392
1346,8/9/18 14:00,67.028,0.0434
1347,8/9/18 15:00,68.614,0.0405
1348,8/9/18 16:00,68.527,0.0434
1349,8/9/18 17:00,68.443,0.0442
1350,8/9/18 18:00,67.971,0.0421
1351,8/9/18 19:00,66.9,0.0363
1352,8/9/18 20:00,65.444,0.0384
1353,8/9/18 21:00,63.862,0.0384
1354,8/9/18 22:00,62.191,0.0332
1355,8/9/18 23:00,60.647,0.0363
1356,8/10/18 0:00,59.272,0.0371
1357,8/10/18 1:00,58.023,0.0363
1358,8/10/18 2:00,57.031,0.0341
1359,8/10/18 3:00,56.165,0.0319
1360,8/10/18 4:00,55.213,0.0354
1361,8/10/18 5:00,54.343,0.0354
1362,8/10/18 6:00,53.472,0.0354
1363,8/10/18 7:00,52.686,0.031
1364,8/10/18 8:00,52.335,0.0363
1365,8/10/18 9:00,52.86,0.0363
1366,8/10/18 10:00,54.473,0.0375
1367,8/10/18 11:00,56.815,0.0371
1368,8/10/18 12:00,59.702,0.0375
1369,8/10/18 13:00,61.848,0.0375
1370,8/10/18 14:00,64.888,0.0384
1371,8/10/18 15:00,66.686,0.0392
1372,8/10/18 16:00,66.772,0.0384
1373,8/10/18 17:00,66.13,0.0371
1374,8/10/18 18:00,65.359,0.0371
1375,8/10/18 19:00,64.459,0.0363
1376,8/10/18 20:00,63.133,0.031
1377,8/10/18 21:00,61.804,0.0306
1378,8/10/18 22:00,60.474,0.0341
1379,8/10/18 23:00,59.014,0.0332
1380,8/11/18 0:00,57.679,0.0341
1381,8/11/18 1:00,56.426,0.0332
1382,8/11/18 2:00,55.299,0.0328
1383,8/11/18 3:00,54.169,0.0283
1384,8/11/18 4:00,53.166,0.0328
1385,8/11/18 5:00,52.203,0.0274
1386,8/11/18 6:00,51.193,0.031
1387,8/11/18 7:00,50.223,0.0319
1388,8/11/18 8:00,49.737,0.0319
1389,8/11/18 9:00,50.4,0.0328
1390,8/11/18 10:00,52.335,0.0341
1391,8/11/18 11:00,55.863,0.035
1392,8/11/18 12:00,60.217,0.035
1393,8/11/18 13:00,63.347,0.0341
1394,8/11/18 14:00,64.632,0.035
1395,8/11/18 15:00,66.385,0.0363
1396,8/11/18 16:00,67.114,0.0363
1397,8/11/18 17:00,66.643,0.0363
1398,8/11/18 18:00,65.658,0.0341
1399,8/11/18 19:00,64.418,0.0297
1400,8/11/18 20:00,63.219,0.0288
1401,8/11/18 21:00,61.804,0.0319
1402,8/11/18 22:00,60.217,0.0283
1403,8/11/18 23:00,58.798,0.031
1404,8/12/18 0:00,57.592,0.0306
1405,8/12/18 1:00,56.469,0.0306
1406,8/12/18 2:00,55.386,0.0306
1407,8/12/18 3:00,54.387,0.0306
1408,8/12/18 4:00,53.427,0.0288
1409,8/12/18 5:00,52.509,0.0297
1410,8/12/18 6:00,51.544,0.0297
1411,8/12/18 7:00,50.664,0.0288
1412,8/12/18 8:00,50.445,0.0297
1413,8/12/18 9:00,51.237,0.031
1414,8/12/18 10:00,53.166,0.0319
1415,8/12/18 11:00,56.556,0.0328
1416,8/12/18 12:00,60.948,0.0332
1417,8/12/18 13:00,65.273,0.0332
1418,8/12/18 14:00,67.928,0.0328
1419,8/12/18 15:00,69.643,0.0354
1420,8/12/18 16:00,70.329,0.0363
1421,8/12/18 17:00,69.728,0.0341
1422,8/12/18 18:00,68.313,0.0288
1423,8/12/18 19:00,66.558,0.0319
1424,8/12/18 20:00,64.76,0.0306
1425,8/12/18 21:00,63.133,0.0297
1426,8/12/18 22:00,61.72,0.0288
1427,8/12/18 23:00,60.26,0.0283
1428,8/13/18 0:00,58.842,0.0283
1429,8/13/18 1:00,57.636,0.0247
1430,8/13/18 2:00,56.469,0.0274
1431,8/13/18 3:00,55.386,0.0274
1432,8/13/18 4:00,54.43,0.027
1433,8/13/18 5:00,53.559,0.027
1434,8/13/18 6:00,52.729,0.0274
1435,8/13/18 7:00,52.072,0.0238
1436,8/13/18 8:00,51.809,0.0274
1437,8/13/18 9:00,52.466,0.0283
1438,8/13/18 10:00,54.126,0.0288
1439,8/13/18 11:00,57.29,0.0297
1440,8/13/18 12:00,61.547,0.0306
1441,8/13/18 13:00,65.701,0.0306
1442,8/13/18 14:00,68.4,0.0288
1443,8/13/18 15:00,69.6,0.0319
1444,8/13/18 16:00,70.029,0.0319
1445,8/13/18 17:00,69.343,0.0306
1446,8/13/18 18:00,68.099,0.0297
1447,8/13/18 19:00,66.686,0.0252
1448,8/13/18 20:00,65.188,0.0283
1449,8/13/18 21:00,63.689,0.027
1450,8/13/18 22:00,62.276,0.0274
1451,8/13/18 23:00,61.075,0.0274
1452,8/14/18 0:00,59.83,0.027
1453,8/14/18 1:00,58.498,0.0261
1454,8/14/18 2:00,57.29,0.0252
1455,8/14/18 3:00,56.165,0.0252
1456,8/14/18 4:00,55.125,0.0247
1457,8/14/18 5:00,54.169,0.0247
1458,8/14/18 6:00,53.209,0.02
1459,8/14/18 7:00,52.378,0.0247
1460,8/14/18 8:00,52.029,0.0252
1461,8/14/18 9:00,52.554,0.0261
1462,8/14/18 10:00,54.3,0.0274
1463,8/14/18 11:00,57.333,0.0283
1464,8/14/18 12:00,60.948,0.0288
1465,8/14/18 13:00,64.589,0.0297
1466,8/14/18 14:00,66.6,0.0288
1467,8/14/18 15:00,66.985,0.0297
1468,8/14/18 16:00,66.643,0.0283
1469,8/14/18 17:00,66.043,0.0288
1470,8/14/18 18:00,65.273,0.0283
1471,8/14/18 19:00,64.204,0.027
1472,8/14/18 20:00,62.919,0.0261
1473,8/14/18 21:00,61.506,0.0261
1474,8/14/18 22:00,60.132,0.0238
1475,8/14/18 23:00,58.669,0.0205
1476,8/15/18 0:00,57.376,0.0247
1477,8/15/18 1:00,56.122,0.0238
1478,8/15/18 2:00,55.038,0.0214
1479,8/15/18 3:00,54.082,0.0238
1480,8/15/18 4:00,53.253,0.0205
1481,8/15/18 5:00,52.509,0.0238
1482,8/15/18 6:00,51.721,0.0238
1483,8/15/18 7:00,51.105,0.0238
1484,8/15/18 8:00,50.929,0.02
1485,8/15/18 9:00,51.678,0.0252
1486,8/15/18 10:00,53.427,0.0261
1487,8/15/18 11:00,55.819,0.027
1488,8/15/18 12:00,58.541,0.027
1489,8/15/18 13:00,60.733,0.0261
1490,8/15/18 14:00,63.048,0.027
1491,8/15/18 15:00,64.204,0.0261
1492,8/15/18 16:00,64.418,0.0238
1493,8/15/18 17:00,64.288,0.0274
1494,8/15/18 18:00,63.775,0.027
1495,8/15/18 19:00,62.791,0.0261
1496,8/15/18 20:00,61.633,0.0252
1497,8/15/18 21:00,60.303,0.0205
1498,8/15/18 22:00,58.842,0.0238
1499,8/15/18 23:00,57.463,0.0228
1500,8/16/18 0:00,56.208,0.0228
1501,8/16/18 1:00,55.125,0.0228
1502,8/16/18 2:00,54.3,0.0228
1503,8/16/18 3:00,53.645,0.0238
1504,8/16/18 4:00,52.947,0.0228
1505,8/16/18 5:00,52.16,0.0228
1506,8/16/18 6:00,51.633,0.0228
1507,8/16/18 7:00,51.325,0.0228
1508,8/16/18 8:00,51.325,0.0238
1509,8/16/18 9:00,51.764,0.0238
1510,8/16/18 10:00,52.947,0.0252
1511,8/16/18 11:00,55.213,0.0261
1512,8/16/18 12:00,57.204,0.0261
1513,8/16/18 13:00,59.142,0.0261
1514,8/16/18 14:00,59.788,0.027
1515,8/16/18 15:00,60.046,0.0274
1516,8/16/18 16:00,61.075,0.0261
1517,8/16/18 17:00,61.075,0.027
1518,8/16/18 18:00,60.517,0.0261
1519,8/16/18 19:00,59.616,0.0247
1520,8/16/18 20:00,58.411,0.0238
1521,8/16/18 21:00,57.074,0.0319
1522,8/16/18 22:00,55.647,0.0413
1523,8/16/18 23:00,54.561,0.0421
1524,8/17/18 0:00,53.559,0.0425
1525,8/17/18 1:00,52.466,0.0421
1526,8/17/18 2:00,51.458,0.0421
1527,8/17/18 3:00,50.576,0.0421
1528,8/17/18 4:00,49.692,0.0421
1529,8/17/18 5:00,48.938,0.0421
1530,8/17/18 6:00,48.182,0.0413
1531,8/17/18 7:00,47.557,0.0413
1532,8/17/18 8:00,47.334,0.0413
1533,8/17/18 9:00,48.094,0.0425
1534,8/17/18 10:00,50.268,0.0442
1535,8/17/18 11:00,53.253,0.0442
1536,8/17/18 12:00,56.815,0.049
1537,8/17/18 13:00,60.818,0.0442
1538,8/17/18 14:00,63.176,0.0474
1539,8/17/18 15:00,64.117,0.0474
1540,8/17/18 16:00,63.219,0.0442
1541,8/17/18 17:00,62.319,0.0446
1542,8/17/18 18:00,61.419,0.0442
1543,8/17/18 19:00,60.303,0.0425
1544,8/17/18 20:00,59.185,0.0421
1545,8/17/18 21:00,57.979,0.0413
1546,8/17/18 22:00,56.556,0.0405
1547,8/17/18 23:00,55.256,0.0405
1548,8/18/18 0:00,54.082,0.0405
1549,8/18/18 1:00,52.992,0.0401
1550,8/18/18 2:00,51.984,0.0392
1551,8/18/18 3:00,51.062,0.0384
1552,8/18/18 4:00,50.135,0.0384
1553,8/18/18 5:00,49.338,0.0384
1554,8/18/18 6:00,48.895,0.0375
1555,8/18/18 7:00,48.45,0.0392
1556,8/18/18 8:00,48.137,0.0425
1557,8/18/18 9:00,47.959,0.0562
1558,8/18/18 10:00,47.736,0.0678
1559,8/18/18 11:00,47.826,0.0671
1560,8/18/18 12:00,49.87,0.0678
1561,8/18/18 13:00,52.597,0.0678
1562,8/18/18 14:00,56.642,0.0684
1563,8/18/18 15:00,60.046,0.0691
1564,8/18/18 16:00,61.376,0.0671
1565,8/18/18 17:00,61.333,0.0702
1566,8/18/18 18:00,60.604,0.0646
1567,8/18/18 19:00,59.529,0.0671
1568,8/18/18 20:00,58.109,0.0632
1569,8/18/18 21:00,56.426,0.0628
1570,8/18/18 22:00,54.909,0.0671
1571,8/18/18 23:00,53.559,0.0664
1572,8/19/18 0:00,52.378,0.0664
1573,8/19/18 1:00,51.37,0.0664
1574,8/19/18 2:00,50.4,0.0607
1575,8/19/18 3:00,49.471,0.0599
1576,8/19/18 4:00,48.493,0.0599
1577,8/19/18 5:00,47.602,0.0596
1578,8/19/18 6:00,46.706,0.0596
1579,8/19/18 7:00,45.851,0.0596
1580,8/19/18 8:00,45.307,0.0596
1581,8/19/18 9:00,45.714,0.0646
1582,8/19/18 10:00,47.289,0.0628
1583,8/19/18 11:00,50.4,0.0596
1584,8/19/18 12:00,54.43,0.0646
1585,8/19/18 13:00,58.498,0.0599
1586,8/19/18 14:00,61.72,0.0646
1587,8/19/18 15:00,63.347,0.0632
1588,8/19/18 16:00,63.219,0.0628
1589,8/19/18 17:00,62.233,0.0621
1590,8/19/18 18:00,61.119,0.057
1591,8/19/18 19:00,59.745,0.0607
1592,8/19/18 20:00,58.195,0.0596
1593,8/19/18 21:00,56.599,0.0596
1594,8/19/18 22:00,54.995,0.0588
1595,8/19/18 23:00,53.515,0.0581
1596,8/20/18 0:00,52.16,0.0574
1597,8/20/18 1:00,50.886,0.0562
1598,8/20/18 2:00,49.692,0.0521
1599,8/20/18 3:00,48.538,0.0562
1600,8/20/18 4:00,47.512,0.0509
1601,8/20/18 5:00,46.571,0.0562
1602,8/20/18 6:00,45.669,0.0501
1603,8/20/18 7:00,44.901,0.0555
1604,8/20/18 8:00,44.492,0.0521
1605,8/20/18 9:00,44.991,0.0517
1606,8/20/18 10:00,46.841,0.0517
1607,8/20/18 11:00,50.4,0.0562
1608,8/20/18 12:00,55.081,0.0555
1609,8/20/18 13:00,59.745,0.0555
1610,8/20/18 14:00,63.775,0.0547
1611,8/20/18 15:00,66.173,0.0555
1612,8/20/18 16:00,66.385,0.0547
1613,8/20/18 17:00,65.872,0.0536
1614,8/20/18 18:00,64.803,0.0521
1615,8/20/18 19:00,63.133,0.0517
1616,8/20/18 20:00,61.419,0.0501
1617,8/20/18 21:00,59.659,0.0494
1618,8/20/18 22:00,58.109,0.049
1619,8/20/18 23:00,56.685,0.0482
1620,8/21/18 0:00,55.472,0.0434
1621,8/21/18 1:00,54.516,0.0434
1622,8/21/18 2:00,53.82,0.0425
1623,8/21/18 3:00,53.166,0.0425
1624,8/21/18 4:00,52.423,0.0421
1625,8/21/18 5:00,51.764,0.0425
1626,8/21/18 6:00,51.282,0.0413
1627,8/21/18 7:00,50.709,0.0413
1628,8/21/18 8:00,50.268,0.0421
1629,8/21/18 9:00,50.533,0.0413
1630,8/21/18 10:00,51.633,0.0421
1631,8/21/18 11:00,53.298,0.0474
1632,8/21/18 12:00,54.909,0.0421
1633,8/21/18 13:00,57.204,0.047
1634,8/21/18 14:00,59.572,0.0421
1635,8/21/18 15:00,59.358,0.0434
1636,8/21/18 16:00,57.204,0.0494
1637,8/21/18 17:00,57.031,0.0509
1638,8/21/18 18:00,56.34,0.0555
1639,8/21/18 19:00,54.473,0.0869
1640,8/21/18 20:00,52.029,0.0943
1641,8/21/18 21:00,51.148,0.0963
1642,8/21/18 22:00,50.709,0.0969
1643,8/21/18 23:00,50.311,0.0986
1644,8/22/18 0:00,49.914,0.1036
1645,8/22/18 1:00,49.516,0.1096
1646,8/22/18 2:00,49.116,0.1128
1647,8/22/18 3:00,48.717,0.1199
1648,8/22/18 4:00,48.36,0.1209
1649,8/22/18 5:00,48.094,0.1266
1650,8/22/18 6:00,47.781,0.129
1651,8/22/18 7:00,47.467,0.1357
1652,8/22/18 8:00,47.199,0.1421
1653,8/22/18 9:00,47.064,0.1441
1654,8/22/18 10:00,47.422,0.1446
1655,8/22/18 11:00,47.736,0.1421
1656,8/22/18 12:00,47.959,0.1425
1657,8/22/18 13:00,48.405,0.1455
1658,8/22/18 14:00,49.338,0.1466
1659,8/22/18 15:00,50.576,0.145
1660,8/22/18 16:00,51.193,0.145
1661,8/22/18 17:00,51.852,0.1455
1662,8/22/18 18:00,52.203,0.145
1663,8/22/18 19:00,52.072,0.1441
1664,8/22/18 20:00,51.633,0.1446
1665,8/22/18 21:00,51.062,0.1446
1666,8/22/18 22:00,50.488,0.1446
1667,8/22/18 23:00,49.959,0.1466
1668,8/23/18 0:00,49.471,0.1421
1669,8/23/18 1:00,49.073,0.1416
1670,8/23/18 2:00,48.672,0.1459
1671,8/23/18 3:00,48.315,0.1475
1672,8/23/18 4:00,47.959,0.1459
1673,8/23/18 5:00,47.602,0.1466
1674,8/23/18 6:00,47.334,0.1466
1675,8/23/18 7:00,46.751,0.1514
1676,8/23/18 8:00,45.761,0.1558
1677,8/23/18 9:00,45.217,0.157
1678,8/23/18 10:00,46.166,0.1581
1679,8/23/18 11:00,49.161,0.157
1680,8/23/18 12:00,53.298,0.1566
1681,8/23/18 13:00,57.247,0.1532
1682,8/23/18 14:00,60.046,0.1551
1683,8/23/18 15:00,61.419,0.1538
1684,8/23/18 16:00,61.547,0.1542
1685,8/23/18 17:00,60.775,0.1508
1686,8/23/18 18:00,59.315,0.1519
1687,8/23/18 19:00,57.936,0.1514
1688,8/23/18 20:00,56.512,0.1514
1689,8/23/18 21:00,54.995,0.1519
1690,8/23/18 22:00,53.472,0.1523
1691,8/23/18 23:00,52.072,0.1527
1692,8/24/18 0:00,50.841,0.1527
1693,8/24/18 1:00,49.737,0.1532
1694,8/24/18 2:00,48.762,0.1558
1695,8/24/18 3:00,47.914,0.1532
1696,8/24/18 4:00,47.109,0.1538
1697,8/24/18 5:00,46.346,0.1538
1698,8/24/18 6:00,45.669,0.1542
1699,8/24/18 7:00,45.036,0.1542
1700,8/24/18 8:00,44.537,0.1547
1701,8/24/18 9:00,44.674,0.1547
1702,8/24/18 10:00,46.076,0.1581
1703,8/24/18 11:00,49.116,0.157
1704,8/24/18 12:00,52.992,0.1562
1705,8/24/18 13:00,56.251,0.1547
1706,8/24/18 14:00,58.541,0.1542
1707,8/24/18 15:00,60.69,0.1519
1708,8/24/18 16:00,61.462,0.1508
1709,8/24/18 17:00,60.904,0.1503
1710,8/24/18 18:00,60.046,0.1446
1711,8/24/18 19:00,58.842,0.1441
1712,8/24/18 20:00,57.42,0.1441
1713,8/24/18 21:00,55.992,0.1446
1714,8/24/18 22:00,54.561,0.1446
1715,8/24/18 23:00,53.384,0.1455
1716,8/25/18 0:00,52.291,0.1455
1717,8/25/18 1:00,51.325,0.1459
1718,8/25/18 2:00,50.576,0.1455
1719,8/25/18 3:00,49.825,0.1455
1720,8/25/18 4:00,49.028,0.1459
1721,8/25/18 5:00,48.315,0.1459
1722,8/25/18 6:00,47.602,0.1459
1723,8/25/18 7:00,46.974,0.1459
1724,8/25/18 8:00,46.661,0.147
1725,8/25/18 9:00,46.931,0.1523
1726,8/25/18 10:00,48.004,0.1514
1727,8/25/18 11:00,50.18,0.1508
1728,8/25/18 12:00,52.817,0.1455
1729,8/25/18 13:00,55.906,0.1475
1730,8/25/18 14:00,58.582,0.1405
1731,8/25/18 15:00,60.174,0.1446
1732,8/25/18 16:00,60.904,0.1441
1733,8/25/18 17:00,60.303,0.143
1734,8/25/18 18:00,59.099,0.1352
1735,8/25/18 19:00,57.592,0.1361
1736,8/25/18 20:00,56.34,0.1366
1737,8/25/18 21:00,55.168,0.137
1738,8/25/18 22:00,54.212,0.1375
1739,8/25/18 23:00,53.341,0.1382
1740,8/26/18 0:00,52.554,0.1382
1741,8/26/18 1:00,51.809,0.1382
1742,8/26/18 2:00,51.105,0.1382
1743,8/26/18 3:00,50.4,0.1375
1744,8/26/18 4:00,49.87,0.1382
1745,8/26/18 5:00,49.249,0.1382
1746,8/26/18 6:00,48.493,0.1387
1747,8/26/18 7:00,47.736,0.1387
1748,8/26/18 8:00,47.199,0.1391
1749,8/26/18 9:00,47.512,0.145
1750,8/26/18 10:00,48.895,0.1446
1751,8/26/18 11:00,51.193,0.1434
1752,8/26/18 12:00,55.168,0.1421
1753,8/26/18 13:00,59.099,0.14
1754,8/26/18 14:00,61.761,0.1382
1755,8/26/18 15:00,63.561,0.1302
1756,8/26/18 16:00,64.161,0.1281
1757,8/26/18 17:00,63.648,0.1342
1758,8/26/18 18:00,62.704,0.1271
1759,8/26/18 19:00,61.29,0.1266
1760,8/26/18 20:00,59.702,0.1335
1761,8/26/18 21:00,58.195,0.1302
1762,8/26/18 22:00,55.992,0.1352
1763,8/26/18 23:00,54.43,0.1405
1764,8/27/18 0:00,53.298,0.1425
1765,8/27/18 1:00,52.423,0.143
1766,8/27/18 2:00,51.809,0.143
1767,8/27/18 3:00,51.282,0.14
1768,8/27/18 4:00,50.797,0.1446
1769,8/27/18 5:00,50.311,0.145
1770,8/27/18 6:00,49.914,0.145
1771,8/27/18 7:00,49.561,0.145
1772,8/27/18 8:00,49.204,0.1455
1773,8/27/18 9:00,48.983,0.1455
1774,8/27/18 10:00,49.073,0.1459
1775,8/27/18 11:00,49.959,0.149
1776,8/27/18 12:00,52.072,0.149
1777,8/27/18 13:00,54.473,0.1434
1778,8/27/18 14:00,56.642,0.1416
1779,8/27/18 15:00,58.368,0.1405
1780,8/27/18 16:00,59.014,0.1391
1781,8/27/18 17:00,58.582,0.1416
1782,8/27/18 18:00,57.765,0.1446
1783,8/27/18 19:00,56.728,0.1375
1784,8/27/18 20:00,55.472,0.1434
1785,8/27/18 21:00,54.169,0.1396
1786,8/27/18 22:00,53.035,0.1375
1787,8/27/18 23:00,51.94,0.1441
1788,8/28/18 0:00,50.886,0.1375
1789,8/28/18 1:00,49.825,0.1382
1790,8/28/18 2:00,48.805,0.1446
1791,8/28/18 3:00,47.914,0.1446
1792,8/28/18 4:00,47.064,0.1446
1793,8/28/18 5:00,46.256,0.145
1794,8/28/18 6:00,45.444,0.1416
1795,8/28/18 7:00,44.719,0.1405
1796,8/28/18 8:00,44.263,0.1434
1797,8/28/18 9:00,44.582,0.1446
1798,8/28/18 10:00,46.031,0.1441
1799,8/28/18 11:00,48.895,0.1361
1800,8/28/18 12:00,52.903,0.1405
1801,8/28/18 13:00,56.728,0.1391
1802,8/28/18 14:00,59.486,0.137
1803,8/28/18 15:00,61.248,0.1285
1804,8/28/18 16:00,61.891,0.1331
1805,8/28/18 17:00,61.506,0.129
1806,8/28/18 18:00,60.39,0.1317
1807,8/28/18 19:00,58.755,0.1302
1808,8/28/18 20:00,57.074,0.1317
1809,8/28/18 21:00,55.472,0.1312
1810,8/28/18 22:00,53.908,0.1312
1811,8/28/18 23:00,52.509,0.1307
1812,8/29/18 0:00,51.282,0.1317
1813,8/29/18 1:00,50.135,0.1312
1814,8/29/18 2:00,49.073,0.1312
1815,8/29/18 3:00,48.094,0.1312
1816,8/29/18 4:00,47.199,0.1312
1817,8/29/18 5:00,46.301,0.1317
1818,8/29/18 6:00,45.489,0.1317
1819,8/29/18 7:00,44.764,0.1321
1820,8/29/18 8:00,44.31,0.1261
1821,8/29/18 9:00,44.809,0.1302
1822,8/29/18 10:00,46.481,0.1297
1823,8/29/18 11:00,49.516,0.1276
1824,8/29/18 12:00,53.69,0.1256
1825,8/29/18 13:00,57.85,0.1229
1826,8/29/18 14:00,61.119,0.1219
1827,8/29/18 15:00,63.433,0.1189
1828,8/29/18 16:00,64.288,0.1169
1829,8/29/18 17:00,63.903,0.1153
1830,8/29/18 18:00,62.791,0.1085
1831,8/29/18 19:00,61.333,0.1075
1832,8/29/18 20:00,59.659,0.1133
1833,8/29/18 21:00,58.109,0.1133
1834,8/29/18 22:00,56.685,0.1128
1835,8/29/18 23:00,55.429,0.1138
1836,8/30/18 0:00,54.255,0.1122
1837,8/30/18 1:00,53.121,0.1138
1838,8/30/18 2:00,52.16,0.1143
1839,8/30/18 3:00,51.193,0.1069
1840,8/30/18 4:00,50.268,0.1058
1841,8/30/18 5:00,49.471,0.1133
1842,8/30/18 6:00,48.762,0.1133
1843,8/30/18 7:00,48.137,0.1112
1844,8/30/18 8:00,47.691,0.1047
1845,8/30/18 9:00,48.049,0.1112
1846,8/30/18 10:00,49.204,0.1101
1847,8/30/18 11:00,51.895,0.1085
1848,8/30/18 12:00,55.949,0.1058
1849,8/30/18 13:00,60.174,0.1047
1850,8/30/18 14:00,63.304,0.0961
1851,8/30/18 15:00,65.102,0.1009
1852,8/30/18 16:00,65.403,0.0998
1853,8/30/18 17:00,64.845,0.0992
1854,8/30/18 18:00,63.732,0.0969
1855,8/30/18 19:00,62.191,0.0981
1856,8/30/18 20:00,60.604,0.0981
1857,8/30/18 21:00,59.099,0.0975
1858,8/30/18 22:00,57.549,0.0975
1859,8/30/18 23:00,56.165,0.0969
1860,8/31/18 0:00,55.125,0.0969
1861,8/31/18 1:00,54.169,0.0975
1862,8/31/18 2:00,53.209,0.0975
1863,8/31/18 3:00,52.246,0.0963
1864,8/31/18 4:00,51.282,0.0975
1865,8/31/18 5:00,50.445,0.0963
1866,8/31/18 6:00,49.692,0.0963
1867,8/31/18 7:00,49.028,0.0932
1868,8/31/18 8:00,48.583,0.0963
1869,8/31/18 9:00,48.762,0.0955
1870,8/31/18 10:00,49.161,0.0881
1871,8/31/18 11:00,50.709,0.0955
1872,8/31/18 12:00,53.427,0.0949
1873,8/31/18 13:00,55.949,0.0863
1874,8/31/18 14:00,57.247,0.0926
1875,8/31/18 15:00,58.152,0.092
1876,8/31/18 16:00,58.928,0.0908
1877,8/31/18 17:00,59.099,0.0902
1878,8/31/18 18:00,58.755,0.0893
1879,8/31/18 19:00,57.679,0.085
1880,8/31/18 20:00,56.208,0.0816
1881,8/31/18 21:00,54.691,0.081
1882,8/31/18 22:00,53.472,0.081
1883,8/31/18 23:00,52.554,0.0816
1884,9/1/18 0:00,51.589,0.0816
1885,9/1/18 1:00,50.621,0.0816
1886,9/1/18 2:00,49.649,0.081
1887,9/1/18 3:00,48.762,0.081
1888,9/1/18 4:00,47.914,0.0816
1889,9/1/18 5:00,47.244,0.0857
1890,9/1/18 6:00,46.751,0.0881
1891,9/1/18 7:00,46.301,0.0887
1892,9/1/18 8:00,46.076,0.0887
1893,9/1/18 9:00,46.571,0.0881
1894,9/1/18 10:00,47.914,0.0881
1895,9/1/18 11:00,50.223,0.0875
1896,9/1/18 12:00,53.776,0.085
1897,9/1/18 13:00,57.679,0.0841
1898,9/1/18 14:00,60.818,0.0829
1899,9/1/18 15:00,63.176,0.0822
1900,9/1/18 16:00,64.332,0.0822
1901,9/1/18 17:00,64.247,0.081
1902,9/1/18 18:00,63.262,0.0797
1903,9/1/18 19:00,62.105,0.0787
1904,9/1/18 20:00,60.733,0.0787
1905,9/1/18 21:00,59.315,0.0787
1906,9/1/18 22:00,57.893,0.0781
1907,9/1/18 23:00,56.34,0.0715
1908,9/2/18 0:00,54.865,0.0745
1909,9/2/18 1:00,53.515,0.0738
1910,9/2/18 2:00,52.335,0.0762
1911,9/2/18 3:00,51.458,0.0752
1912,9/2/18 4:00,50.621,0.0752
1913,9/2/18 5:00,49.825,0.0702
1914,9/2/18 6:00,49.338,0.0762
1915,9/2/18 7:00,48.85,0.0758
1916,9/2/18 8:00,48.45,0.0762
1917,9/2/18 9:00,48.85,0.0695
1918,9/2/18 10:00,50.047,0.0758
1919,9/2/18 11:00,52.423,0.0695
1920,9/2/18 12:00,54.343,0.0745
1921,9/2/18 13:00,54.473,0.0671
1922,9/2/18 14:00,53.908,0.0691
1923,9/2/18 15:00,53.994,0.0752
1924,9/2/18 16:00,55.299,0.0752
1925,9/2/18 17:00,55.429,0.0745
1926,9/2/18 18:00,54.777,0.0745
1927,9/2/18 19:00,53.951,0.0678
1928,9/2/18 20:00,53.035,0.0671
1929,9/2/18 21:00,52.072,0.0671
1930,9/2/18 22:00,51.017,0.0678
1931,9/2/18 23:00,50.002,0.0732
1932,9/3/18 0:00,49.028,0.0732
1933,9/3/18 1:00,48.182,0.0732
1934,9/3/18 2:00,47.467,0.0732
1935,9/3/18 3:00,46.931,0.0732
1936,9/3/18 4:00,46.526,0.0732
1937,9/3/18 5:00,46.166,0.0725
1938,9/3/18 6:00,45.851,0.0725
1939,9/3/18 7:00,45.534,0.0722
1940,9/3/18 8:00,45.307,0.0732
1941,9/3/18 9:00,45.444,0.0732
1942,9/3/18 10:00,46.166,0.0732
1943,9/3/18 11:00,47.154,0.0732
1944,9/3/18 12:00,48.272,0.0732
1945,9/3/18 13:00,49.959,0.0732
1946,9/3/18 14:00,51.721,0.0725
1947,9/3/18 15:00,52.466,0.0725
1948,9/3/18 16:00,53.427,0.0722
1949,9/3/18 17:00,53.82,0.0722
1950,9/3/18 18:00,53.645,0.0722
1951,9/3/18 19:00,52.992,0.0715
1952,9/3/18 20:00,52.16,0.0653
1953,9/3/18 21:00,51.017,0.0646
1954,9/3/18 22:00,49.87,0.0646
1955,9/3/18 23:00,48.85,0.0639
1956,9/4/18 0:00,48.049,0.0639
1957,9/4/18 1:00,47.334,0.0639
1958,9/4/18 2:00,46.751,0.0639
1959,9/4/18 3:00,46.391,0.0639
1960,9/4/18 4:00,46.076,0.0639
1961,9/4/18 5:00,45.806,0.0632
1962,9/4/18 6:00,45.444,0.0632
1963,9/4/18 7:00,44.946,0.0691
1964,9/4/18 8:00,44.537,0.0695
1965,9/4/18 9:00,45.082,0.0702
1966,9/4/18 10:00,46.841,0.0695
1967,9/4/18 11:00,49.428,0.0695
1968,9/4/18 12:00,50.709,0.0695
1969,9/4/18 13:00,52.423,0.0691
1970,9/4/18 14:00,54.082,0.0628
1971,9/4/18 15:00,53.908,0.0621
1972,9/4/18 16:00,53.121,0.0628
1973,9/4/18 17:00,53.035,0.0628
1974,9/4/18 18:00,52.729,0.0621
1975,9/4/18 19:00,52.072,0.0671
1976,9/4/18 20:00,51.193,0.0646
1977,9/4/18 21:00,50.223,0.0646
1978,9/4/18 22:00,49.249,0.0646
1979,9/4/18 23:00,48.405,0.066
1980,9/5/18 0:00,47.691,0.066
1981,9/5/18 1:00,47.109,0.066
1982,9/5/18 2:00,46.481,0.066
1983,9/5/18 3:00,46.031,0.0664
1984,9/5/18 4:00,45.669,0.0639
1985,9/5/18 5:00,45.399,0.0632
1986,9/5/18 6:00,45.127,0.0639
1987,9/5/18 7:00,44.901,0.0628
1988,9/5/18 8:00,44.627,0.0628
1989,9/5/18 9:00,44.31,0.0715
1990,9/5/18 10:00,43.579,0.0961
1991,9/5/18 11:00,43.122,0.0992
1992,9/5/18 12:00,43.351,0.1031
1993,9/5/18 13:00,44.355,0.1047
1994,9/5/18 14:00,45.761,0.1075
1995,9/5/18 15:00,46.706,0.1069
1996,9/5/18 16:00,46.661,0.1096
1997,9/5/18 17:00,46.211,0.1169
1998,9/5/18 18:00,46.121,0.1246
1999,9/5/18 19:00,45.761,0.1219
2000,9/5/18 20:00,45.127,0.1242
2001,9/5/18 21:00,44.4,0.1261
2002,9/5/18 22:00,43.716,0.1281
2003,9/5/18 23:00,43.167,0.1302
2004,9/6/18 0:00,42.708,0.1317
2005,9/6/18 1:00,42.247,0.1326
2006,9/6/18 2:00,41.97,0.1335
2007,9/6/18 3:00,41.74,0.1347
2008,9/6/18 4:00,41.463,0.1352
2009,9/6/18 5:00,41.23,0.1357
2010,9/6/18 6:00,40.905,0.1366
2011,9/6/18 7:00,40.719,0.137
2012,9/6/18 8:00,40.764,0.137
2013,9/6/18 9:00,41.463,0.1416
2014,9/6/18 10:00,42.984,0.143
2015,9/6/18 11:00,44.856,0.1434
2016,9/6/18 12:00,47.467,0.1441
2017,9/6/18 13:00,51.282,0.1434
2018,9/6/18 14:00,53.253,0.1434
2019,9/6/18 15:00,54.691,0.1425
2020,9/6/18 16:00,55.992,0.1421
2021,9/6/18 17:00,55.819,0.1412
2022,9/6/18 18:00,54.952,0.1421
2023,9/6/18 19:00,53.908,0.1425
2024,9/6/18 20:00,52.947,0.14
2025,9/6/18 21:00,51.721,0.1425
2026,9/6/18 22:00,50.4,0.1425
2027,9/6/18 23:00,49.116,0.1425
2028,9/7/18 0:00,47.914,0.1425
2029,9/7/18 1:00,46.931,0.1425
2030,9/7/18 2:00,46.076,0.143
2031,9/7/18 3:00,45.262,0.143
2032,9/7/18 4:00,44.445,0.1434
2033,9/7/18 5:00,43.624,0.1441
2034,9/7/18 6:00,42.939,0.145
2035,9/7/18 7:00,42.247,0.147
2036,9/7/18 8:00,41.74,0.143
2037,9/7/18 9:00,42.017,0.1455
2038,9/7/18 10:00,43.579,0.1466
2039,9/7/18 11:00,46.571,0.145
2040,9/7/18 12:00,50.445,0.1441
2041,9/7/18 13:00,54.343,0.1425
2042,9/7/18 14:00,57.592,0.1416
2043,9/7/18 15:00,59.401,0.1416
2044,9/7/18 16:00,59.702,0.14
2045,9/7/18 17:00,58.928,0.14
2046,9/7/18 18:00,57.807,0.1416
2047,9/7/18 19:00,56.426,0.1434
2048,9/7/18 20:00,54.952,0.1441
2049,9/7/18 21:00,53.559,0.1446
2050,9/7/18 22:00,52.16,0.1421
2051,9/7/18 23:00,50.929,0.1396
2052,9/8/18 0:00,49.737,0.1391
2053,9/8/18 1:00,48.628,0.1382
2054,9/8/18 2:00,47.557,0.1391
2055,9/8/18 3:00,46.571,0.14
2056,9/8/18 4:00,45.714,0.14
2057,9/8/18 5:00,44.901,0.1405
2058,9/8/18 6:00,44.173,0.1425
2059,9/8/18 7:00,43.579,0.143
2060,9/8/18 8:00,43.03,0.1459
2061,9/8/18 9:00,43.443,0.1459
2062,9/8/18 10:00,45.172,0.1455
2063,9/8/18 11:00,48.094,0.1441
2064,9/8/18 12:00,51.633,0.1434
2065,9/8/18 13:00,55.081,0.1421
2066,9/8/18 14:00,57.979,0.14
2067,9/8/18 15:00,59.616,0.1391
2068,9/8/18 16:00,60.561,0.1361
2069,9/8/18 17:00,60.517,0.1352
2070,9/8/18 18:00,59.959,0.1342
2071,9/8/18 19:00,58.669,0.1342
2072,9/8/18 20:00,57.29,0.1331
2073,9/8/18 21:00,55.906,0.1342
2074,9/8/18 22:00,54.604,0.1331
2075,9/8/18 23:00,53.341,0.1326
2076,9/9/18 0:00,52.291,0.1321
2077,9/9/18 1:00,51.501,0.1256
2078,9/9/18 2:00,50.664,0.1281
2079,9/9/18 3:00,49.782,0.1302
2080,9/9/18 4:00,48.983,0.14
2081,9/9/18 5:00,48.049,0.1396
2082,9/9/18 6:00,47.334,0.1396
2083,9/9/18 7:00,46.706,0.1412
2084,9/9/18 8:00,46.031,0.1421
2085,9/9/18 9:00,45.941,0.145
2086,9/9/18 10:00,46.974,0.1466
2087,9/9/18 11:00,49.428,0.147
2088,9/9/18 12:00,52.992,0.1455
2089,9/9/18 13:00,56.383,0.1446
2090,9/9/18 14:00,58.842,0.143
2091,9/9/18 15:00,58.712,0.143
2092,9/9/18 16:00,58.669,0.1416
2093,9/9/18 17:00,58.626,0.137
2094,9/9/18 18:00,57.549,0.1382
2095,9/9/18 19:00,56.079,0.14
2096,9/9/18 20:00,54.561,0.14
2097,9/9/18 21:00,53.121,0.1396
2098,9/9/18 22:00,51.809,0.1375
2099,9/9/18 23:00,50.621,0.1412
2100,9/10/18 0:00,49.516,0.137
2101,9/10/18 1:00,48.45,0.1366
2102,9/10/18 2:00,47.467,0.137
2103,9/10/18 3:00,46.571,0.137
2104,9/10/18 4:00,45.761,0.1375
2105,9/10/18 5:00,45.127,0.137
2106,9/10/18 6:00,44.492,0.1375
2107,9/10/18 7:00,43.853,0.1375
2108,9/10/18 8:00,43.396,0.1382
2109,9/10/18 9:00,43.853,0.1412
2110,9/10/18 10:00,45.172,0.1405
2111,9/10/18 11:00,47.736,0.1391
2112,9/10/18 12:00,51.544,0.1375
2113,9/10/18 13:00,55.256,0.1361
2114,9/10/18 14:00,57.936,0.1347
2115,9/10/18 15:00,58.928,0.1331
2116,9/10/18 16:00,59.315,0.1326
2117,9/10/18 17:00,58.928,0.1321
2118,9/10/18 18:00,58.325,0.1312
2119,9/10/18 19:00,57.204,0.1312
2120,9/10/18 20:00,55.992,0.1307
2121,9/10/18 21:00,54.777,0.1307
2122,9/10/18 22:00,53.559,0.1307
2123,9/10/18 23:00,52.378,0.1312
2124,9/11/18 0:00,51.325,0.1251
2125,9/11/18 1:00,50.356,0.1246
2126,9/11/18 2:00,49.338,0.1307
2127,9/11/18 3:00,48.405,0.1307
2128,9/11/18 4:00,47.557,0.1307
2129,9/11/18 5:00,46.661,0.1307
2130,9/11/18 6:00,45.896,0.1307
2131,9/11/18 7:00,45.217,0.1307
2132,9/11/18 8:00,44.946,0.1307
2133,9/11/18 9:00,45.172,0.1307
2134,9/11/18 10:00,46.571,0.1297
2135,9/11/18 11:00,49.073,0.1281
2136,9/11/18 12:00,51.678,0.1271
2137,9/11/18 13:00,53.559,0.1261
2138,9/11/18 14:00,56.383,0.1246
2139,9/11/18 15:00,58.541,0.1189
2140,9/11/18 16:00,59.788,0.1199
2141,9/11/18 17:00,59.788,0.1143
2142,9/11/18 18:00,58.842,0.1143
2143,9/11/18 19:00,57.42,0.1159
2144,9/11/18 20:00,55.992,0.1148
2145,9/11/18 21:00,54.516,0.1153
2146,9/11/18 22:00,53.253,0.1138
2147,9/11/18 23:00,52.16,0.1204
2148,9/12/18 0:00,51.105,0.1199
2149,9/12/18 1:00,50.18,0.1138
2150,9/12/18 2:00,49.249,0.1133
2151,9/12/18 3:00,48.36,0.1133
2152,9/12/18 4:00,47.557,0.1128
2153,9/12/18 5:00,46.751,0.1128
2154,9/12/18 6:00,45.986,0.1189
2155,9/12/18 7:00,45.262,0.1189
2156,9/12/18 8:00,44.764,0.1194
2157,9/12/18 9:00,45.127,0.1179
2158,9/12/18 10:00,46.751,0.1122
2159,9/12/18 11:00,49.471,0.1148
2160,9/12/18 12:00,53.253,0.1138
2161,9/12/18 13:00,57.376,0.1117
2162,9/12/18 14:00,60.733,0.1053
2163,9/12/18 15:00,62.62,0.1085
2164,9/12/18 16:00,63.262,0.102
2165,9/12/18 17:00,62.834,0.1014
2166,9/12/18 18:00,61.506,0.1058
2167,9/12/18 19:00,59.788,0.0998
2168,9/12/18 20:00,58.109,0.1058
2169,9/12/18 21:00,56.556,0.1058
2170,9/12/18 22:00,55.081,0.1053
2171,9/12/18 23:00,53.733,0.1053
2172,9/13/18 0:00,52.554,0.0998
2173,9/13/18 1:00,51.544,0.1053
2174,9/13/18 2:00,50.664,0.1053
2175,9/13/18 3:00,49.87,0.1047
2176,9/13/18 4:00,49.116,0.1047
2177,9/13/18 5:00,48.315,0.1047
2178,9/13/18 6:00,47.467,0.1047
2179,9/13/18 7:00,46.706,0.1042
2180,9/13/18 8:00,46.076,0.1036
2181,9/13/18 9:00,46.301,0.1025
2182,9/13/18 10:00,47.781,0.0961
2183,9/13/18 11:00,50.488,0.0975
2184,9/13/18 12:00,54.169,0.0992
2185,9/13/18 13:00,58.152,0.092
2186,9/13/18 14:00,61.376,0.0969
2187,9/13/18 15:00,63.262,0.0908
2188,9/13/18 16:00,63.99,0.0943
2189,9/13/18 17:00,63.604,0.0887
2190,9/13/18 18:00,62.233,0.0932
2191,9/13/18 19:00,60.346,0.0926
2192,9/13/18 20:00,58.498,0.0926
2193,9/13/18 21:00,56.772,0.0926
2194,9/13/18 22:00,55.256,0.0914
2195,9/13/18 23:00,53.865,0.0902
2196,9/14/18 0:00,52.597,0.092
2197,9/14/18 1:00,51.458,0.0896
2198,9/14/18 2:00,50.445,0.0914
2199,9/14/18 3:00,49.428,0.0914
2200,9/14/18 4:00,48.315,0.0908
2201,9/14/18 5:00,47.199,0.0863
2202,9/14/18 6:00,46.121,0.0902
2203,9/14/18 7:00,45.172,0.0908
2204,9/14/18 8:00,44.492,0.092
2205,9/14/18 9:00,44.901,0.0908
2206,9/14/18 10:00,46.841,0.0863
2207,9/14/18 11:00,49.825,0.0835
2208,9/14/18 12:00,53.994,0.0875
2209,9/14/18 13:00,58.455,0.0863
2210,9/14/18 14:00,62.233,0.081
2211,9/14/18 15:00,64.375,0.0803
2212,9/14/18 16:00,65.188,0.081
2213,9/14/18 17:00,64.931,0.0844
2214,9/14/18 18:00,63.604,0.0835
2215,9/14/18 19:00,61.761,0.0787
2216,9/14/18 20:00,59.959,0.0768
2217,9/14/18 21:00,58.239,0.0758
2218,9/14/18 22:00,56.599,0.0758
2219,9/14/18 23:00,55.081,0.0752
2220,9/15/18 0:00,53.69,0.0745
2221,9/15/18 1:00,52.335,0.0803
2222,9/15/18 2:00,51.193,0.0797
2223,9/15/18 3:00,50.223,0.0797
2224,9/15/18 4:00,49.338,0.0794
2225,9/15/18 5:00,48.45,0.0745
2226,9/15/18 6:00,47.557,0.0794
2227,9/15/18 7:00,46.751,0.0794
2228,9/15/18 8:00,46.211,0.0794
2229,9/15/18 9:00,46.706,0.0787
2230,9/15/18 10:00,48.538,0.0787
2231,9/15/18 11:00,51.589,0.0738
2232,9/15/18 12:00,55.602,0.0762
2233,9/15/18 13:00,59.873,0.0732
2234,9/15/18 14:00,63.262,0.0752
2235,9/15/18 15:00,65.23,0.0738
2236,9/15/18 16:00,66.043,0.0715
2237,9/15/18 17:00,65.788,0.0708
2238,9/15/18 18:00,64.459,0.0722
2239,9/15/18 19:00,62.704,0.0732
2240,9/15/18 20:00,60.948,0.0725
2241,9/15/18 21:00,59.358,0.0684
2242,9/15/18 22:00,57.936,0.0715
2243,9/15/18 23:00,56.685,0.0664
2244,9/16/18 0:00,55.558,0.0702
2245,9/16/18 1:00,54.604,0.0702
2246,9/16/18 2:00,53.602,0.0702
2247,9/16/18 3:00,52.554,0.0646
2248,9/16/18 4:00,51.544,0.0646
2249,9/16/18 5:00,50.576,0.0639
2250,9/16/18 6:00,49.737,0.0646
2251,9/16/18 7:00,48.983,0.0695
2252,9/16/18 8:00,48.45,0.0691
2253,9/16/18 9:00,48.895,0.0691
2254,9/16/18 10:00,50.621,0.0646
2255,9/16/18 11:00,53.253,0.0639
2256,9/16/18 12:00,56.901,0.0678
2257,9/16/18 13:00,60.948,0.0646
2258,9/16/18 14:00,64.117,0.0684
2259,9/16/18 15:00,66.043,0.066
2260,9/16/18 16:00,66.6,0.0678
2261,9/16/18 17:00,66.214,0.0664
2262,9/16/18 18:00,64.845,0.0664
2263,9/16/18 19:00,63.048,0.066
2264,9/16/18 20:00,61.075,0.0653
2265,9/16/18 21:00,59.272,0.0653
2266,9/16/18 22:00,57.679,0.0646
2267,9/16/18 23:00,56.295,0.0639
2268,9/17/18 0:00,55.081,0.0581
2269,9/17/18 1:00,53.994,0.0581
2270,9/17/18 2:00,52.947,0.0588
2271,9/17/18 3:00,52.072,0.0628
2272,9/17/18 4:00,51.193,0.0632
2273,9/17/18 5:00,50.268,0.0628
2274,9/17/18 6:00,49.428,0.0628
2275,9/17/18 7:00,48.628,0.0621
2276,9/17/18 8:00,48.137,0.0621
2277,9/17/18 9:00,48.672,0.0621
2278,9/17/18 10:00,50.533,0.0628
2279,9/17/18 11:00,53.559,0.0614
2280,9/17/18 12:00,56.685,0.0599
2281,9/17/18 13:00,59.702,0.0628
2282,9/17/18 14:00,62.577,0.0621
2283,9/17/18 15:00,64.632,0.0621
2284,9/17/18 16:00,65.53,0.0621
2285,9/17/18 17:00,65.188,0.0581
2286,9/17/18 18:00,64.033,0.0574
2287,9/17/18 19:00,62.533,0.057
2288,9/17/18 20:00,60.818,0.0547
2289,9/17/18 21:00,59.142,0.0596
2290,9/17/18 22:00,57.722,0.0574
2291,9/17/18 23:00,56.512,0.0555
2292,9/18/18 0:00,55.386,0.0574
2293,9/18/18 1:00,54.387,0.057
2294,9/18/18 2:00,53.472,0.0562
2295,9/18/18 3:00,52.641,0.0536
2296,9/18/18 4:00,51.852,0.0547
2297,9/18/18 5:00,51.105,0.0547
2298,9/18/18 6:00,50.4,0.0544
2299,9/18/18 7:00,49.87,0.0517
2300,9/18/18 8:00,49.516,0.057
2301,9/18/18 9:00,50.047,0.057
2302,9/18/18 10:00,51.633,0.0562
2303,9/18/18 11:00,53.69,0.0521
2304,9/18/18 12:00,55.992,0.0528
2305,9/18/18 13:00,59.315,0.057
2306,9/18/18 14:00,62.148,0.0562
2307,9/18/18 15:00,63.475,0.0544
2308,9/18/18 16:00,63.862,0.0536
2309,9/18/18 17:00,63.775,0.0574
2310,9/18/18 18:00,62.704,0.0517
2311,9/18/18 19:00,61.032,0.0547
2312,9/18/18 20:00,59.272,0.0547
2313,9/18/18 21:00,57.722,0.0521
2314,9/18/18 22:00,56.295,0.049
2315,9/18/18 23:00,54.995,0.049
2316,9/19/18 0:00,53.865,0.0494
2317,9/19/18 1:00,52.86,0.0528
2318,9/19/18 2:00,51.895,0.0494
2319,9/19/18 3:00,50.886,0.0528
2320,9/19/18 4:00,49.914,0.0521
2321,9/19/18 5:00,48.938,0.0528
2322,9/19/18 6:00,48.137,0.0501
2323,9/19/18 7:00,47.467,0.0501
2324,9/19/18 8:00,47.019,0.0494
2325,9/19/18 9:00,47.199,0.0521
2326,9/19/18 10:00,48.672,0.049
2327,9/19/18 11:00,51.193,0.049
2328,9/19/18 12:00,52.686,0.0474
2329,9/19/18 13:00,53.427,0.0474
2330,9/19/18 14:00,53.472,0.0528
2331,9/19/18 15:00,53.078,0.047
2332,9/19/18 16:00,52.246,0.0517
2333,9/19/18 17:00,51.501,0.0574
2334,9/19/18 18:00,51.193,0.0596
2335,9/19/18 19:00,50.752,0.0671
2336,9/19/18 20:00,49.825,0.0722
2337,9/19/18 21:00,48.938,0.0803
2338,9/19/18 22:00,48.227,0.0816
2339,9/19/18 23:00,47.647,0.0875
2340,9/20/18 0:00,47.154,0.0875
2341,9/20/18 1:00,46.706,0.085
2342,9/20/18 2:00,46.301,0.0869
2343,9/20/18 3:00,45.941,0.0932
2344,9/20/18 4:00,45.669,0.0937
2345,9/20/18 5:00,45.399,0.0896
2346,9/20/18 6:00,45.082,0.0875
2347,9/20/18 7:00,44.809,0.0875
2348,9/20/18 8:00,44.627,0.0881
2349,9/20/18 9:00,44.764,0.0857
2350,9/20/18 10:00,45.986,0.0908
2351,9/20/18 11:00,48.895,0.092
2352,9/20/18 12:00,52.554,0.0926
2353,9/20/18 13:00,54.561,0.0926
2354,9/20/18 14:00,56.728,0.0926
2355,9/20/18 15:00,57.463,0.092
2356,9/20/18 16:00,57.807,0.0926
2357,9/20/18 17:00,57.42,0.092
2358,9/20/18 18:00,56.208,0.0875
2359,9/20/18 19:00,54.473,0.0914
2360,9/20/18 20:00,52.686,0.0908
2361,9/20/18 21:00,51.017,0.0902
2362,9/20/18 22:00,49.338,0.0869
2363,9/20/18 23:00,47.781,0.0902
2364,9/21/18 0:00,46.346,0.0914
2365,9/21/18 1:00,45.082,0.092
2366,9/21/18 2:00,44.037,0.0914
2367,9/21/18 3:00,43.122,0.0914
2368,9/21/18 4:00,42.386,0.092
2369,9/21/18 5:00,41.693,0.092
2370,9/21/18 6:00,41.043,0.0926
2371,9/21/18 7:00,40.485,0.0926
2372,9/21/18 8:00,40.064,0.0932
2373,9/21/18 9:00,39.877,0.092
2374,9/21/18 10:00,40.811,0.0914
2375,9/21/18 11:00,43.99,0.0908
2376,9/21/18 12:00,48.493,0.0902
2377,9/21/18 13:00,53.166,0.0902
2378,9/21/18 14:00,56.815,0.0902
2379,9/21/18 15:00,58.928,0.0875
2380,9/21/18 16:00,59.83,0.0896
2381,9/21/18 17:00,59.616,0.085
2382,9/21/18 18:00,58.239,0.0893
2383,9/21/18 19:00,56.34,0.0887
2384,9/21/18 20:00,54.387,0.0881
2385,9/21/18 21:00,52.509,0.0875
2386,9/21/18 22:00,50.797,0.0875
2387,9/21/18 23:00,49.249,0.0869
2388,9/22/18 0:00,47.959,0.0869
2389,9/22/18 1:00,46.841,0.0869
2390,9/22/18 2:00,45.761,0.0863
2391,9/22/18 3:00,44.764,0.0863
2392,9/22/18 4:00,43.853,0.0863
2393,9/22/18 5:00,42.984,0.0863
2394,9/22/18 6:00,42.202,0.0863
2395,9/22/18 7:00,41.508,0.0863
2396,9/22/18 8:00,40.951,0.0863
2397,9/22/18 9:00,40.998,0.0863
2398,9/22/18 10:00,42.8,0.0857
2399,9/22/18 11:00,46.121,0.0803
2400,9/22/18 12:00,50.533,0.085
2401,9/22/18 13:00,55.256,0.0844
2402,9/22/18 14:00,59.229,0.0835
2403,9/22/18 15:00,61.59,0.0803
2404,9/22/18 16:00,62.362,0.0841
2405,9/22/18 17:00,61.804,0.0822
2406,9/22/18 18:00,60.132,0.0787
2407,9/22/18 19:00,57.936,0.0829
2408,9/22/18 20:00,55.776,0.0829
2409,9/22/18 21:00,53.865,0.0816
2410,9/22/18 22:00,52.16,0.0781
2411,9/22/18 23:00,50.664,0.081
2412,9/23/18 0:00,49.294,0.0803
2413,9/23/18 1:00,48.004,0.0803
2414,9/23/18 2:00,46.886,0.0797
2415,9/23/18 3:00,45.941,0.0797
2416,9/23/18 4:00,45.036,0.0797
2417,9/23/18 5:00,44.173,0.0797
2418,9/23/18 6:00,43.351,0.0797
2419,9/23/18 7:00,42.616,0.0797
2420,9/23/18 8:00,42.109,0.0803
2421,9/23/18 9:00,42.341,0.0794
2422,9/23/18 10:00,43.443,0.0797
2423,9/23/18 11:00,45.307,0.0797
2424,9/23/18 12:00,48.45,0.0794
2425,9/23/18 13:00,52.947,0.0745
2426,9/23/18 14:00,57.031,0.0787
2427,9/23/18 15:00,59.529,0.0752
2428,9/23/18 16:00,60.303,0.0775
2429,9/23/18 17:00,59.745,0.0775
2430,9/23/18 18:00,58.582,0.0752
2431,9/23/18 19:00,57.074,0.0762
2432,9/23/18 20:00,55.342,0.0758
2433,9/23/18 21:00,53.645,0.0758
2434,9/23/18 22:00,52.16,0.0702
2435,9/23/18 23:00,50.841,0.0752
2436,9/24/18 0:00,49.782,0.0745
2437,9/24/18 1:00,49.028,0.0745
2438,9/24/18 2:00,48.272,0.0725
2439,9/24/18 3:00,47.557,0.0738
2440,9/24/18 4:00,47.064,0.0732
2441,9/24/18 5:00,46.571,0.0708
2442,9/24/18 6:00,46.076,0.0732
2443,9/24/18 7:00,45.534,0.0732
2444,9/24/18 8:00,45.036,0.0732
2445,9/24/18 9:00,45.172,0.0732
2446,9/24/18 10:00,45.986,0.0732
2447,9/24/18 11:00,46.571,0.0678
2448,9/24/18 12:00,48.049,0.0691
2449,9/24/18 13:00,49.649,0.0678
2450,9/24/18 14:00,48.493,0.0768
2451,9/24/18 15:00,48.137,0.0797
2452,9/24/18 16:00,48.628,0.0803
2453,9/24/18 17:00,48.85,0.0797
2454,9/24/18 18:00,48.85,0.0829
2455,9/24/18 19:00,48.272,0.0822
2456,9/24/18 20:00,47.602,0.0822
2457,9/24/18 21:00,46.886,0.0822
2458,9/24/18 22:00,46.121,0.0822
2459,9/24/18 23:00,45.399,0.0816
2460,9/25/18 0:00,44.627,0.081
2461,9/25/18 1:00,43.9,0.0822
2462,9/25/18 2:00,42.984,0.0822
2463,9/25/18 3:00,42.109,0.0829
2464,9/25/18 4:00,41.369,0.0844
2465,9/25/18 5:00,40.719,0.085
2466,9/25/18 6:00,40.064,0.0844
2467,9/25/18 7:00,39.502,0.0844
2468,9/25/18 8:00,38.984,0.085
2469,9/25/18 9:00,38.748,0.0841
2470,9/25/18 10:00,39.031,0.0816
2471,9/25/18 11:00,41.554,0.0835
2472,9/25/18 12:00,45.851,0.0794
2473,9/25/18 13:00,50.488,0.0841
2474,9/25/18 14:00,54.3,0.0844
2475,9/25/18 15:00,56.642,0.0844
2476,9/25/18 16:00,57.636,0.0844
2477,9/25/18 17:00,57.247,0.0841
2478,9/25/18 18:00,55.647,0.0829
2479,9/25/18 19:00,53.472,0.0781
2480,9/25/18 20:00,51.282,0.0816
2481,9/25/18 21:00,49.338,0.0822
2482,9/25/18 22:00,47.647,0.0822
2483,9/25/18 23:00,46.031,0.0829
2484,9/26/18 0:00,44.719,0.0816
2485,9/26/18 1:00,43.624,0.081
2486,9/26/18 2:00,42.616,0.081
2487,9/26/18 3:00,41.787,0.081
2488,9/26/18 4:00,41.137,0.0816
2489,9/26/18 5:00,40.532,0.0816
2490,9/26/18 6:00,39.924,0.0816
2491,9/26/18 7:00,39.313,0.0803
2492,9/26/18 8:00,38.795,0.0803
2493,9/26/18 9:00,38.653,0.0803
2494,9/26/18 10:00,39.36,0.0803
2495,9/26/18 11:00,42.386,0.0803
2496,9/26/18 12:00,46.616,0.0794
2497,9/26/18 13:00,51.017,0.0797
2498,9/26/18 14:00,54.82,0.0752
2499,9/26/18 15:00,57.204,0.081
2500,9/26/18 16:00,58.368,0.0803
2501,9/26/18 17:00,58.109,0.0803
2502,9/26/18 18:00,56.556,0.0794
2503,9/26/18 19:00,54.516,0.0794
2504,9/26/18 20:00,52.466,0.0787
2505,9/26/18 21:00,50.621,0.0787
2506,9/26/18 22:00,48.983,0.0781
2507,9/26/18 23:00,47.377,0.0781
2508,9/27/18 0:00,45.941,0.0787
2509,9/27/18 1:00,44.719,0.0781
2510,9/27/18 2:00,43.716,0.0722
2511,9/27/18 3:00,42.8,0.0775
2512,9/27/18 4:00,41.97,0.0768
2513,9/27/18 5:00,41.184,0.0768
2514,9/27/18 6:00,40.438,0.0775
2515,9/27/18 7:00,39.877,0.0781
2516,9/27/18 8:00,39.407,0.0787
2517,9/27/18 9:00,39.549,0.0781
2518,9/27/18 10:00,41.369,0.0768
2519,9/27/18 11:00,44.674,0.0762
2520,9/27/18 12:00,49.028,0.0762
2521,9/27/18 13:00,53.69,0.0768
2522,9/27/18 14:00,57.592,0.0738
2523,9/27/18 15:00,59.916,0.0738
2524,9/27/18 16:00,60.904,0.0768
2525,9/27/18 17:00,60.561,0.0725
2526,9/27/18 18:00,58.971,0.0732
2527,9/27/18 19:00,56.858,0.0758
2528,9/27/18 20:00,54.82,0.0745
2529,9/27/18 21:00,52.947,0.0745
2530,9/27/18 22:00,51.237,0.0738
2531,9/27/18 23:00,49.692,0.0738
2532,9/28/18 0:00,48.272,0.0732
2533,9/28/18 1:00,46.974,0.0738
2534,9/28/18 2:00,45.761,0.0738
2535,9/28/18 3:00,44.674,0.0732
2536,9/28/18 4:00,43.671,0.0722
2537,9/28/18 5:00,42.755,0.0722
2538,9/28/18 6:00,41.925,0.0732
2539,9/28/18 7:00,41.043,0.0732
2540,9/28/18 8:00,40.345,0.0732
2541,9/28/18 9:00,40.672,0.0725
2542,9/28/18 10:00,42.663,0.0725
2543,9/28/18 11:00,45.896,0.0678
2544,9/28/18 12:00,50.135,0.0715
2545,9/28/18 13:00,54.734,0.0725
2546,9/28/18 14:00,58.712,0.0684
2547,9/28/18 15:00,61.162,0.0738
2548,9/28/18 16:00,62.191,0.0732
2549,9/28/18 17:00,61.804,0.0732
2550,9/28/18 18:00,60.089,0.0725
2551,9/28/18 19:00,57.893,0.0708
2552,9/28/18 20:00,55.776,0.0708
2553,9/28/18 21:00,53.865,0.0702
2554,9/28/18 22:00,52.16,0.0695
2555,9/28/18 23:00,50.664,0.0702
2556,9/29/18 0:00,49.428,0.0691
2557,9/29/18 1:00,48.315,0.0691
2558,9/29/18 2:00,47.377,0.0691
2559,9/29/18 3:00,46.526,0.0684
2560,9/29/18 4:00,45.761,0.0684
2561,9/29/18 5:00,45.082,0.0632
2562,9/29/18 6:00,44.492,0.0684
2563,9/29/18 7:00,43.9,0.0684
2564,9/29/18 8:00,43.396,0.0684
2565,9/29/18 9:00,43.624,0.0684
2566,9/29/18 10:00,45.127,0.0684
2567,9/29/18 11:00,47.871,0.0684
2568,9/29/18 12:00,51.633,0.0639
2569,9/29/18 13:00,55.776,0.0684
2570,9/29/18 14:00,59.358,0.0691
2571,9/29/18 15:00,61.633,0.0695
2572,9/29/18 16:00,62.533,0.0653
2573,9/29/18 17:00,62.191,0.0684
2574,9/29/18 18:00,60.647,0.0684
2575,9/29/18 19:00,58.842,0.0678
2576,9/29/18 20:00,56.944,0.0671
2577,9/29/18 21:00,55.125,0.0664
2578,9/29/18 22:00,53.645,0.0646
2579,9/29/18 23:00,52.335,0.066
2580,9/30/18 0:00,51.193,0.0653
2581,9/30/18 1:00,50.047,0.0653
2582,9/30/18 2:00,49.028,0.0653
2583,9/30/18 3:00,48.137,0.0653
2584,9/30/18 4:00,47.377,0.0653
2585,9/30/18 5:00,46.661,0.0646
2586,9/30/18 6:00,45.986,0.0646
2587,9/30/18 7:00,45.307,0.0646
2588,9/30/18 8:00,44.809,0.0646
2589,9/30/18 9:00,45.082,0.0596
2590,9/30/18 10:00,46.526,0.0599
2591,9/30/18 11:00,49.249,0.0646
2592,9/30/18 12:00,52.86,0.0646
2593,9/30/18 13:00,56.599,0.0639
2594,9/30/18 14:00,59.572,0.0614
2595,9/30/18 15:00,61.205,0.0653
2596,9/30/18 16:00,61.72,0.0653
2597,9/30/18 17:00,60.991,0.0646
2598,9/30/18 18:00,59.358,0.0632
2599,9/30/18 19:00,57.463,0.0628
2600,9/30/18 20:00,55.69,0.0614
2601,9/30/18 21:00,54.082,0.0621
2602,9/30/18 22:00,52.686,0.0621
2603,9/30/18 23:00,51.458,0.057
2604,10/1/18 0:00,50.445,0.0596
2605,10/1/18 1:00,49.782,0.0607
2606,10/1/18 2:00,49.294,0.0614
2607,10/1/18 3:00,48.805,0.0614
2608,10/1/18 4:00,48.272,0.0581
2609,10/1/18 5:00,47.781,0.0607
2610,10/1/18 6:00,47.334,0.0599
2611,10/1/18 7:00,46.886,0.0547
2612,10/1/18 8:00,46.571,0.0547
2613,10/1/18 9:00,46.481,0.0562
2614,10/1/18 10:00,47.199,0.0614
2615,10/1/18 11:00,47.826,0.0607
2616,10/1/18 12:00,48.094,0.0607
2617,10/1/18 13:00,48.094,0.0574
2618,10/1/18 14:00,48.004,0.0607
2619,10/1/18 15:00,48.182,0.0632
2620,10/1/18 16:00,48.182,0.0632
2621,10/1/18 17:00,48.049,0.0632
2622,10/1/18 18:00,47.691,0.0632
2623,10/1/18 19:00,47.244,0.0632
2624,10/1/18 20:00,46.751,0.0632
2625,10/1/18 21:00,46.346,0.0639
2626,10/1/18 22:00,45.986,0.0632
2627,10/1/18 23:00,45.669,0.0632
2628,10/2/18 0:00,45.354,0.0632
2629,10/2/18 1:00,44.991,0.0632
2630,10/2/18 2:00,44.674,0.0632
2631,10/2/18 3:00,44.445,0.0628
2632,10/2/18 4:00,44.218,0.0628
2633,10/2/18 5:00,43.99,0.0628
2634,10/2/18 6:00,43.9,0.0614
2635,10/2/18 7:00,43.763,0.0664
2636,10/2/18 8:00,43.579,0.0949
2637,10/2/18 9:00,43.396,0.1053
2638,10/2/18 10:00,43.214,0.1058
2639,10/2/18 11:00,43.03,0.1375
2640,10/2/18 12:00,43.03,0.145
2641,10/2/18 13:00,43.214,0.1581
2642,10/2/18 14:00,43.579,0.1826
2643,10/2/18 15:00,43.716,0.182
2644,10/2/18 16:00,43.763,0.1699
2645,10/2/18 17:00,43.763,0.1714
2646,10/2/18 18:00,43.579,0.1718
2647,10/2/18 19:00,43.351,0.1756
2648,10/2/18 20:00,43.075,0.1714
2649,10/2/18 21:00,42.892,0.1797
2650,10/2/18 22:00,42.755,0.1789
2651,10/2/18 23:00,42.663,0.1769
2652,10/3/18 0:00,42.616,0.1756
2653,10/3/18 1:00,42.525,0.1732
2654,10/3/18 2:00,42.478,0.1826
2655,10/3/18 3:00,42.478,0.182
2656,10/3/18 4:00,42.478,0.21
2657,10/3/18 5:00,42.294,0.2117
2658,10/3/18 6:00,41.97,0.1939
2659,10/3/18 7:00,41.648,0.1859
2660,10/3/18 8:00,41.463,0.1881
2661,10/3/18 9:00,40.532,0.2245
2662,10/3/18 10:00,38.842,0.2143
2663,10/3/18 11:00,37.702,0.2143
2664,10/3/18 12:00,37.035,0.2139
2665,10/3/18 13:00,36.554,0.2148