Plot Title: 20393605_SM_A_B1_ctrl,,,
#,"Date Time, GMT-06:00","Temp, °F (LGR S/N: 20393605, SEN S/N: 20391818, LBL: B1_L)","Water Content, m³/m³ (LGR S/N: 20393605, SEN S/N: 20399026, LBL: B1_L)"
1,6/14/18 12:00,32.99,0.2585
2,6/14/18 13:00,33.336,0.2615
3,6/14/18 14:00,33.633,0.2621
4,6/14/18 15:00,34.124,0.2639
5,6/14/18 16:00,34.761,0.2646
6,6/14/18 17:00,35.443,0.2653
7,6/14/18 18:00,35.685,0.2664
8,6/14/18 19:00,35.492,0.2664
9,6/14/18 20:00,35.298,0.266
10,6/14/18 21:00,35.055,0.266
11,6/14/18 22:00,34.81,0.2657
12,6/14/18 23:00,34.565,0.265
13,6/15/18 0:00,34.272,0.2646
14,6/15/18 1:00,34.027,0.2646
15,6/15/18 2:00,33.732,0.2642
16,6/15/18 3:00,33.534,0.2639
17,6/15/18 4:00,33.435,0.2635
18,6/15/18 5:00,33.336,0.2635
19,6/15/18 6:00,33.237,0.2635
20,6/15/18 7:00,33.287,0.2624
21,6/15/18 8:00,33.928,0.2628
22,6/15/18 9:00,35.589,0.2615
23,6/15/18 10:00,38.179,0.2618
24,6/15/18 11:00,40.158,0.2621
25,6/15/18 12:00,42.202,0.2615
26,6/15/18 13:00,44.991,0.2615
27,6/15/18 14:00,48.004,0.2607
28,6/15/18 15:00,49.649,0.2604
29,6/15/18 16:00,51.017,0.2607
30,6/15/18 17:00,51.764,0.2604
31,6/15/18 18:00,51.721,0.2607
32,6/15/18 19:00,50.709,0.2607
33,6/15/18 20:00,49.338,0.2611
34,6/15/18 21:00,47.914,0.2607
35,6/15/18 22:00,46.481,0.2607
36,6/15/18 23:00,45.354,0.2607
37,6/16/18 0:00,44.4,0.2607
38,6/16/18 1:00,43.624,0.2607
39,6/16/18 2:00,42.939,0.2607
40,6/16/18 3:00,42.386,0.2607
41,6/16/18 4:00,41.878,0.2607
42,6/16/18 5:00,41.463,0.2607
43,6/16/18 6:00,40.998,0.2607
44,6/16/18 7:00,40.532,0.2607
45,6/16/18 8:00,40.438,0.2607
46,6/16/18 9:00,41.184,0.2604
47,6/16/18 10:00,42.202,0.26
48,6/16/18 11:00,43.306,0.2604
49,6/16/18 12:00,44.445,0.26
50,6/16/18 13:00,45.444,0.26
51,6/16/18 14:00,45.851,0.2628
52,6/16/18 15:00,46.301,0.2624
53,6/16/18 16:00,47.199,0.2621
54,6/16/18 17:00,47.914,0.2618
55,6/16/18 18:00,48.094,0.2618
56,6/16/18 19:00,47.781,0.2618
57,6/16/18 20:00,47.154,0.2615
58,6/16/18 21:00,46.346,0.2621
59,6/16/18 22:00,45.579,0.2621
60,6/16/18 23:00,44.901,0.2621
61,6/17/18 0:00,44.31,0.2621
62,6/17/18 1:00,43.763,0.2653
63,6/17/18 2:00,43.214,0.266
64,6/17/18 3:00,42.8,0.2657
65,6/17/18 4:00,42.386,0.2666
66,6/17/18 5:00,42.017,0.2666
67,6/17/18 6:00,41.601,0.2666
68,6/17/18 7:00,41.322,0.2666
69,6/17/18 8:00,41.277,0.2664
70,6/17/18 9:00,41.463,0.2673
71,6/17/18 10:00,41.925,0.267
72,6/17/18 11:00,43.214,0.2664
73,6/17/18 12:00,45.354,0.2657
74,6/17/18 13:00,47.557,0.265
75,6/17/18 14:00,49.692,0.2646
76,6/17/18 15:00,51.895,0.2642
77,6/17/18 16:00,52.423,0.2639
78,6/17/18 17:00,51.413,0.2684
79,6/17/18 18:00,50.311,0.2684
80,6/17/18 19:00,49.782,0.2673
81,6/17/18 20:00,49.249,0.2673
82,6/17/18 21:00,48.45,0.267
83,6/17/18 22:00,47.557,0.267
84,6/17/18 23:00,46.751,0.267
85,6/18/18 0:00,46.031,0.267
86,6/18/18 1:00,45.307,0.267
87,6/18/18 2:00,44.582,0.2666
88,6/18/18 3:00,43.853,0.2666
89,6/18/18 4:00,43.214,0.2664
90,6/18/18 5:00,42.57,0.2664
91,6/18/18 6:00,41.97,0.2664
92,6/18/18 7:00,41.508,0.2657
93,6/18/18 8:00,41.463,0.2653
94,6/18/18 9:00,42.064,0.265
95,6/18/18 10:00,43.488,0.2646
96,6/18/18 11:00,45.217,0.2639
97,6/18/18 12:00,46.436,0.2632
98,6/18/18 13:00,48.182,0.2621
99,6/18/18 14:00,50.664,0.2615
100,6/18/18 15:00,53.035,0.2607
101,6/18/18 16:00,54.734,0.2596
102,6/18/18 17:00,55.081,0.2604
103,6/18/18 18:00,54.343,0.2607
104,6/18/18 19:00,52.947,0.2604
105,6/18/18 20:00,51.282,0.2604
106,6/18/18 21:00,49.561,0.2604
107,6/18/18 22:00,47.959,0.2604
108,6/18/18 23:00,46.481,0.2604
109,6/19/18 0:00,45.172,0.2607
110,6/19/18 1:00,43.99,0.2607
111,6/19/18 2:00,42.892,0.2611
112,6/19/18 3:00,41.925,0.2611
113,6/19/18 4:00,41.09,0.2611
114,6/19/18 5:00,40.392,0.2611
115,6/19/18 6:00,39.736,0.2618
116,6/19/18 7:00,39.407,0.2618
117,6/19/18 8:00,39.783,0.2615
118,6/19/18 9:00,41.09,0.2611
119,6/19/18 10:00,43.396,0.26
120,6/19/18 11:00,46.526,0.2579
121,6/19/18 12:00,49.825,0.2571
122,6/19/18 13:00,53.078,0.2571
123,6/19/18 14:00,55.949,0.2567
124,6/19/18 15:00,58.066,0.2564
125,6/19/18 16:00,59.272,0.2557
126,6/19/18 17:00,59.616,0.2553
127,6/19/18 18:00,58.885,0.256
128,6/19/18 19:00,57.031,0.2546
129,6/19/18 20:00,54.734,0.255
130,6/19/18 21:00,52.509,0.2557
131,6/19/18 22:00,50.488,0.2567
132,6/19/18 23:00,48.672,0.2567
133,6/20/18 0:00,47.109,0.256
134,6/20/18 1:00,45.714,0.256
135,6/20/18 2:00,44.445,0.256
136,6/20/18 3:00,43.396,0.2575
137,6/20/18 4:00,42.386,0.2579
138,6/20/18 5:00,41.508,0.2582
139,6/20/18 6:00,40.719,0.2582
140,6/20/18 7:00,40.392,0.2571
141,6/20/18 8:00,40.811,0.2567
142,6/20/18 9:00,42.156,0.2567
143,6/20/18 10:00,44.445,0.2564
144,6/20/18 11:00,47.736,0.2553
145,6/20/18 12:00,51.413,0.2542
146,6/20/18 13:00,54.909,0.2524
147,6/20/18 14:00,57.765,0.2524
148,6/20/18 15:00,59.916,0.252
149,6/20/18 16:00,61.205,0.2516
150,6/20/18 17:00,61.162,0.2516
151,6/20/18 18:00,60.217,0.2512
152,6/20/18 19:00,58.455,0.2524
153,6/20/18 20:00,56.34,0.2528
154,6/20/18 21:00,54.3,0.2534
155,6/20/18 22:00,52.378,0.2538
156,6/20/18 23:00,50.621,0.2542
157,6/21/18 0:00,49.161,0.2542
158,6/21/18 1:00,47.826,0.2546
159,6/21/18 2:00,46.661,0.2546
160,6/21/18 3:00,45.669,0.255
161,6/21/18 4:00,44.764,0.255
162,6/21/18 5:00,43.9,0.2553
163,6/21/18 6:00,43.03,0.2553
164,6/21/18 7:00,42.57,0.256
165,6/21/18 8:00,42.847,0.2557
166,6/21/18 9:00,44.037,0.255
167,6/21/18 10:00,46.211,0.2534
168,6/21/18 11:00,49.338,0.2524
169,6/21/18 12:00,52.86,0.2509
170,6/21/18 13:00,56.383,0.2494
171,6/21/18 14:00,59.358,0.2487
172,6/21/18 15:00,61.547,0.2483
173,6/21/18 16:00,62.704,0.2479
174,6/21/18 17:00,62.875,0.2479
175,6/21/18 18:00,62.019,0.2475
176,6/21/18 19:00,60.217,0.2483
177,6/21/18 20:00,58.109,0.249
178,6/21/18 21:00,56.079,0.2487
179,6/21/18 22:00,54.3,0.2487
180,6/21/18 23:00,52.729,0.2502
181,6/22/18 0:00,51.501,0.2516
182,6/22/18 1:00,50.488,0.252
183,6/22/18 2:00,49.604,0.2524
184,6/22/18 3:00,48.672,0.2524
185,6/22/18 4:00,47.691,0.2528
186,6/22/18 5:00,46.706,0.252
187,6/22/18 6:00,45.761,0.2532
188,6/22/18 7:00,45.262,0.2534
189,6/22/18 8:00,45.489,0.2532
190,6/22/18 9:00,46.166,0.252
191,6/22/18 10:00,47.154,0.2512
192,6/22/18 11:00,48.895,0.2509
193,6/22/18 12:00,51.809,0.2494
194,6/22/18 13:00,53.733,0.2487
195,6/22/18 14:00,54.082,0.2542
196,6/22/18 15:00,54.43,0.2483
197,6/22/18 16:00,54.43,0.2479
198,6/22/18 17:00,54.3,0.2479
199,6/22/18 18:00,53.82,0.2487
200,6/22/18 19:00,52.992,0.2479
201,6/22/18 20:00,51.895,0.2483
202,6/22/18 21:00,50.621,0.2487
203,6/22/18 22:00,49.294,0.2487
204,6/22/18 23:00,48.049,0.2502
205,6/23/18 0:00,46.974,0.2505
206,6/23/18 1:00,45.986,0.2509
207,6/23/18 2:00,45.127,0.2512
208,6/23/18 3:00,44.355,0.2516
209,6/23/18 4:00,43.579,0.2516
210,6/23/18 5:00,42.847,0.2516
211,6/23/18 6:00,42.109,0.2524
212,6/23/18 7:00,41.878,0.2524
213,6/23/18 8:00,42.294,0.252
214,6/23/18 9:00,43.579,0.2516
215,6/23/18 10:00,45.669,0.2502
216,6/23/18 11:00,48.717,0.2479
217,6/23/18 12:00,52.246,0.2479
218,6/23/18 13:00,55.647,0.2468
219,6/23/18 14:00,58.455,0.2449
220,6/23/18 15:00,60.132,0.2437
221,6/23/18 16:00,60.647,0.2441
222,6/23/18 17:00,60.39,0.2445
223,6/23/18 18:00,59.702,0.2449
224,6/23/18 19:00,58.282,0.2456
225,6/23/18 20:00,56.599,0.246
226,6/23/18 21:00,55.038,0.2464
227,6/23/18 22:00,53.559,0.2468
228,6/23/18 23:00,52.291,0.2471
229,6/24/18 0:00,51.193,0.2468
230,6/24/18 1:00,50.268,0.2475
231,6/24/18 2:00,49.383,0.2464
232,6/24/18 3:00,48.628,0.2468
233,6/24/18 4:00,47.871,0.2479
234,6/24/18 5:00,47.109,0.2483
235,6/24/18 6:00,46.481,0.2483
236,6/24/18 7:00,46.121,0.2487
237,6/24/18 8:00,46.256,0.2483
238,6/24/18 9:00,47.109,0.2479
239,6/24/18 10:00,48.717,0.2452
240,6/24/18 11:00,50.929,0.2452
241,6/24/18 12:00,52.115,0.2452
242,6/24/18 13:00,52.947,0.243
243,6/24/18 14:00,53.341,0.2441
244,6/24/18 15:00,54.343,0.243
245,6/24/18 16:00,55.299,0.2394
246,6/24/18 17:00,55.125,0.2394
247,6/24/18 18:00,54.734,0.2394
248,6/24/18 19:00,53.645,0.2399
249,6/24/18 20:00,52.246,0.2406
250,6/24/18 21:00,50.797,0.241
251,6/24/18 22:00,49.428,0.241
252,6/24/18 23:00,48.182,0.2418
253,6/25/18 0:00,47.109,0.2421
254,6/25/18 1:00,46.076,0.2421
255,6/25/18 2:00,45.217,0.243
256,6/25/18 3:00,44.445,0.243
257,6/25/18 4:00,43.763,0.2434
258,6/25/18 5:00,43.167,0.2437
259,6/25/18 6:00,42.708,0.2441
260,6/25/18 7:00,42.57,0.2441
261,6/25/18 8:00,42.984,0.2441
262,6/25/18 9:00,44.173,0.2434
263,6/25/18 10:00,46.211,0.2418
264,6/25/18 11:00,48.938,0.2399
265,6/25/18 12:00,52.072,0.2383
266,6/25/18 13:00,55.299,0.2367
267,6/25/18 14:00,58.066,0.2358
268,6/25/18 15:00,60.174,0.2351
269,6/25/18 16:00,61.376,0.2351
270,6/25/18 17:00,61.59,0.2351
271,6/25/18 18:00,60.69,0.2351
272,6/25/18 19:00,58.971,0.2358
273,6/25/18 20:00,57.031,0.2363
274,6/25/18 21:00,55.125,0.2367
275,6/25/18 22:00,53.384,0.2374
276,6/25/18 23:00,51.852,0.2379
277,6/26/18 0:00,50.533,0.2383
278,6/26/18 1:00,49.383,0.2383
279,6/26/18 2:00,48.36,0.2387
280,6/26/18 3:00,47.467,0.239
281,6/26/18 4:00,46.616,0.2394
282,6/26/18 5:00,45.851,0.2399
283,6/26/18 6:00,45.172,0.2403
284,6/26/18 7:00,44.946,0.2406
285,6/26/18 8:00,45.489,0.2403
286,6/26/18 9:00,46.796,0.239
287,6/26/18 10:00,48.805,0.2379
288,6/26/18 11:00,51.721,0.2358
289,6/26/18 12:00,55.125,0.233
290,6/26/18 13:00,58.282,0.2323
291,6/26/18 14:00,60.991,0.2306
292,6/26/18 15:00,62.704,0.2299
293,6/26/18 16:00,63.561,0.2294
294,6/26/18 17:00,63.475,0.2291
295,6/26/18 18:00,62.49,0.2299
296,6/26/18 19:00,60.904,0.2303
297,6/26/18 20:00,59.014,0.2303
298,6/26/18 21:00,57.247,0.2315
299,6/26/18 22:00,55.69,0.2318
300,6/26/18 23:00,54.343,0.2323
301,6/27/18 0:00,53.078,0.2323
302,6/27/18 1:00,51.895,0.233
303,6/27/18 2:00,50.752,0.233
304,6/27/18 3:00,49.782,0.2335
305,6/27/18 4:00,48.938,0.2339
306,6/27/18 5:00,48.137,0.2344
307,6/27/18 6:00,47.422,0.2347
308,6/27/18 7:00,47.244,0.2351
309,6/27/18 8:00,47.781,0.2351
310,6/27/18 9:00,49.116,0.2344
311,6/27/18 10:00,51.325,0.2323
312,6/27/18 11:00,54.343,0.2303
313,6/27/18 12:00,57.549,0.2277
314,6/27/18 13:00,60.474,0.2257
315,6/27/18 14:00,62.834,0.2241
316,6/27/18 15:00,64.332,0.2232
317,6/27/18 16:00,64.974,0.2224
318,6/27/18 17:00,64.589,0.2224
319,6/27/18 18:00,63.518,0.2219
320,6/27/18 19:00,61.848,0.2224
321,6/27/18 20:00,59.959,0.2229
322,6/27/18 21:00,58.152,0.2232
323,6/27/18 22:00,56.512,0.2241
324,6/27/18 23:00,55.081,0.2245
325,6/28/18 0:00,53.82,0.2254
326,6/28/18 1:00,52.641,0.2257
327,6/28/18 2:00,51.633,0.2262
328,6/28/18 3:00,50.752,0.2266
329,6/28/18 4:00,49.959,0.2269
330,6/28/18 5:00,49.161,0.2269
331,6/28/18 6:00,48.45,0.2277
332,6/28/18 7:00,48.182,0.2286
333,6/28/18 8:00,48.672,0.2282
334,6/28/18 9:00,50.002,0.2274
335,6/28/18 10:00,52.072,0.2257
336,6/28/18 11:00,54.777,0.2229
337,6/28/18 12:00,57.549,0.2208
338,6/28/18 13:00,60.433,0.2182
339,6/28/18 14:00,62.704,0.2161
340,6/28/18 15:00,64.247,0.2148
341,6/28/18 16:00,64.674,0.2112
342,6/28/18 17:00,64.161,0.2109
343,6/28/18 18:00,63.005,0.21
344,6/28/18 19:00,61.547,0.21
345,6/28/18 20:00,59.959,0.2109
346,6/28/18 21:00,58.368,0.2131
347,6/28/18 22:00,56.815,0.2134
348,6/28/18 23:00,55.472,0.2134
349,6/29/18 0:00,54.255,0.2139
350,6/29/18 1:00,53.078,0.2143
351,6/29/18 2:00,51.852,0.2148
352,6/29/18 3:00,50.752,0.2156
353,6/29/18 4:00,49.692,0.2161
354,6/29/18 5:00,48.805,0.2164
355,6/29/18 6:00,48.004,0.2174
356,6/29/18 7:00,47.736,0.2182
357,6/29/18 8:00,48.094,0.2177
358,6/29/18 9:00,49.249,0.2164
359,6/29/18 10:00,51.062,0.2143
360,6/29/18 11:00,53.908,0.2117
361,6/29/18 12:00,57.031,0.21
362,6/29/18 13:00,59.916,0.2061
363,6/29/18 14:00,62.62,0.2038
364,6/29/18 15:00,63.903,0.2029
365,6/29/18 16:00,64.247,0.2092
366,6/29/18 17:00,63.604,0.2073
367,6/29/18 18:00,62.406,0.207
368,6/29/18 19:00,60.561,0.207
369,6/29/18 20:00,58.669,0.202
370,6/29/18 21:00,56.901,0.2026
371,6/29/18 22:00,55.256,0.2083
372,6/29/18 23:00,53.82,0.2035
373,6/30/18 0:00,52.509,0.2038
374,6/30/18 1:00,51.282,0.2047
375,6/30/18 2:00,50.18,0.2148
376,6/30/18 3:00,49.204,0.2061
377,6/30/18 4:00,48.36,0.2064
378,6/30/18 5:00,47.602,0.207
379,6/30/18 6:00,46.931,0.2073
380,6/30/18 7:00,46.796,0.2087
381,6/30/18 8:00,47.334,0.2087
382,6/30/18 9:00,48.628,0.2073
383,6/30/18 10:00,50.621,0.2052
384,6/30/18 11:00,53.69,0.2012
385,6/30/18 12:00,56.988,0.1999
386,6/30/18 13:00,59.916,0.1939
387,6/30/18 14:00,62.276,0.1923
388,6/30/18 15:00,63.219,0.1898
389,6/30/18 16:00,63.39,0.1898
390,6/30/18 17:00,62.791,0.1895
391,6/30/18 18:00,61.59,0.1885
392,6/30/18 19:00,59.788,0.1885
393,6/30/18 20:00,57.936,0.1904
394,6/30/18 21:00,56.208,0.1898
395,6/30/18 22:00,54.604,0.1908
396,6/30/18 23:00,53.209,0.1917
397,7/1/18 0:00,51.94,0.1917
398,7/1/18 1:00,50.841,0.1932
399,7/1/18 2:00,49.782,0.1935
400,7/1/18 3:00,48.85,0.1945
401,7/1/18 4:00,48.094,0.1948
402,7/1/18 5:00,47.377,0.1954
403,7/1/18 6:00,46.751,0.1963
404,7/1/18 7:00,46.616,0.1972
405,7/1/18 8:00,47.154,0.1972
406,7/1/18 9:00,48.493,0.1963
407,7/1/18 10:00,50.664,0.1939
408,7/1/18 11:00,53.645,0.1908
409,7/1/18 12:00,57.29,0.1876
410,7/1/18 13:00,60.303,0.1891
411,7/1/18 14:00,63.219,0.1797
412,7/1/18 15:00,64.418,0.1872
413,7/1/18 16:00,64.674,0.1849
414,7/1/18 17:00,63.99,0.1756
415,7/1/18 18:00,62.577,0.1756
416,7/1/18 19:00,60.604,0.1762
417,7/1/18 20:00,58.582,0.1769
418,7/1/18 21:00,56.685,0.1775
419,7/1/18 22:00,54.952,0.1789
420,7/1/18 23:00,53.384,0.1797
421,7/2/18 0:00,52.029,0.1803
422,7/2/18 1:00,50.886,0.1807
423,7/2/18 2:00,49.914,0.1816
424,7/2/18 3:00,48.938,0.1826
425,7/2/18 4:00,48.049,0.1836
426,7/2/18 5:00,47.244,0.184
427,7/2/18 6:00,46.571,0.1849
428,7/2/18 7:00,46.346,0.1859
429,7/2/18 8:00,46.931,0.1859
430,7/2/18 9:00,48.315,0.1843
431,7/2/18 10:00,50.664,0.182
432,7/2/18 11:00,53.951,0.1779
433,7/2/18 12:00,57.679,0.1746
434,7/2/18 13:00,61.162,0.1703
435,7/2/18 14:00,63.689,0.1769
436,7/2/18 15:00,64.845,0.1663
437,7/2/18 16:00,65.017,0.1629
438,7/2/18 17:00,64.204,0.1619
439,7/2/18 18:00,62.791,0.1742
440,7/2/18 19:00,60.818,0.1629
441,7/2/18 20:00,58.755,0.1638
442,7/2/18 21:00,56.901,0.1642
443,7/2/18 22:00,55.386,0.1652
444,7/2/18 23:00,53.994,0.1656
445,7/3/18 0:00,52.772,0.1663
446,7/3/18 1:00,51.589,0.1671
447,7/3/18 2:00,50.576,0.1671
448,7/3/18 3:00,49.692,0.1681
449,7/3/18 4:00,48.983,0.1685
450,7/3/18 5:00,48.272,0.1689
451,7/3/18 6:00,47.691,0.1699
452,7/3/18 7:00,47.602,0.1709
453,7/3/18 8:00,48.227,0.1709
454,7/3/18 9:00,49.604,0.1689
455,7/3/18 10:00,51.852,0.1667
456,7/3/18 11:00,54.952,0.1634
457,7/3/18 12:00,58.498,0.1604
458,7/3/18 13:00,61.162,0.157
459,7/3/18 14:00,63.689,0.1527
460,7/3/18 15:00,64.503,0.1508
461,7/3/18 16:00,64.418,0.1499
462,7/3/18 17:00,63.133,0.1499
463,7/3/18 18:00,61.804,0.1495
464,7/3/18 19:00,60.474,0.149
465,7/3/18 20:00,59.056,0.1484
466,7/3/18 21:00,57.549,0.1499
467,7/3/18 22:00,56.251,0.1503
468,7/3/18 23:00,54.952,0.1503
469,7/4/18 0:00,53.69,0.1508
470,7/4/18 1:00,52.509,0.1519
471,7/4/18 2:00,51.501,0.1519
472,7/4/18 3:00,50.576,0.1532
473,7/4/18 4:00,49.782,0.1532
474,7/4/18 5:00,49.028,0.1538
475,7/4/18 6:00,48.315,0.1547
476,7/4/18 7:00,48.137,0.1562
477,7/4/18 8:00,48.717,0.157
478,7/4/18 9:00,50.18,0.1562
479,7/4/18 10:00,52.554,0.1532
480,7/4/18 11:00,55.819,0.1503
481,7/4/18 12:00,58.626,0.147
482,7/4/18 13:00,61.29,0.1455
483,7/4/18 14:00,63.176,0.1425
484,7/4/18 15:00,65.102,0.1405
485,7/4/18 16:00,65.615,0.1396
486,7/4/18 17:00,65.188,0.1382
487,7/4/18 18:00,64.247,0.1366
488,7/4/18 19:00,62.661,0.1361
489,7/4/18 20:00,60.733,0.1366
490,7/4/18 21:00,58.842,0.137
491,7/4/18 22:00,57.16,0.1375
492,7/4/18 23:00,55.69,0.1387
493,7/5/18 0:00,54.516,0.1391
494,7/5/18 1:00,53.559,0.1391
495,7/5/18 2:00,52.641,0.14
496,7/5/18 3:00,51.764,0.14
497,7/5/18 4:00,50.929,0.1412
498,7/5/18 5:00,50.223,0.1416
499,7/5/18 6:00,49.649,0.1421
500,7/5/18 7:00,49.428,0.1425
501,7/5/18 8:00,50.002,0.1425
502,7/5/18 9:00,51.413,0.1412
503,7/5/18 10:00,53.776,0.1391
504,7/5/18 11:00,57.031,0.1361
505,7/5/18 12:00,58.755,0.1331
506,7/5/18 13:00,59.358,0.1335
507,7/5/18 14:00,62.148,0.1321
508,7/5/18 15:00,61.72,0.1302
509,7/5/18 16:00,60.861,0.1302
510,7/5/18 17:00,60.003,0.1307
511,7/5/18 18:00,59.315,0.129
512,7/5/18 19:00,58.541,0.129
513,7/5/18 20:00,57.42,0.129
514,7/5/18 21:00,56.34,0.1302
515,7/5/18 22:00,55.213,0.1307
516,7/5/18 23:00,54.126,0.1312
517,7/6/18 0:00,53.078,0.1317
518,7/6/18 1:00,52.16,0.1321
519,7/6/18 2:00,51.325,0.1331
520,7/6/18 3:00,50.621,0.1335
521,7/6/18 4:00,49.914,0.1342
522,7/6/18 5:00,49.249,0.1347
523,7/6/18 6:00,48.672,0.1352
524,7/6/18 7:00,48.493,0.1361
525,7/6/18 8:00,49.161,0.1361
526,7/6/18 9:00,50.621,0.1352
527,7/6/18 10:00,53.035,0.1321
528,7/6/18 11:00,56.383,0.1297
529,7/6/18 12:00,58.755,0.1261
530,7/6/18 13:00,62.148,0.1251
531,7/6/18 14:00,63.39,0.1229
532,7/6/18 15:00,64.632,0.1209
533,7/6/18 16:00,65.145,0.1204
534,7/6/18 17:00,64.632,0.1184
535,7/6/18 18:00,63.518,0.1179
536,7/6/18 19:00,62.062,0.1174
537,7/6/18 20:00,60.647,0.1169
538,7/6/18 21:00,59.099,0.1194
539,7/6/18 22:00,57.549,0.1194
540,7/6/18 23:00,56.122,0.1199
541,7/7/18 0:00,54.82,0.1204
542,7/7/18 1:00,53.69,0.1204
543,7/7/18 2:00,52.729,0.1214
544,7/7/18 3:00,51.809,0.1219
545,7/7/18 4:00,51.062,0.1224
546,7/7/18 5:00,50.356,0.1229
547,7/7/18 6:00,49.692,0.1237
548,7/7/18 7:00,49.428,0.1246
549,7/7/18 8:00,50.002,0.1242
550,7/7/18 9:00,51.413,0.1237
551,7/7/18 10:00,53.645,0.1209
552,7/7/18 11:00,56.512,0.1184
553,7/7/18 12:00,59.056,0.1169
554,7/7/18 13:00,62.447,0.1148
555,7/7/18 14:00,63.648,0.1122
556,7/7/18 15:00,64.074,0.1107
557,7/7/18 16:00,64.161,0.1091
558,7/7/18 17:00,62.919,0.1085
559,7/7/18 18:00,61.162,0.1174
560,7/7/18 19:00,59.401,0.1281
561,7/7/18 20:00,57.722,0.1366
562,7/7/18 21:00,56.34,0.1405
563,7/7/18 22:00,55.081,0.1425
564,7/7/18 23:00,53.908,0.1441
565,7/8/18 0:00,52.772,0.1455
566,7/8/18 1:00,51.721,0.1459
567,7/8/18 2:00,50.841,0.147
568,7/8/18 3:00,50.047,0.1475
569,7/8/18 4:00,49.338,0.1475
570,7/8/18 5:00,48.717,0.1479
571,7/8/18 6:00,48.137,0.1484
572,7/8/18 7:00,47.959,0.1479
573,7/8/18 8:00,48.45,0.147
574,7/8/18 9:00,49.87,0.145
575,7/8/18 10:00,52.16,0.1425
576,7/8/18 11:00,55.472,0.1391
577,7/8/18 12:00,59.229,0.1366
578,7/8/18 13:00,61.72,0.1347
579,7/8/18 14:00,64.204,0.1317
580,7/8/18 15:00,64.247,0.1312
581,7/8/18 16:00,62.661,0.1335
582,7/8/18 17:00,60.517,0.14
583,7/8/18 18:00,58.411,0.1514
584,7/8/18 19:00,56.858,0.1629
585,7/8/18 20:00,55.733,0.1663
586,7/8/18 21:00,54.777,0.1681
587,7/8/18 22:00,53.865,0.1699
588,7/8/18 23:00,53.035,0.1718
589,7/9/18 0:00,52.246,0.1732
590,7/9/18 1:00,51.633,0.1738
591,7/9/18 2:00,50.974,0.1742
592,7/9/18 3:00,50.268,0.1752
593,7/9/18 4:00,49.471,0.1752
594,7/9/18 5:00,48.717,0.1756
595,7/9/18 6:00,47.914,0.1765
596,7/9/18 7:00,47.467,0.1765
597,7/9/18 8:00,47.826,0.1756
598,7/9/18 9:00,49.294,0.1738
599,7/9/18 10:00,51.895,0.1709
600,7/9/18 11:00,55.558,0.1677
601,7/9/18 12:00,59.873,0.1642
602,7/9/18 13:00,63.819,0.1608
603,7/9/18 14:00,66.472,0.159
604,7/9/18 15:00,67.671,0.1581
605,7/9/18 16:00,68.013,0.1566
606,7/9/18 17:00,67.5,0.1558
607,7/9/18 18:00,66,0.1542
608,7/9/18 19:00,64.074,0.1547
609,7/9/18 20:00,62.191,0.1551
610,7/9/18 21:00,60.474,0.1547
611,7/9/18 22:00,58.842,0.1551
612,7/9/18 23:00,57.333,0.1551
613,7/10/18 0:00,55.906,0.1558
614,7/10/18 1:00,54.691,0.1558
615,7/10/18 2:00,53.645,0.1562
616,7/10/18 3:00,52.641,0.1562
617,7/10/18 4:00,51.764,0.1562
618,7/10/18 5:00,50.929,0.1566
619,7/10/18 6:00,50.135,0.157
620,7/10/18 7:00,49.782,0.157
621,7/10/18 8:00,50.223,0.1562
622,7/10/18 9:00,51.501,0.1542
623,7/10/18 10:00,53.602,0.1508
624,7/10/18 11:00,56.165,0.147
625,7/10/18 12:00,59.572,0.1434
626,7/10/18 13:00,62.447,0.1396
627,7/10/18 14:00,64.503,0.137
628,7/10/18 15:00,64.161,0.1366
629,7/10/18 16:00,62.577,0.1405
630,7/10/18 17:00,60.733,0.1441
631,7/10/18 18:00,59.272,0.1434
632,7/10/18 19:00,58.023,0.1441
633,7/10/18 20:00,57.031,0.1441
634,7/10/18 21:00,56.035,0.1441
635,7/10/18 22:00,55.038,0.1484
636,7/10/18 23:00,53.994,0.149
637,7/11/18 0:00,52.992,0.1495
638,7/11/18 1:00,52.029,0.1508
639,7/11/18 2:00,51.148,0.1508
640,7/11/18 3:00,50.311,0.1508
641,7/11/18 4:00,49.561,0.1514
642,7/11/18 5:00,48.805,0.1519
643,7/11/18 6:00,48.094,0.1523
644,7/11/18 7:00,47.736,0.1519
645,7/11/18 8:00,48.049,0.1503
646,7/11/18 9:00,49.338,0.1479
647,7/11/18 10:00,51.678,0.145
648,7/11/18 11:00,54.82,0.1416
649,7/11/18 12:00,56.815,0.1412
650,7/11/18 13:00,58.195,0.1396
651,7/11/18 14:00,59.185,0.1391
652,7/11/18 15:00,58.541,0.1412
653,7/11/18 16:00,57.549,0.1412
654,7/11/18 17:00,56.988,0.1405
655,7/11/18 18:00,56.512,0.1396
656,7/11/18 19:00,55.602,0.14
657,7/11/18 20:00,54.473,0.14
658,7/11/18 21:00,53.427,0.1405
659,7/11/18 22:00,52.597,0.1416
660,7/11/18 23:00,51.809,0.1416
661,7/12/18 0:00,51.062,0.1416
662,7/12/18 1:00,50.4,0.1421
663,7/12/18 2:00,49.87,0.1421
664,7/12/18 3:00,49.516,0.1425
665,7/12/18 4:00,49.116,0.1421
666,7/12/18 5:00,48.672,0.1425
667,7/12/18 6:00,48.227,0.1425
668,7/12/18 7:00,47.914,0.143
669,7/12/18 8:00,48.137,0.143
670,7/12/18 9:00,49.249,0.1412
671,7/12/18 10:00,50.974,0.1396
672,7/12/18 11:00,52.772,0.1375
673,7/12/18 12:00,55.125,0.1357
674,7/12/18 13:00,57.722,0.1321
675,7/12/18 14:00,58.455,0.1321
676,7/12/18 15:00,58.971,0.1317
677,7/12/18 16:00,59.099,0.1317
678,7/12/18 17:00,59.272,0.1312
679,7/12/18 18:00,58.798,0.1307
680,7/12/18 19:00,57.893,0.1317
681,7/12/18 20:00,56.772,0.1366
682,7/12/18 21:00,50.311,0.2528
683,7/12/18 22:00,53.602,0.2456
684,7/12/18 23:00,53.035,0.2437
685,7/13/18 0:00,52.291,0.2414
686,7/13/18 1:00,51.501,0.2399
687,7/13/18 2:00,50.752,0.2383
688,7/13/18 3:00,50.047,0.2374
689,7/13/18 4:00,49.516,0.2363
690,7/13/18 5:00,48.983,0.2355
691,7/13/18 6:00,48.36,0.2344
692,7/13/18 7:00,47.914,0.2335
693,7/13/18 8:00,48.137,0.2318
694,7/13/18 9:00,49.338,0.2303
695,7/13/18 10:00,51.37,0.2274
696,7/13/18 11:00,53.298,0.2262
697,7/13/18 12:00,55.213,0.2237
698,7/13/18 13:00,56.685,0.2224
699,7/13/18 14:00,57.807,0.2211
700,7/13/18 15:00,58.023,0.2198
701,7/13/18 16:00,58.239,0.219
702,7/13/18 17:00,58.626,0.2182
703,7/13/18 18:00,58.626,0.2169
704,7/13/18 19:00,58.066,0.2174
705,7/13/18 20:00,57.247,0.2174
706,7/13/18 21:00,56.34,0.2174
707,7/13/18 22:00,55.429,0.2169
708,7/13/18 23:00,54.516,0.2169
709,7/14/18 0:00,53.645,0.2164
710,7/14/18 1:00,52.772,0.2164
711,7/14/18 2:00,51.984,0.2164
712,7/14/18 3:00,51.237,0.2164
713,7/14/18 4:00,50.621,0.2164
714,7/14/18 5:00,49.959,0.2164
715,7/14/18 6:00,49.338,0.2164
716,7/14/18 7:00,48.895,0.2164
717,7/14/18 8:00,49.116,0.2156
718,7/14/18 9:00,50.356,0.2139
719,7/14/18 10:00,52.554,0.2112
720,7/14/18 11:00,55.299,0.2083
721,7/14/18 12:00,58.541,0.2056
722,7/14/18 13:00,61.248,0.2035
723,7/14/18 14:00,63.219,0.2008
724,7/14/18 15:00,64.76,0.199
725,7/14/18 16:00,64.974,0.1976
726,7/14/18 17:00,64.074,0.1972
727,7/14/18 18:00,63.133,0.1958
728,7/14/18 19:00,62.019,0.1954
729,7/14/18 20:00,60.775,0.1954
730,7/14/18 21:00,59.486,0.1958
731,7/14/18 22:00,58.282,0.1958
732,7/14/18 23:00,57.117,0.1963
733,7/15/18 0:00,56.122,0.1963
734,7/15/18 1:00,55.213,0.1967
735,7/15/18 2:00,54.473,0.1967
736,7/15/18 3:00,53.82,0.1967
737,7/15/18 4:00,53.253,0.1967
738,7/15/18 5:00,52.772,0.1967
739,7/15/18 6:00,52.291,0.1967
740,7/15/18 7:00,51.852,0.1967
741,7/15/18 8:00,51.633,0.1963
742,7/15/18 9:00,51.633,0.1963
743,7/15/18 10:00,51.852,0.1958
744,7/15/18 11:00,52.072,0.1954
745,7/15/18 12:00,52.509,0.1945
746,7/15/18 13:00,53.559,0.1932
747,7/15/18 14:00,55.168,0.1913
748,7/15/18 15:00,57.29,0.1876
749,7/15/18 16:00,58.582,0.1862
750,7/15/18 17:00,58.239,0.1904
751,7/15/18 18:00,57.247,0.2008
752,7/15/18 19:00,56.165,0.2047
753,7/15/18 20:00,55.299,0.2061
754,7/15/18 21:00,54.561,0.2064
755,7/15/18 22:00,53.645,0.207
756,7/15/18 23:00,52.729,0.207
757,7/16/18 0:00,51.895,0.2073
758,7/16/18 1:00,51.148,0.2073
759,7/16/18 2:00,50.488,0.2073
760,7/16/18 3:00,49.87,0.2078
761,7/16/18 4:00,49.204,0.2078
762,7/16/18 5:00,48.538,0.2078
763,7/16/18 6:00,47.959,0.2078
764,7/16/18 7:00,47.602,0.2083
765,7/16/18 8:00,47.914,0.207
766,7/16/18 9:00,49.161,0.2056
767,7/16/18 10:00,51.413,0.2029
768,7/16/18 11:00,54.343,0.2003
769,7/16/18 12:00,56.34,0.1994
770,7/16/18 13:00,58.195,0.1981
771,7/16/18 14:00,60.303,0.1954
772,7/16/18 15:00,62.233,0.1939
773,7/16/18 16:00,62.791,0.1926
774,7/16/18 17:00,62.447,0.1932
775,7/16/18 18:00,61.633,0.1926
776,7/16/18 19:00,60.132,0.1994
777,7/16/18 20:00,58.498,0.2318
778,7/16/18 21:00,57.204,0.2351
779,7/16/18 22:00,55.906,0.2363
780,7/16/18 23:00,54.691,0.2371
781,7/17/18 0:00,53.733,0.2374
782,7/17/18 1:00,52.903,0.2374
783,7/17/18 2:00,52.16,0.2379
784,7/17/18 3:00,51.458,0.2379
785,7/17/18 4:00,50.841,0.2371
786,7/17/18 5:00,50.311,0.2371
787,7/17/18 6:00,49.782,0.2371
788,7/17/18 7:00,49.294,0.2367
789,7/17/18 8:00,49.204,0.2358
790,7/17/18 9:00,50.092,0.2344
791,7/17/18 10:00,51.809,0.233
792,7/17/18 11:00,54.126,0.2299
793,7/17/18 12:00,57.16,0.2269
794,7/17/18 13:00,59.788,0.2249
795,7/17/18 14:00,62.191,0.2229
796,7/17/18 15:00,63.219,0.2211
797,7/17/18 16:00,63.39,0.2198
798,7/17/18 17:00,63.005,0.219
799,7/17/18 18:00,61.977,0.2198
800,7/17/18 19:00,60.69,0.219
801,7/17/18 20:00,59.445,0.2185
802,7/17/18 21:00,58.066,0.219
803,7/17/18 22:00,56.642,0.2195
804,7/17/18 23:00,55.299,0.2195
805,7/18/18 0:00,53.994,0.2195
806,7/18/18 1:00,52.86,0.2198
807,7/18/18 2:00,51.809,0.2198
808,7/18/18 3:00,50.929,0.2198
809,7/18/18 4:00,50.18,0.2198
810,7/18/18 5:00,49.471,0.2198
811,7/18/18 6:00,48.895,0.2195
812,7/18/18 7:00,48.493,0.2195
813,7/18/18 8:00,48.717,0.219
814,7/18/18 9:00,49.516,0.2174
815,7/18/18 10:00,51.193,0.2143
816,7/18/18 11:00,53.559,0.2117
817,7/18/18 12:00,56.556,0.2083
818,7/18/18 13:00,59.315,0.2043
819,7/18/18 14:00,60.948,0.2026
820,7/18/18 15:00,61.848,0.2008
821,7/18/18 16:00,62.62,0.1999
822,7/18/18 17:00,62.834,0.1981
823,7/18/18 18:00,62.49,0.1967
824,7/18/18 19:00,61.547,0.1967
825,7/18/18 20:00,60.26,0.1963
826,7/18/18 21:00,58.842,0.1967
827,7/18/18 22:00,57.42,0.1972
828,7/18/18 23:00,56.079,0.1972
829,7/19/18 0:00,54.865,0.1976
830,7/19/18 1:00,53.82,0.1981
831,7/19/18 2:00,52.86,0.1981
832,7/19/18 3:00,52.029,0.1985
833,7/19/18 4:00,51.282,0.1985
834,7/19/18 5:00,50.576,0.199
835,7/19/18 6:00,49.914,0.199
836,7/19/18 7:00,49.383,0.199
837,7/19/18 8:00,49.604,0.1985
838,7/19/18 9:00,50.621,0.1967
839,7/19/18 10:00,52.423,0.1935
840,7/19/18 11:00,54.952,0.1885
841,7/19/18 12:00,57.722,0.184
842,7/19/18 13:00,60.003,0.1807
843,7/19/18 14:00,61.59,0.1775
844,7/19/18 15:00,62.661,0.1756
845,7/19/18 16:00,63.005,0.1732
846,7/19/18 17:00,62.704,0.1718
847,7/19/18 18:00,62.105,0.1703
848,7/19/18 19:00,61.205,0.1699
849,7/19/18 20:00,60.003,0.1695
850,7/19/18 21:00,58.626,0.1703
851,7/19/18 22:00,57.247,0.1703
852,7/19/18 23:00,55.992,0.1709
853,7/20/18 0:00,54.909,0.1709
854,7/20/18 1:00,53.994,0.1709
855,7/20/18 2:00,53.253,0.1703
856,7/20/18 3:00,52.554,0.1709
857,7/20/18 4:00,51.809,0.1703
858,7/20/18 5:00,51.148,0.1714
859,7/20/18 6:00,50.576,0.1703
860,7/20/18 7:00,50.223,0.1709
861,7/20/18 8:00,50.488,0.1695
862,7/20/18 9:00,51.37,0.1681
863,7/20/18 10:00,52.992,0.1656
864,7/20/18 11:00,55.472,0.16
865,7/20/18 12:00,57.979,0.1562
866,7/20/18 13:00,60.991,0.1508
867,7/20/18 14:00,62.533,0.1479
868,7/20/18 15:00,62.875,0.1466
869,7/20/18 16:00,62.191,0.145
870,7/20/18 17:00,61.248,0.1434
871,7/20/18 18:00,60.303,0.1434
872,7/20/18 19:00,59.529,0.1434
873,7/20/18 20:00,58.712,0.1425
874,7/20/18 21:00,57.592,0.143
875,7/20/18 22:00,56.426,0.143
876,7/20/18 23:00,55.299,0.1434
877,7/21/18 0:00,54.343,0.1434
878,7/21/18 1:00,53.427,0.1441
879,7/21/18 2:00,52.597,0.1441
880,7/21/18 3:00,51.895,0.1441
881,7/21/18 4:00,51.193,0.1446
882,7/21/18 5:00,50.576,0.145
883,7/21/18 6:00,50.047,0.145
884,7/21/18 7:00,49.692,0.1455
885,7/21/18 8:00,50.18,0.1446
886,7/21/18 9:00,51.501,0.1421
887,7/21/18 10:00,53.559,0.1382
888,7/21/18 11:00,55.906,0.1352
889,7/21/18 12:00,59.229,0.1317
890,7/21/18 13:00,62.661,0.1276
891,7/21/18 14:00,65.359,0.1242
892,7/21/18 15:00,66.943,0.1214
893,7/21/18 16:00,67.158,0.1189
894,7/21/18 17:00,66.6,0.1174
895,7/21/18 18:00,65.273,0.1164
896,7/21/18 19:00,63.862,0.1159
897,7/21/18 20:00,62.406,0.1153
898,7/21/18 21:00,60.991,0.1148
899,7/21/18 22:00,59.529,0.1159
900,7/21/18 23:00,58.195,0.1153
901,7/22/18 0:00,57.031,0.1153
902,7/22/18 1:00,56.122,0.1153
903,7/22/18 2:00,55.429,0.1153
904,7/22/18 3:00,54.82,0.1153
905,7/22/18 4:00,54.3,0.1153
906,7/22/18 5:00,53.645,0.1153
907,7/22/18 6:00,52.903,0.1153
908,7/22/18 7:00,52.378,0.1159
909,7/22/18 8:00,52.686,0.1153
910,7/22/18 9:00,53.951,0.1138
911,7/22/18 10:00,56.079,0.1122
912,7/22/18 11:00,58.971,0.1096
913,7/22/18 12:00,62.276,0.1069
914,7/22/18 13:00,65.487,0.1042
915,7/22/18 14:00,67.757,0.102
916,7/22/18 15:00,68.999,0.0998
917,7/22/18 16:00,69.256,0.0981
918,7/22/18 17:00,68.443,0.0961
919,7/22/18 18:00,67.329,0.0949
920,7/22/18 19:00,65.916,0.0937
921,7/22/18 20:00,64.375,0.0932
922,7/22/18 21:00,62.875,0.0937
923,7/22/18 22:00,61.462,0.0992
924,7/22/18 23:00,60.003,0.1031
925,7/23/18 0:00,58.712,0.1031
926,7/23/18 1:00,57.549,0.1031
927,7/23/18 2:00,56.512,0.1031
928,7/23/18 3:00,55.515,0.1031
929,7/23/18 4:00,54.516,0.1031
930,7/23/18 5:00,53.645,0.1036
931,7/23/18 6:00,52.817,0.1036
932,7/23/18 7:00,52.246,0.1036
933,7/23/18 8:00,52.378,0.1031
934,7/23/18 9:00,53.515,0.102
935,7/23/18 10:00,55.863,0.1003
936,7/23/18 11:00,59.142,0.0992
937,7/23/18 12:00,62.406,0.0975
938,7/23/18 13:00,65.403,0.0969
939,7/23/18 14:00,67.671,0.0949
940,7/23/18 15:00,68.871,0.0937
941,7/23/18 16:00,68.785,0.092
942,7/23/18 17:00,67.971,0.0908
943,7/23/18 18:00,66.643,0.0896
944,7/23/18 19:00,65.145,0.0893
945,7/23/18 20:00,63.561,0.0881
946,7/23/18 21:00,61.977,0.0875
947,7/23/18 22:00,60.517,0.0875
948,7/23/18 23:00,59.185,0.0875
949,7/24/18 0:00,57.893,0.0875
950,7/24/18 1:00,56.728,0.0875
951,7/24/18 2:00,55.733,0.0875
952,7/24/18 3:00,54.82,0.0875
953,7/24/18 4:00,54.082,0.0875
954,7/24/18 5:00,53.472,0.0875
955,7/24/18 6:00,52.947,0.0887
956,7/24/18 7:00,52.509,0.0893
957,7/24/18 8:00,52.772,0.0887
958,7/24/18 9:00,53.951,0.0887
959,7/24/18 10:00,55.69,0.0881
960,7/24/18 11:00,57.636,0.0869
961,7/24/18 12:00,61.119,0.0869
962,7/24/18 13:00,63.219,0.0857
963,7/24/18 14:00,65.574,0.0844
964,7/24/18 15:00,66.13,0.0822
965,7/24/18 16:00,65.359,0.081
966,7/24/18 17:00,64.546,0.081
967,7/24/18 18:00,63.648,0.0797
968,7/24/18 19:00,62.362,0.0797
969,7/24/18 20:00,61.075,0.0787
970,7/24/18 21:00,59.788,0.0787
971,7/24/18 22:00,58.541,0.0787
972,7/24/18 23:00,57.376,0.0787
973,7/25/18 0:00,56.512,0.0787
974,7/25/18 1:00,55.733,0.0794
975,7/25/18 2:00,54.952,0.0787
976,7/25/18 3:00,54.082,0.0787
977,7/25/18 4:00,53.166,0.0787
978,7/25/18 5:00,52.291,0.0787
979,7/25/18 6:00,51.501,0.0794
980,7/25/18 7:00,51.017,0.0797
981,7/25/18 8:00,51.237,0.0797
982,7/25/18 9:00,51.809,0.0797
983,7/25/18 10:00,52.686,0.0797
984,7/25/18 11:00,54.648,0.081
985,7/25/18 12:00,57.42,0.0797
986,7/25/18 13:00,58.411,0.0768
987,7/25/18 14:00,60.69,0.0781
988,7/25/18 15:00,62.748,0.0775
989,7/25/18 16:00,63.219,0.0745
990,7/25/18 17:00,62.533,0.0775
991,7/25/18 18:00,61.677,0.0758
992,7/25/18 19:00,60.647,0.0752
993,7/25/18 20:00,59.358,0.0752
994,7/25/18 21:00,58.023,0.0752
995,7/25/18 22:00,56.815,0.0752
996,7/25/18 23:00,55.863,0.0752
997,7/26/18 0:00,54.952,0.0745
998,7/26/18 1:00,53.994,0.0745
999,7/26/18 2:00,53.121,0.0745
1000,7/26/18 3:00,52.291,0.0745
1001,7/26/18 4:00,51.589,0.0745
1002,7/26/18 5:00,50.929,0.0745
1003,7/26/18 6:00,50.4,0.0745
1004,7/26/18 7:00,50.047,0.0752
1005,7/26/18 8:00,50.223,0.0762
1006,7/26/18 9:00,51.105,0.0762
1007,7/26/18 10:00,52.772,0.0762
1008,7/26/18 11:00,54.995,0.0762
1009,7/26/18 12:00,57.592,0.0758
1010,7/26/18 13:00,59.014,0.0745
1011,7/26/18 14:00,60.904,0.0745
1012,7/26/18 15:00,61.804,0.0732
1013,7/26/18 16:00,62.062,0.0715
1014,7/26/18 17:00,61.891,0.0708
1015,7/26/18 18:00,61.162,0.0691
1016,7/26/18 19:00,60.003,0.0684
1017,7/26/18 20:00,58.669,0.0684
1018,7/26/18 21:00,57.29,0.0678
1019,7/26/18 22:00,55.992,0.0678
1020,7/26/18 23:00,54.777,0.0678
1021,7/27/18 0:00,53.69,0.0671
1022,7/27/18 1:00,52.686,0.0671
1023,7/27/18 2:00,51.764,0.0671
1024,7/27/18 3:00,50.886,0.0671
1025,7/27/18 4:00,50.135,0.0671
1026,7/27/18 5:00,49.383,0.0671
1027,7/27/18 6:00,48.762,0.0678
1028,7/27/18 7:00,48.405,0.0684
1029,7/27/18 8:00,48.762,0.0695
1030,7/27/18 9:00,49.87,0.0702
1031,7/27/18 10:00,51.94,0.0702
1032,7/27/18 11:00,54.909,0.0702
1033,7/27/18 12:00,55.906,0.0691
1034,7/27/18 13:00,58.411,0.0695
1035,7/27/18 14:00,60.733,0.0691
1036,7/27/18 15:00,62.019,0.0684
1037,7/27/18 16:00,61.891,0.0678
1038,7/27/18 17:00,61.075,0.0708
1039,7/27/18 18:00,60.132,0.0708
1040,7/27/18 19:00,58.971,0.0695
1041,7/27/18 20:00,57.592,0.0722
1042,7/27/18 21:00,56.251,0.0722
1043,7/27/18 22:00,54.995,0.0722
1044,7/27/18 23:00,53.82,0.0722
1045,7/28/18 0:00,52.641,0.0722
1046,7/28/18 1:00,51.633,0.0715
1047,7/28/18 2:00,50.709,0.0715
1048,7/28/18 3:00,49.825,0.0715
1049,7/28/18 4:00,49.073,0.0722
1050,7/28/18 5:00,48.36,0.0722
1051,7/28/18 6:00,47.781,0.0725
1052,7/28/18 7:00,47.377,0.0722
1053,7/28/18 8:00,47.602,0.0732
1054,7/28/18 9:00,48.805,0.0725
1055,7/28/18 10:00,50.929,0.0725
1056,7/28/18 11:00,53.908,0.0732
1057,7/28/18 12:00,56.426,0.0715
1058,7/28/18 13:00,56.599,0.0738
1059,7/28/18 14:00,58.023,0.0732
1060,7/28/18 15:00,60.474,0.0725
1061,7/28/18 16:00,61.761,0.0722
1062,7/28/18 17:00,61.59,0.0708
1063,7/28/18 18:00,60.517,0.0752
1064,7/28/18 19:00,58.152,0.0822
1065,7/28/18 20:00,56.295,0.0887
1066,7/28/18 21:00,54.952,0.0908
1067,7/28/18 22:00,53.733,0.092
1068,7/28/18 23:00,52.509,0.0926
1069,7/29/18 0:00,51.37,0.0926
1070,7/29/18 1:00,50.4,0.0926
1071,7/29/18 2:00,49.471,0.0926
1072,7/29/18 3:00,48.583,0.0932
1073,7/29/18 4:00,47.781,0.0932
1074,7/29/18 5:00,47.019,0.0932
1075,7/29/18 6:00,46.391,0.0932
1076,7/29/18 7:00,45.941,0.0932
1077,7/29/18 8:00,46.031,0.0926
1078,7/29/18 9:00,47.109,0.092
1079,7/29/18 10:00,49.204,0.0914
1080,7/29/18 11:00,52.203,0.0896
1081,7/29/18 12:00,55.515,0.0875
1082,7/29/18 13:00,57.16,0.0869
1083,7/29/18 14:00,58.239,0.0857
1084,7/29/18 15:00,58.325,0.0844
1085,7/29/18 16:00,57.893,0.0835
1086,7/29/18 17:00,57.16,0.0829
1087,7/29/18 18:00,56.556,0.0816
1088,7/29/18 19:00,55.733,0.081
1089,7/29/18 20:00,54.777,0.0803
1090,7/29/18 21:00,53.733,0.0797
1091,7/29/18 22:00,52.641,0.0797
1092,7/29/18 23:00,51.589,0.0794
1093,7/30/18 0:00,50.621,0.0794
1094,7/30/18 1:00,49.692,0.0794
1095,7/30/18 2:00,48.805,0.0794
1096,7/30/18 3:00,48.049,0.0787
1097,7/30/18 4:00,47.377,0.0787
1098,7/30/18 5:00,46.751,0.0787
1099,7/30/18 6:00,46.211,0.0787
1100,7/30/18 7:00,45.806,0.0787
1101,7/30/18 8:00,45.896,0.0794
1102,7/30/18 9:00,46.661,0.0787
1103,7/30/18 10:00,48.272,0.0781
1104,7/30/18 11:00,50.621,0.0768
1105,7/30/18 12:00,53.602,0.0758
1106,7/30/18 13:00,56.944,0.0745
1107,7/30/18 14:00,59.745,0.0738
1108,7/30/18 15:00,61.119,0.0722
1109,7/30/18 16:00,61.333,0.0695
1110,7/30/18 17:00,60.948,0.0691
1111,7/30/18 18:00,60.046,0.0671
1112,7/30/18 19:00,58.755,0.066
1113,7/30/18 20:00,57.204,0.0653
1114,7/30/18 21:00,55.733,0.0653
1115,7/30/18 22:00,54.255,0.0653
1116,7/30/18 23:00,52.947,0.0646
1117,7/31/18 0:00,51.721,0.0646
1118,7/31/18 1:00,50.488,0.0639
1119,7/31/18 2:00,49.338,0.0664
1120,7/31/18 3:00,48.227,0.0632
1121,7/31/18 4:00,47.289,0.0639
1122,7/31/18 5:00,46.571,0.0639
1123,7/31/18 6:00,45.986,0.0646
1124,7/31/18 7:00,45.669,0.0684
1125,7/31/18 8:00,45.896,0.0664
1126,7/31/18 9:00,46.841,0.0664
1127,7/31/18 10:00,48.583,0.0664
1128,7/31/18 11:00,51.37,0.0664
1129,7/31/18 12:00,54.909,0.0664
1130,7/31/18 13:00,58.971,0.066
1131,7/31/18 14:00,61.761,0.0646
1132,7/31/18 15:00,62.748,0.0632
1133,7/31/18 16:00,62.791,0.0614
1134,7/31/18 17:00,62.233,0.0607
1135,7/31/18 18:00,61.333,0.0588
1136,7/31/18 19:00,60.174,0.0588
1137,7/31/18 20:00,58.712,0.0581
1138,7/31/18 21:00,57.16,0.0581
1139,7/31/18 22:00,55.647,0.0574
1140,7/31/18 23:00,54.3,0.0574
1141,8/1/18 0:00,53.078,0.057
1142,8/1/18 1:00,51.895,0.057
1143,8/1/18 2:00,50.841,0.057
1144,8/1/18 3:00,49.782,0.057
1145,8/1/18 4:00,48.895,0.0574
1146,8/1/18 5:00,48.094,0.0581
1147,8/1/18 6:00,47.334,0.0574
1148,8/1/18 7:00,46.886,0.0581
1149,8/1/18 8:00,47.109,0.0599
1150,8/1/18 9:00,48.182,0.0614
1151,8/1/18 10:00,50.223,0.0621
1152,8/1/18 11:00,53.121,0.0621
1153,8/1/18 12:00,56.079,0.0621
1154,8/1/18 13:00,58.368,0.0607
1155,8/1/18 14:00,58.712,0.0581
1156,8/1/18 15:00,58.582,0.0581
1157,8/1/18 16:00,58.582,0.0599
1158,8/1/18 17:00,58.368,0.057
1159,8/1/18 18:00,57.893,0.057
1160,8/1/18 19:00,56.988,0.0555
1161,8/1/18 20:00,56.035,0.0547
1162,8/1/18 21:00,54.909,0.0547
1163,8/1/18 22:00,53.908,0.0544
1164,8/1/18 23:00,53.078,0.0547
1165,8/2/18 0:00,52.246,0.0555
1166,8/2/18 1:00,51.501,0.0536
1167,8/2/18 2:00,50.797,0.0536
1168,8/2/18 3:00,50.135,0.0536
1169,8/2/18 4:00,49.516,0.0544
1170,8/2/18 5:00,48.983,0.0544
1171,8/2/18 6:00,48.493,0.0544
1172,8/2/18 7:00,48.137,0.0547
1173,8/2/18 8:00,48.405,0.0562
1174,8/2/18 9:00,49.516,0.0581
1175,8/2/18 10:00,51.589,0.0581
1176,8/2/18 11:00,54.648,0.0588
1177,8/2/18 12:00,56.208,0.0574
1178,8/2/18 13:00,58.152,0.057
1179,8/2/18 14:00,59.229,0.0562
1180,8/2/18 15:00,59.873,0.057
1181,8/2/18 16:00,60.046,0.0555
1182,8/2/18 17:00,59.83,0.0547
1183,8/2/18 18:00,59.401,0.0544
1184,8/2/18 19:00,58.498,0.0536
1185,8/2/18 20:00,57.333,0.0528
1186,8/2/18 21:00,56.165,0.0528
1187,8/2/18 22:00,55.081,0.0528
1188,8/2/18 23:00,54.212,0.0528
1189,8/3/18 0:00,53.515,0.0528
1190,8/3/18 1:00,52.86,0.0536
1191,8/3/18 2:00,52.291,0.0528
1192,8/3/18 3:00,51.809,0.0528
1193,8/3/18 4:00,51.37,0.0536
1194,8/3/18 5:00,50.974,0.0547
1195,8/3/18 6:00,50.621,0.0547
1196,8/3/18 7:00,50.268,0.0562
1197,8/3/18 8:00,50.002,0.0562
1198,8/3/18 9:00,49.959,0.0574
1199,8/3/18 10:00,50.223,0.0581
1200,8/3/18 11:00,50.929,0.0574
1201,8/3/18 12:00,51.37,0.0581
1202,8/3/18 13:00,51.193,0.0614
1203,8/3/18 14:00,44.809,0.2418
1204,8/3/18 15:00,49.604,0.2418
1205,8/3/18 16:00,51.105,0.233
1206,8/3/18 17:00,52.686,0.2266
1207,8/3/18 18:00,53.427,0.2219
1208,8/3/18 19:00,53.515,0.2182
1209,8/3/18 20:00,53.166,0.2164
1210,8/3/18 21:00,52.423,0.2143
1211,8/3/18 22:00,51.501,0.2131
1212,8/3/18 23:00,50.533,0.2117
1213,8/4/18 0:00,49.561,0.2109
1214,8/4/18 1:00,48.628,0.21
1215,8/4/18 2:00,47.691,0.2095
1216,8/4/18 3:00,46.841,0.2092
1217,8/4/18 4:00,46.076,0.2087
1218,8/4/18 5:00,45.444,0.2083
1219,8/4/18 6:00,44.901,0.2078
1220,8/4/18 7:00,44.537,0.2073
1221,8/4/18 8:00,44.674,0.2064
1222,8/4/18 9:00,45.761,0.2038
1223,8/4/18 10:00,47.959,0.1999
1224,8/4/18 11:00,50.841,0.1958
1225,8/4/18 12:00,54.082,0.1917
1226,8/4/18 13:00,56.858,0.1881
1227,8/4/18 14:00,58.712,0.1859
1228,8/4/18 15:00,60.217,0.1826
1229,8/4/18 16:00,60.775,0.1803
1230,8/4/18 17:00,60.604,0.1779
1231,8/4/18 18:00,59.788,0.1775
1232,8/4/18 19:00,58.582,0.1775
1233,8/4/18 20:00,57.204,0.1816
1234,8/4/18 21:00,55.733,0.182
1235,8/4/18 22:00,54.255,0.182
1236,8/4/18 23:00,52.947,0.182
1237,8/5/18 0:00,51.764,0.182
1238,8/5/18 1:00,50.709,0.182
1239,8/5/18 2:00,49.782,0.1816
1240,8/5/18 3:00,48.983,0.1826
1241,8/5/18 4:00,48.36,0.1849
1242,8/5/18 5:00,47.914,0.1939
1243,8/5/18 6:00,47.602,0.1985
1244,8/5/18 7:00,44.127,0.2363
1245,8/5/18 8:00,46.661,0.2434
1246,8/5/18 9:00,46.974,0.2528
1247,8/5/18 10:00,48.36,0.2487
1248,8/5/18 11:00,50.752,0.2445
1249,8/5/18 12:00,53.559,0.2399
1250,8/5/18 13:00,56.208,0.2355
1251,8/5/18 14:00,58.582,0.2303
1252,8/5/18 15:00,60.775,0.2262
1253,8/5/18 16:00,61.934,0.2229
1254,8/5/18 17:00,62.148,0.2208
1255,8/5/18 18:00,61.59,0.2185
1256,8/5/18 19:00,60.346,0.2174
1257,8/5/18 20:00,58.885,0.2164
1258,8/5/18 21:00,57.42,0.2161
1259,8/5/18 22:00,56.035,0.2153
1260,8/5/18 23:00,54.734,0.2148
1261,8/6/18 0:00,53.472,0.2143
1262,8/6/18 1:00,52.335,0.2134
1263,8/6/18 2:00,51.37,0.2134
1264,8/6/18 3:00,50.488,0.2131
1265,8/6/18 4:00,49.649,0.2126
1266,8/6/18 5:00,48.895,0.2122
1267,8/6/18 6:00,48.182,0.2117
1268,8/6/18 7:00,47.557,0.2112
1269,8/6/18 8:00,47.557,0.2109
1270,8/6/18 9:00,48.405,0.2087
1271,8/6/18 10:00,50.4,0.2047
1272,8/6/18 11:00,52.86,0.2012
1273,8/6/18 12:00,55.992,0.1967
1274,8/6/18 13:00,59.486,0.1926
1275,8/6/18 14:00,61.977,0.1895
1276,8/6/18 15:00,63.648,0.1859
1277,8/6/18 16:00,64.247,0.183
1278,8/6/18 17:00,64.204,0.1807
1279,8/6/18 18:00,63.561,0.1789
1280,8/6/18 19:00,62.276,0.1783
1281,8/6/18 20:00,60.647,0.1779
1282,8/6/18 21:00,58.928,0.1779
1283,8/6/18 22:00,57.204,0.1779
1284,8/6/18 23:00,55.602,0.1783
1285,8/7/18 0:00,54.169,0.1775
1286,8/7/18 1:00,52.86,0.1775
1287,8/7/18 2:00,51.633,0.1775
1288,8/7/18 3:00,50.533,0.1775
1289,8/7/18 4:00,49.516,0.1779
1290,8/7/18 5:00,48.717,0.1775
1291,8/7/18 6:00,47.914,0.1779
1292,8/7/18 7:00,47.377,0.1769
1293,8/7/18 8:00,47.377,0.1762
1294,8/7/18 9:00,48.315,0.1728
1295,8/7/18 10:00,50.4,0.1685
1296,8/7/18 11:00,53.078,0.1619
1297,8/7/18 12:00,56.34,0.1558
1298,8/7/18 13:00,60.174,0.1499
1299,8/7/18 14:00,63.775,0.1446
1300,8/7/18 15:00,65.829,0.14
1301,8/7/18 16:00,66.472,0.137
1302,8/7/18 17:00,65.615,0.1347
1303,8/7/18 18:00,64.161,0.1321
1304,8/7/18 19:00,62.276,0.1312
1305,8/7/18 20:00,60.303,0.1312
1306,8/7/18 21:00,58.411,0.1307
1307,8/7/18 22:00,56.685,0.1302
1308,8/7/18 23:00,55.213,0.1302
1309,8/8/18 0:00,53.865,0.129
1310,8/8/18 1:00,52.641,0.1285
1311,8/8/18 2:00,51.589,0.1281
1312,8/8/18 3:00,50.621,0.1276
1313,8/8/18 4:00,49.782,0.1276
1314,8/8/18 5:00,48.895,0.1266
1315,8/8/18 6:00,48.094,0.1266
1316,8/8/18 7:00,47.467,0.1271
1317,8/8/18 8:00,47.467,0.1261
1318,8/8/18 9:00,48.405,0.1224
1319,8/8/18 10:00,50.533,0.1184
1320,8/8/18 11:00,53.559,0.1133
1321,8/8/18 12:00,57.204,0.1091
1322,8/8/18 13:00,61.29,0.1047
1323,8/8/18 14:00,65.102,0.102
1324,8/8/18 15:00,67.372,0.0986
1325,8/8/18 16:00,67.671,0.0961
1326,8/8/18 17:00,66.344,0.0937
1327,8/8/18 18:00,64.888,0.0914
1328,8/8/18 19:00,63.005,0.0896
1329,8/8/18 20:00,60.991,0.0893
1330,8/8/18 21:00,59.142,0.0887
1331,8/8/18 22:00,57.463,0.0881
1332,8/8/18 23:00,55.906,0.0869
1333,8/9/18 0:00,54.43,0.0863
1334,8/9/18 1:00,53.078,0.0863
1335,8/9/18 2:00,51.94,0.0863
1336,8/9/18 3:00,51.062,0.0857
1337,8/9/18 4:00,50.311,0.0857
1338,8/9/18 5:00,49.561,0.0857
1339,8/9/18 6:00,48.895,0.0857
1340,8/9/18 7:00,48.36,0.0857
1341,8/9/18 8:00,48.45,0.0857
1342,8/9/18 9:00,49.471,0.085
1343,8/9/18 10:00,51.809,0.0835
1344,8/9/18 11:00,55.038,0.0822
1345,8/9/18 12:00,59.142,0.0803
1346,8/9/18 13:00,63.262,0.0787
1347,8/9/18 14:00,66.087,0.0775
1348,8/9/18 15:00,66.173,0.0738
1349,8/9/18 16:00,66.814,0.0732
1350,8/9/18 17:00,66.173,0.0722
1351,8/9/18 18:00,65.316,0.0695
1352,8/9/18 19:00,63.819,0.0684
1353,8/9/18 20:00,62.148,0.0678
1354,8/9/18 21:00,60.39,0.0664
1355,8/9/18 22:00,58.712,0.066
1356,8/9/18 23:00,57.117,0.066
1357,8/10/18 0:00,55.69,0.066
1358,8/10/18 1:00,54.516,0.066
1359,8/10/18 2:00,53.559,0.0653
1360,8/10/18 3:00,52.686,0.0653
1361,8/10/18 4:00,51.809,0.0646
1362,8/10/18 5:00,51.017,0.0646
1363,8/10/18 6:00,50.268,0.0646
1364,8/10/18 7:00,49.649,0.0653
1365,8/10/18 8:00,49.692,0.0664
1366,8/10/18 9:00,50.752,0.0664
1367,8/10/18 10:00,53.298,0.0671
1368,8/10/18 11:00,55.776,0.066
1369,8/10/18 12:00,58.239,0.0653
1370,8/10/18 13:00,60.948,0.066
1371,8/10/18 14:00,63.99,0.0653
1372,8/10/18 15:00,65.487,0.0628
1373,8/10/18 16:00,64.931,0.0614
1374,8/10/18 17:00,63.99,0.0596
1375,8/10/18 18:00,63.176,0.0596
1376,8/10/18 19:00,61.848,0.0588
1377,8/10/18 20:00,60.346,0.0574
1378,8/10/18 21:00,58.842,0.0574
1379,8/10/18 22:00,57.376,0.057
1380,8/10/18 23:00,55.863,0.057
1381,8/11/18 0:00,54.473,0.057
1382,8/11/18 1:00,53.209,0.0562
1383,8/11/18 2:00,52.029,0.0555
1384,8/11/18 3:00,50.929,0.0555
1385,8/11/18 4:00,49.959,0.0555
1386,8/11/18 5:00,49.073,0.057
1387,8/11/18 6:00,48.182,0.0555
1388,8/11/18 7:00,47.289,0.0562
1389,8/11/18 8:00,47.334,0.0581
1390,8/11/18 9:00,48.36,0.0596
1391,8/11/18 10:00,50.841,0.0599
1392,8/11/18 11:00,54.343,0.0607
1393,8/11/18 12:00,58.066,0.0599
1394,8/11/18 13:00,60.217,0.0581
1395,8/11/18 14:00,62.704,0.0588
1396,8/11/18 15:00,64.161,0.0574
1397,8/11/18 16:00,64.632,0.0555
1398,8/11/18 17:00,64.033,0.0547
1399,8/11/18 18:00,62.661,0.0536
1400,8/11/18 19:00,61.333,0.0528
1401,8/11/18 20:00,59.916,0.0528
1402,8/11/18 21:00,58.368,0.0521
1403,8/11/18 22:00,56.772,0.0517
1404,8/11/18 23:00,55.386,0.0517
1405,8/12/18 0:00,54.126,0.0509
1406,8/12/18 1:00,52.947,0.0501
1407,8/12/18 2:00,51.895,0.0501
1408,8/12/18 3:00,50.929,0.0501
1409,8/12/18 4:00,50.092,0.0501
1410,8/12/18 5:00,49.249,0.0501
1411,8/12/18 6:00,48.45,0.0501
1412,8/12/18 7:00,47.736,0.0517
1413,8/12/18 8:00,47.959,0.0536
1414,8/12/18 9:00,49.161,0.0547
1415,8/12/18 10:00,51.501,0.0562
1416,8/12/18 11:00,54.691,0.057
1417,8/12/18 12:00,58.541,0.0574
1418,8/12/18 13:00,62.447,0.057
1419,8/12/18 14:00,65.188,0.0555
1420,8/12/18 15:00,67.798,0.0547
1421,8/12/18 16:00,67.971,0.0536
1422,8/12/18 17:00,66.258,0.0509
1423,8/12/18 18:00,64.589,0.049
1424,8/12/18 19:00,62.704,0.0482
1425,8/12/18 20:00,60.818,0.0482
1426,8/12/18 21:00,59.229,0.0474
1427,8/12/18 22:00,57.722,0.0474
1428,8/12/18 23:00,56.208,0.047
1429,8/13/18 0:00,54.865,0.047
1430,8/13/18 1:00,53.69,0.047
1431,8/13/18 2:00,52.597,0.0462
1432,8/13/18 3:00,51.633,0.047
1433,8/13/18 4:00,50.752,0.047
1434,8/13/18 5:00,49.959,0.047
1435,8/13/18 6:00,49.338,0.047
1436,8/13/18 7:00,48.762,0.0474
1437,8/13/18 8:00,48.85,0.0494
1438,8/13/18 9:00,49.692,0.0509
1439,8/13/18 10:00,51.764,0.0528
1440,8/13/18 11:00,54.604,0.0544
1441,8/13/18 12:00,58.325,0.0547
1442,8/13/18 13:00,62.748,0.0547
1443,8/13/18 14:00,65.017,0.0528
1444,8/13/18 15:00,67.456,0.0521
1445,8/13/18 16:00,67.071,0.0501
1446,8/13/18 17:00,65.701,0.0482
1447,8/13/18 18:00,64.332,0.047
1448,8/13/18 19:00,62.62,0.0462
1449,8/13/18 20:00,60.991,0.0454
1450,8/13/18 21:00,59.401,0.0454
1451,8/13/18 22:00,58.023,0.0454
1452,8/13/18 23:00,56.858,0.0454
1453,8/14/18 0:00,55.602,0.0446
1454,8/14/18 1:00,54.387,0.0446
1455,8/14/18 2:00,53.209,0.0442
1456,8/14/18 3:00,52.16,0.0442
1457,8/14/18 4:00,51.237,0.0442
1458,8/14/18 5:00,50.311,0.0442
1459,8/14/18 6:00,49.471,0.0442
1460,8/14/18 7:00,48.805,0.0446
1461,8/14/18 8:00,48.805,0.047
1462,8/14/18 9:00,49.692,0.0482
1463,8/14/18 10:00,51.895,0.0501
1464,8/14/18 11:00,55.081,0.0517
1465,8/14/18 12:00,58.626,0.0521
1466,8/14/18 13:00,62.533,0.0517
1467,8/14/18 14:00,63.946,0.0494
1468,8/14/18 15:00,65.102,0.0482
1469,8/14/18 16:00,63.648,0.047
1470,8/14/18 17:00,63.561,0.047
1471,8/14/18 18:00,62.233,0.0446
1472,8/14/18 19:00,60.904,0.0446
1473,8/14/18 20:00,59.358,0.0434
1474,8/14/18 21:00,57.893,0.0434
1475,8/14/18 22:00,56.426,0.0425
1476,8/14/18 23:00,55.038,0.0434
1477,8/15/18 0:00,53.69,0.0425
1478,8/15/18 1:00,52.509,0.0425
1479,8/15/18 2:00,51.458,0.0425
1480,8/15/18 3:00,50.576,0.0425
1481,8/15/18 4:00,49.825,0.0425
1482,8/15/18 5:00,49.116,0.0425
1483,8/15/18 6:00,48.538,0.0434
1484,8/15/18 7:00,48.094,0.0434
1485,8/15/18 8:00,48.272,0.0462
1486,8/15/18 9:00,49.428,0.0474
1487,8/15/18 10:00,51.501,0.0474
1488,8/15/18 11:00,54.387,0.049
1489,8/15/18 12:00,56.469,0.0482
1490,8/15/18 13:00,58.928,0.0482
1491,8/15/18 14:00,62.105,0.0482
1492,8/15/18 15:00,62.919,0.047
1493,8/15/18 16:00,63.176,0.0462
1494,8/15/18 17:00,62.791,0.0446
1495,8/15/18 18:00,61.848,0.0446
1496,8/15/18 19:00,60.517,0.0442
1497,8/15/18 20:00,58.971,0.0425
1498,8/15/18 21:00,57.376,0.0425
1499,8/15/18 22:00,55.733,0.0413
1500,8/15/18 23:00,54.3,0.0421
1501,8/16/18 0:00,53.035,0.0413
1502,8/16/18 1:00,51.94,0.0413
1503,8/16/18 2:00,51.193,0.0421
1504,8/16/18 3:00,50.576,0.0421
1505,8/16/18 4:00,49.87,0.0421
1506,8/16/18 5:00,49.161,0.0421
1507,8/16/18 6:00,48.805,0.0425
1508,8/16/18 7:00,48.628,0.0425
1509,8/16/18 8:00,48.805,0.0434
1510,8/16/18 9:00,49.604,0.0454
1511,8/16/18 10:00,51.282,0.047
1512,8/16/18 11:00,54.255,0.0482
1513,8/16/18 12:00,56.079,0.0474
1514,8/16/18 13:00,57.936,0.0474
1515,8/16/18 14:00,58.455,0.0462
1516,8/16/18 15:00,60.089,0.047
1517,8/16/18 16:00,60.089,0.0462
1518,8/16/18 17:00,59.272,0.0446
1519,8/16/18 18:00,58.755,0.0442
1520,8/16/18 19:00,57.506,0.0442
1521,8/16/18 20:00,56.208,0.0544
1522,8/16/18 21:00,54.865,0.1542
1523,8/16/18 22:00,53.645,0.199
1524,8/16/18 23:00,52.509,0.1963
1525,8/17/18 0:00,51.37,0.1932
1526,8/17/18 1:00,50.268,0.1908
1527,8/17/18 2:00,49.204,0.1891
1528,8/17/18 3:00,48.272,0.1872
1529,8/17/18 4:00,47.422,0.1862
1530,8/17/18 5:00,46.706,0.1849
1531,8/17/18 6:00,45.986,0.1836
1532,8/17/18 7:00,45.489,0.183
1533,8/17/18 8:00,45.444,0.1813
1534,8/17/18 9:00,46.706,0.1789
1535,8/17/18 10:00,49.471,0.1742
1536,8/17/18 11:00,52.554,0.1699
1537,8/17/18 12:00,56.642,0.1642
1538,8/17/18 13:00,60.818,0.16
1539,8/17/18 14:00,62.062,0.1577
1540,8/17/18 15:00,63.99,0.1538
1541,8/17/18 16:00,61.977,0.157
1542,8/17/18 17:00,61.162,0.1566
1543,8/17/18 18:00,60.174,0.1566
1544,8/17/18 19:00,58.971,0.1558
1545,8/17/18 20:00,57.679,0.1551
1546,8/17/18 21:00,56.251,0.1551
1547,8/17/18 22:00,54.777,0.1547
1548,8/17/18 23:00,53.384,0.1547
1549,8/18/18 0:00,52.16,0.1547
1550,8/18/18 1:00,51.017,0.1538
1551,8/18/18 2:00,49.959,0.1538
1552,8/18/18 3:00,49.028,0.1532
1553,8/18/18 4:00,48.137,0.1532
1554,8/18/18 5:00,47.422,0.1527
1555,8/18/18 6:00,47.019,0.1523
1556,8/18/18 7:00,46.661,0.1514
1557,8/18/18 8:00,46.526,0.1558
1558,8/18/18 9:00,46.571,0.2793
1559,8/18/18 10:00,46.481,0.3008
1560,8/18/18 11:00,46.886,0.2592
1561,8/18/18 12:00,48.895,0.2532
1562,8/18/18 13:00,51.984,0.2475
1563,8/18/18 14:00,56.642,0.241
1564,8/18/18 15:00,60.474,0.2355
1565,8/18/18 16:00,61.677,0.2311
1566,8/18/18 17:00,61.419,0.2274
1567,8/18/18 18:00,60.39,0.2254
1568,8/18/18 19:00,58.928,0.2232
1569,8/18/18 20:00,57.117,0.2219
1570,8/18/18 21:00,55.213,0.2208
1571,8/18/18 22:00,53.384,0.2198
1572,8/18/18 23:00,51.852,0.2185
1573,8/19/18 0:00,50.576,0.2177
1574,8/19/18 1:00,49.516,0.2169
1575,8/19/18 2:00,48.538,0.2164
1576,8/19/18 3:00,47.647,0.2156
1577,8/19/18 4:00,46.751,0.2153
1578,8/19/18 5:00,45.896,0.2143
1579,8/19/18 6:00,45.036,0.2139
1580,8/19/18 7:00,44.31,0.2131
1581,8/19/18 8:00,44.082,0.2122
1582,8/19/18 9:00,44.901,0.21
1583,8/19/18 10:00,46.931,0.2064
1584,8/19/18 11:00,49.914,0.2026
1585,8/19/18 12:00,53.733,0.1985
1586,8/19/18 13:00,57.893,0.1954
1587,8/19/18 14:00,61.119,0.1932
1588,8/19/18 15:00,62.577,0.1904
1589,8/19/18 16:00,61.934,0.1904
1590,8/19/18 17:00,60.861,0.1895
1591,8/19/18 18:00,59.529,0.1885
1592,8/19/18 19:00,57.85,0.1885
1593,8/19/18 20:00,56.165,0.1885
1594,8/19/18 21:00,54.387,0.1876
1595,8/19/18 22:00,52.686,0.1881
1596,8/19/18 23:00,51.148,0.1881
1597,8/20/18 0:00,49.782,0.1885
1598,8/20/18 1:00,48.538,0.1885
1599,8/20/18 2:00,47.334,0.1885
1600,8/20/18 3:00,46.256,0.1891
1601,8/20/18 4:00,45.262,0.1891
1602,8/20/18 5:00,44.31,0.1885
1603,8/20/18 6:00,43.579,0.1885
1604,8/20/18 7:00,42.847,0.1881
1605,8/20/18 8:00,42.892,0.1876
1606,8/20/18 9:00,44.037,0.1843
1607,8/20/18 10:00,46.616,0.1789
1608,8/20/18 11:00,50.311,0.1746
1609,8/20/18 12:00,54.734,0.1681
1610,8/20/18 13:00,59.142,0.1638
1611,8/20/18 14:00,63.048,0.159
1612,8/20/18 15:00,65.102,0.1551
1613,8/20/18 16:00,65.444,0.1542
1614,8/20/18 17:00,64.332,0.1519
1615,8/20/18 18:00,62.875,0.1508
1616,8/20/18 19:00,60.818,0.1499
1617,8/20/18 20:00,58.712,0.1499
1618,8/20/18 21:00,56.772,0.1503
1619,8/20/18 22:00,55.038,0.1499
1620,8/20/18 23:00,53.515,0.1495
1621,8/21/18 0:00,52.335,0.1499
1622,8/21/18 1:00,51.458,0.149
1623,8/21/18 2:00,50.841,0.1479
1624,8/21/18 3:00,50.223,0.1475
1625,8/21/18 4:00,49.604,0.147
1626,8/21/18 5:00,49.116,0.147
1627,8/21/18 6:00,48.672,0.1475
1628,8/21/18 7:00,48.272,0.1479
1629,8/21/18 8:00,48.137,0.1475
1630,8/21/18 9:00,48.762,0.1466
1631,8/21/18 10:00,50.576,0.1425
1632,8/21/18 11:00,52.597,0.14
1633,8/21/18 12:00,54.82,0.1366
1634,8/21/18 13:00,57.117,0.1326
1635,8/21/18 14:00,59.529,0.129
1636,8/21/18 15:00,57.893,0.1762
1637,8/21/18 16:00,56.599,0.1954
1638,8/21/18 17:00,56.251,0.1948
1639,8/21/18 18:00,55.342,0.2008
1640,8/21/18 19:00,46.886,0.316
1641,8/21/18 20:00,50.752,0.2684
1642,8/21/18 21:00,50.268,0.2628
1643,8/21/18 22:00,49.692,0.2589
1644,8/21/18 23:00,49.204,0.256
1645,8/22/18 0:00,48.762,0.2567
1646,8/22/18 1:00,48.094,0.2773
1647,8/22/18 2:00,47.959,0.2677
1648,8/22/18 3:00,47.289,0.2901
1649,8/22/18 4:00,47.289,0.2701
1650,8/22/18 5:00,47.019,0.2657
1651,8/22/18 6:00,46.796,0.2624
1652,8/22/18 7:00,46.481,0.2687
1653,8/22/18 8:00,45.986,0.3029
1654,8/22/18 9:00,46.301,0.2729
1655,8/22/18 10:00,46.751,0.268
1656,8/22/18 11:00,47.199,0.2646
1657,8/22/18 12:00,47.557,0.2615
1658,8/22/18 13:00,48.137,0.2589
1659,8/22/18 14:00,49.516,0.256
1660,8/22/18 15:00,50.664,0.2532
1661,8/22/18 16:00,51.544,0.2505
1662,8/22/18 17:00,52.291,0.2483
1663,8/22/18 18:00,52.554,0.246
1664,8/22/18 19:00,52.335,0.2445
1665,8/22/18 20:00,51.809,0.243
1666,8/22/18 21:00,51.105,0.2418
1667,8/22/18 22:00,50.356,0.2406
1668,8/22/18 23:00,49.692,0.2394
1669,8/23/18 0:00,49.116,0.2387
1670,8/23/18 1:00,48.628,0.2383
1671,8/23/18 2:00,48.227,0.2374
1672,8/23/18 3:00,47.826,0.2367
1673,8/23/18 4:00,47.467,0.2363
1674,8/23/18 5:00,47.109,0.2363
1675,8/23/18 6:00,46.796,0.2351
1676,8/23/18 7:00,46.121,0.239
1677,8/23/18 8:00,45.127,0.2471
1678,8/23/18 9:00,44.764,0.2621
1679,8/23/18 10:00,45.896,0.2615
1680,8/23/18 11:00,48.762,0.2579
1681,8/23/18 12:00,52.597,0.2546
1682,8/23/18 13:00,56.642,0.2509
1683,8/23/18 14:00,59.916,0.2479
1684,8/23/18 15:00,61.761,0.2456
1685,8/23/18 16:00,61.848,0.2434
1686,8/23/18 17:00,60.861,0.2421
1687,8/23/18 18:00,59.185,0.241
1688,8/23/18 19:00,57.506,0.2403
1689,8/23/18 20:00,55.819,0.2394
1690,8/23/18 21:00,53.994,0.2387
1691,8/23/18 22:00,52.246,0.2379
1692,8/23/18 23:00,50.752,0.2374
1693,8/24/18 0:00,49.383,0.2367
1694,8/24/18 1:00,48.227,0.2367
1695,8/24/18 2:00,47.244,0.2358
1696,8/24/18 3:00,46.346,0.2358
1697,8/24/18 4:00,45.579,0.2351
1698,8/24/18 5:00,44.901,0.2351
1699,8/24/18 6:00,44.263,0.2344
1700,8/24/18 7:00,43.671,0.2344
1701,8/24/18 8:00,43.443,0.2344
1702,8/24/18 9:00,43.945,0.2327
1703,8/24/18 10:00,45.806,0.2306
1704,8/24/18 11:00,48.583,0.2282
1705,8/24/18 12:00,51.94,0.2262
1706,8/24/18 13:00,54.865,0.2241
1707,8/24/18 14:00,57.893,0.2232
1708,8/24/18 15:00,60.561,0.2211
1709,8/24/18 16:00,61.72,0.2198
1710,8/24/18 17:00,61.119,0.219
1711,8/24/18 18:00,60.046,0.219
1712,8/24/18 19:00,58.498,0.2185
1713,8/24/18 20:00,56.772,0.219
1714,8/24/18 21:00,55.038,0.2195
1715,8/24/18 22:00,53.515,0.219
1716,8/24/18 23:00,52.115,0.219
1717,8/25/18 0:00,50.929,0.219
1718,8/25/18 1:00,49.959,0.219
1719,8/25/18 2:00,49.204,0.2185
1720,8/25/18 3:00,48.405,0.219
1721,8/25/18 4:00,47.647,0.219
1722,8/25/18 5:00,46.974,0.219
1723,8/25/18 6:00,46.346,0.2185
1724,8/25/18 7:00,45.806,0.219
1725,8/25/18 8:00,45.669,0.2185
1726,8/25/18 9:00,46.301,0.2177
1727,8/25/18 10:00,47.871,0.2161
1728,8/25/18 11:00,50.311,0.2131
1729,8/25/18 12:00,53.078,0.2112
1730,8/25/18 13:00,56.512,0.2095
1731,8/25/18 14:00,59.229,0.2073
1732,8/25/18 15:00,61.376,0.2061
1733,8/25/18 16:00,61.633,0.2056
1734,8/25/18 17:00,60.861,0.2052
1735,8/25/18 18:00,59.445,0.2064
1736,8/25/18 19:00,57.765,0.2073
1737,8/25/18 20:00,56.208,0.2078
1738,8/25/18 21:00,54.82,0.2083
1739,8/25/18 22:00,53.602,0.2083
1740,8/25/18 23:00,52.597,0.2083
1741,8/26/18 0:00,51.721,0.2078
1742,8/26/18 1:00,50.929,0.2078
1743,8/26/18 2:00,50.135,0.2078
1744,8/26/18 3:00,49.516,0.2083
1745,8/26/18 4:00,48.983,0.2078
1746,8/26/18 5:00,48.36,0.2083
1747,8/26/18 6:00,47.602,0.2083
1748,8/26/18 7:00,46.931,0.2087
1749,8/26/18 8:00,46.571,0.2083
1750,8/26/18 9:00,47.422,0.2061
1751,8/26/18 10:00,49.116,0.2052
1752,8/26/18 11:00,51.501,0.2017
1753,8/26/18 12:00,55.081,0.1981
1754,8/26/18 13:00,59.099,0.1958
1755,8/26/18 14:00,62.233,0.1939
1756,8/26/18 15:00,64.674,0.1926
1757,8/26/18 16:00,65.273,0.1923
1758,8/26/18 17:00,64.247,0.1917
1759,8/26/18 18:00,62.748,0.1908
1760,8/26/18 19:00,60.991,0.1913
1761,8/26/18 20:00,59.185,0.1917
1762,8/26/18 21:00,57.42,0.1976
1763,8/26/18 22:00,55.299,0.2232
1764,8/26/18 23:00,53.515,0.2241
1765,8/27/18 0:00,52.16,0.2241
1766,8/27/18 1:00,51.193,0.2237
1767,8/27/18 2:00,50.533,0.2232
1768,8/27/18 3:00,50.002,0.2229
1769,8/27/18 4:00,49.561,0.2224
1770,8/27/18 5:00,49.161,0.2219
1771,8/27/18 6:00,48.85,0.2216
1772,8/27/18 7:00,48.538,0.2211
1773,8/27/18 8:00,48.272,0.2208
1774,8/27/18 9:00,48.182,0.2208
1775,8/27/18 10:00,48.493,0.2198
1776,8/27/18 11:00,49.649,0.2185
1777,8/27/18 12:00,51.94,0.2164
1778,8/27/18 13:00,54.648,0.2148
1779,8/27/18 14:00,57.29,0.2131
1780,8/27/18 15:00,59.616,0.2117
1781,8/27/18 16:00,59.616,0.2112
1782,8/27/18 17:00,58.885,0.2109
1783,8/27/18 18:00,57.807,0.2109
1784,8/27/18 19:00,56.469,0.2109
1785,8/27/18 20:00,54.995,0.2109
1786,8/27/18 21:00,53.472,0.2104
1787,8/27/18 22:00,52.115,0.2104
1788,8/27/18 23:00,50.886,0.2104
1789,8/28/18 0:00,49.692,0.2104
1790,8/28/18 1:00,48.538,0.2112
1791,8/28/18 2:00,47.512,0.2109
1792,8/28/18 3:00,46.571,0.2109
1793,8/28/18 4:00,45.714,0.2104
1794,8/28/18 5:00,44.946,0.2109
1795,8/28/18 6:00,44.173,0.2109
1796,8/28/18 7:00,43.534,0.2109
1797,8/28/18 8:00,43.488,0.21
1798,8/28/18 9:00,44.445,0.2083
1799,8/28/18 10:00,46.526,0.2052
1800,8/28/18 11:00,49.471,0.2017
1801,8/28/18 12:00,53.341,0.199
1802,8/28/18 13:00,57.376,0.1963
1803,8/28/18 14:00,60.604,0.1948
1804,8/28/18 15:00,62.919,0.1945
1805,8/28/18 16:00,63.518,0.1932
1806,8/28/18 17:00,62.49,0.1926
1807,8/28/18 18:00,60.561,0.1932
1808,8/28/18 19:00,58.368,0.1932
1809,8/28/18 20:00,56.251,0.1939
1810,8/28/18 21:00,54.255,0.1939
1811,8/28/18 22:00,52.509,0.1945
1812,8/28/18 23:00,50.929,0.1948
1813,8/29/18 0:00,49.561,0.1954
1814,8/29/18 1:00,48.36,0.1948
1815,8/29/18 2:00,47.289,0.1948
1816,8/29/18 3:00,46.346,0.1948
1817,8/29/18 4:00,45.489,0.1954
1818,8/29/18 5:00,44.674,0.1954
1819,8/29/18 6:00,43.945,0.1948
1820,8/29/18 7:00,43.306,0.1948
1821,8/29/18 8:00,43.396,0.1945
1822,8/29/18 9:00,44.582,0.1913
1823,8/29/18 10:00,46.931,0.1866
1824,8/29/18 11:00,50.047,0.1836
1825,8/29/18 12:00,53.994,0.1793
1826,8/29/18 13:00,58.023,0.1769
1827,8/29/18 14:00,61.547,0.1742
1828,8/29/18 15:00,64.117,0.1718
1829,8/29/18 16:00,64.632,0.1703
1830,8/29/18 17:00,63.518,0.1699
1831,8/29/18 18:00,61.677,0.1695
1832,8/29/18 19:00,59.659,0.1695
1833,8/29/18 20:00,57.636,0.1703
1834,8/29/18 21:00,55.819,0.1699
1835,8/29/18 22:00,54.169,0.1703
1836,8/29/18 23:00,52.772,0.1703
1837,8/30/18 0:00,51.501,0.1703
1838,8/30/18 1:00,50.445,0.1703
1839,8/30/18 2:00,49.471,0.1703
1840,8/30/18 3:00,48.583,0.1703
1841,8/30/18 4:00,47.736,0.1703
1842,8/30/18 5:00,47.019,0.1709
1843,8/30/18 6:00,46.436,0.1703
1844,8/30/18 7:00,45.896,0.1695
1845,8/30/18 8:00,45.941,0.1689
1846,8/30/18 9:00,46.796,0.1663
1847,8/30/18 10:00,48.538,0.1629
1848,8/30/18 11:00,51.458,0.1577
1849,8/30/18 12:00,55.299,0.1527
1850,8/30/18 13:00,59.358,0.1495
1851,8/30/18 14:00,62.748,0.1466
1852,8/30/18 15:00,64.332,0.145
1853,8/30/18 16:00,64.332,0.1434
1854,8/30/18 17:00,63.219,0.143
1855,8/30/18 18:00,61.59,0.1425
1856,8/30/18 19:00,59.659,0.1421
1857,8/30/18 20:00,57.893,0.1425
1858,8/30/18 21:00,56.122,0.143
1859,8/30/18 22:00,54.43,0.143
1860,8/30/18 23:00,53.121,0.1434
1861,8/31/18 0:00,51.984,0.1434
1862,8/31/18 1:00,51.017,0.1434
1863,8/31/18 2:00,50.135,0.1434
1864,8/31/18 3:00,49.204,0.1434
1865,8/31/18 4:00,48.36,0.1446
1866,8/31/18 5:00,47.557,0.1446
1867,8/31/18 6:00,46.931,0.1446
1868,8/31/18 7:00,46.346,0.1446
1869,8/31/18 8:00,46.166,0.1441
1870,8/31/18 9:00,46.796,0.1425
1871,8/31/18 10:00,47.289,0.1446
1872,8/31/18 11:00,49.561,0.1396
1873,8/31/18 12:00,52.335,0.1361
1874,8/31/18 13:00,54.952,0.1331
1875,8/31/18 14:00,56.556,0.1331
1876,8/31/18 15:00,58.109,0.1317
1877,8/31/18 16:00,58.712,0.1307
1878,8/31/18 17:00,58.582,0.1281
1879,8/31/18 18:00,57.636,0.1276
1880,8/31/18 19:00,56.165,0.1281
1881,8/31/18 20:00,54.473,0.1281
1882,8/31/18 21:00,52.86,0.1285
1883,8/31/18 22:00,51.544,0.1297
1884,8/31/18 23:00,50.488,0.129
1885,9/1/18 0:00,49.471,0.1297
1886,9/1/18 1:00,48.493,0.1307
1887,9/1/18 2:00,47.557,0.1312
1888,9/1/18 3:00,46.661,0.1307
1889,9/1/18 4:00,45.941,0.1307
1890,9/1/18 5:00,45.354,0.1321
1891,9/1/18 6:00,44.946,0.1317
1892,9/1/18 7:00,44.537,0.1321
1893,9/1/18 8:00,44.764,0.1317
1894,9/1/18 9:00,45.806,0.1297
1895,9/1/18 10:00,47.647,0.1271
1896,9/1/18 11:00,50.18,0.1237
1897,9/1/18 12:00,53.865,0.1204
1898,9/1/18 13:00,57.979,0.1179
1899,9/1/18 14:00,61.162,0.1164
1900,9/1/18 15:00,63.946,0.1148
1901,9/1/18 16:00,64.76,0.1143
1902,9/1/18 17:00,63.475,0.1112
1903,9/1/18 18:00,61.677,0.1107
1904,9/1/18 19:00,59.959,0.1101
1905,9/1/18 20:00,58.109,0.1101
1906,9/1/18 21:00,56.426,0.1101
1907,9/1/18 22:00,54.777,0.1096
1908,9/1/18 23:00,53.121,0.1101
1909,9/2/18 0:00,51.544,0.1107
1910,9/2/18 1:00,50.18,0.1117
1911,9/2/18 2:00,49.116,0.1117
1912,9/2/18 3:00,48.315,0.1112
1913,9/2/18 4:00,47.512,0.1096
1914,9/2/18 5:00,46.931,0.1096
1915,9/2/18 6:00,46.571,0.1096
1916,9/2/18 7:00,46.211,0.1096
1917,9/2/18 8:00,46.301,0.1101
1918,9/2/18 9:00,47.154,0.1091
1919,9/2/18 10:00,48.672,0.1075
1920,9/2/18 11:00,51.237,0.1047
1921,9/2/18 12:00,52.335,0.1036
1922,9/2/18 13:00,52.554,0.1025
1923,9/2/18 14:00,52.072,0.1091
1924,9/2/18 15:00,53.121,0.1075
1925,9/2/18 16:00,54.343,0.1053
1926,9/2/18 17:00,54.037,0.1053
1927,9/2/18 18:00,53.298,0.1053
1928,9/2/18 19:00,52.378,0.1069
1929,9/2/18 20:00,51.37,0.1064
1930,9/2/18 21:00,50.268,0.1069
1931,9/2/18 22:00,49.161,0.1075
1932,9/2/18 23:00,48.094,0.1075
1933,9/3/18 0:00,47.154,0.108
1934,9/3/18 1:00,46.346,0.1085
1935,9/3/18 2:00,45.669,0.1085
1936,9/3/18 3:00,45.217,0.1085
1937,9/3/18 4:00,44.901,0.1085
1938,9/3/18 5:00,44.674,0.1091
1939,9/3/18 6:00,44.4,0.1091
1940,9/3/18 7:00,44.173,0.1096
1941,9/3/18 8:00,44.082,0.1096
1942,9/3/18 9:00,44.445,0.1096
1943,9/3/18 10:00,45.579,0.1075
1944,9/3/18 11:00,46.841,0.1069
1945,9/3/18 12:00,48.315,0.1064
1946,9/3/18 13:00,50.664,0.1047
1947,9/3/18 14:00,52.072,0.1036
1948,9/3/18 15:00,53.908,0.1036
1949,9/3/18 16:00,54.169,0.1025
1950,9/3/18 17:00,54.516,0.102
1951,9/3/18 18:00,53.82,0.1014
1952,9/3/18 19:00,52.817,0.1014
1953,9/3/18 20:00,51.589,0.1014
1954,9/3/18 21:00,50.18,0.102
1955,9/3/18 22:00,48.85,0.102
1956,9/3/18 23:00,47.691,0.1025
1957,9/4/18 0:00,46.796,0.1031
1958,9/4/18 1:00,46.031,0.1031
1959,9/4/18 2:00,45.444,0.1036
1960,9/4/18 3:00,45.036,0.1036
1961,9/4/18 4:00,44.764,0.1036
1962,9/4/18 5:00,44.492,0.1036
1963,9/4/18 6:00,44.127,0.1036
1964,9/4/18 7:00,43.671,0.1042
1965,9/4/18 8:00,43.671,0.1042
1966,9/4/18 9:00,44.719,0.1025
1967,9/4/18 10:00,46.841,0.1009
1968,9/4/18 11:00,48.938,0.0992
1969,9/4/18 12:00,50.047,0.0986
1970,9/4/18 13:00,52.203,0.0969
1971,9/4/18 14:00,53.341,0.0961
1972,9/4/18 15:00,52.466,0.102
1973,9/4/18 16:00,52.203,0.1014
1974,9/4/18 17:00,52.335,0.1009
1975,9/4/18 18:00,52.029,0.1003
1976,9/4/18 19:00,51.325,0.1003
1977,9/4/18 20:00,50.356,0.1003
1978,9/4/18 21:00,49.294,0.1003
1979,9/4/18 22:00,48.227,0.1014
1980,9/4/18 23:00,47.334,0.1009
1981,9/5/18 0:00,46.571,0.1014
1982,9/5/18 1:00,45.941,0.102
1983,9/5/18 2:00,45.354,0.102
1984,9/5/18 3:00,44.946,0.1025
1985,9/5/18 4:00,44.674,0.1031
1986,9/5/18 5:00,44.445,0.1031
1987,9/5/18 6:00,44.218,0.1031
1988,9/5/18 7:00,44.037,0.1075
1989,9/5/18 8:00,43.808,0.1148
1990,9/5/18 9:00,42.57,0.2844
1991,9/5/18 10:00,43.306,0.2592
1992,9/5/18 11:00,43.214,0.2739
1993,9/5/18 12:00,43.579,0.2635
1994,9/5/18 13:00,44.719,0.2604
1995,9/5/18 14:00,46.346,0.2557
1996,9/5/18 15:00,47.199,0.2532
1997,9/5/18 16:00,47.199,0.2546
1998,9/5/18 17:00,46.616,0.277
1999,9/5/18 18:00,46.526,0.2694
2000,9/5/18 19:00,46.031,0.2642
2001,9/5/18 20:00,45.127,0.2611
2002,9/5/18 21:00,44.218,0.2585
2003,9/5/18 22:00,43.351,0.256
2004,9/5/18 23:00,42.663,0.2538
2005,9/6/18 0:00,42.064,0.252
2006,9/6/18 1:00,41.601,0.2502
2007,9/6/18 2:00,41.277,0.2487
2008,9/6/18 3:00,41.09,0.2475
2009,9/6/18 4:00,40.811,0.2464
2010,9/6/18 5:00,40.532,0.2452
2011,9/6/18 6:00,40.298,0.2445
2012,9/6/18 7:00,40.111,0.2434
2013,9/6/18 8:00,40.345,0.2421
2014,9/6/18 9:00,41.416,0.2403
2015,9/6/18 10:00,43.396,0.239
2016,9/6/18 11:00,45.669,0.2374
2017,9/6/18 12:00,48.45,0.2351
2018,9/6/18 13:00,51.809,0.2339
2019,9/6/18 14:00,53.82,0.233
2020,9/6/18 15:00,56.426,0.2315
2021,9/6/18 16:00,56.772,0.2311
2022,9/6/18 17:00,56.122,0.2303
2023,9/6/18 18:00,54.995,0.2294
2024,9/6/18 19:00,53.82,0.2294
2025,9/6/18 20:00,52.509,0.2291
2026,9/6/18 21:00,51.017,0.2282
2027,9/6/18 22:00,49.428,0.2277
2028,9/6/18 23:00,48.004,0.2277
2029,9/7/18 0:00,46.661,0.2274
2030,9/7/18 1:00,45.534,0.2269
2031,9/7/18 2:00,44.582,0.2269
2032,9/7/18 3:00,43.716,0.2269
2033,9/7/18 4:00,42.939,0.2262
2034,9/7/18 5:00,42.202,0.2257
2035,9/7/18 6:00,41.554,0.2254
2036,9/7/18 7:00,40.951,0.2254
2037,9/7/18 8:00,40.719,0.2262
2038,9/7/18 9:00,41.369,0.2237
2039,9/7/18 10:00,43.214,0.2211
2040,9/7/18 11:00,46.121,0.2182
2041,9/7/18 12:00,49.649,0.2164
2042,9/7/18 13:00,53.427,0.2143
2043,9/7/18 14:00,56.901,0.2131
2044,9/7/18 15:00,58.669,0.2126
2045,9/7/18 16:00,59.014,0.2117
2046,9/7/18 17:00,58.195,0.2117
2047,9/7/18 18:00,56.599,0.2117
2048,9/7/18 19:00,54.952,0.2117
2049,9/7/18 20:00,53.253,0.2117
2050,9/7/18 21:00,51.633,0.2112
2051,9/7/18 22:00,50.223,0.2112
2052,9/7/18 23:00,48.895,0.2117
2053,9/8/18 0:00,47.691,0.2117
2054,9/8/18 1:00,46.571,0.2117
2055,9/8/18 2:00,45.534,0.2117
2056,9/8/18 3:00,44.627,0.2117
2057,9/8/18 4:00,43.763,0.2117
2058,9/8/18 5:00,42.984,0.2117
2059,9/8/18 6:00,42.341,0.2112
2060,9/8/18 7:00,41.693,0.2112
2061,9/8/18 8:00,41.648,0.2112
2062,9/8/18 9:00,42.755,0.2092
2063,9/8/18 10:00,45.036,0.2056
2064,9/8/18 11:00,48.049,0.2029
2065,9/8/18 12:00,51.633,0.2003
2066,9/8/18 13:00,55.081,0.1985
2067,9/8/18 14:00,58.282,0.1963
2068,9/8/18 15:00,60.604,0.1954
2069,9/8/18 16:00,61.891,0.1954
2070,9/8/18 17:00,61.333,0.1939
2071,9/8/18 18:00,59.959,0.1939
2072,9/8/18 19:00,58.109,0.1945
2073,9/8/18 20:00,56.34,0.1945
2074,9/8/18 21:00,54.648,0.1948
2075,9/8/18 22:00,53.078,0.1954
2076,9/8/18 23:00,51.678,0.1945
2077,9/9/18 0:00,50.576,0.1945
2078,9/9/18 1:00,49.737,0.1976
2079,9/9/18 2:00,48.895,0.1985
2080,9/9/18 3:00,48.049,0.2029
2081,9/9/18 4:00,47.289,0.2017
2082,9/9/18 5:00,46.391,0.2083
2083,9/9/18 6:00,45.624,0.2112
2084,9/9/18 7:00,44.946,0.2122
2085,9/9/18 8:00,44.445,0.2126
2086,9/9/18 9:00,44.901,0.2117
2087,9/9/18 10:00,46.616,0.21
2088,9/9/18 11:00,49.692,0.2073
2089,9/9/18 12:00,53.384,0.2061
2090,9/9/18 13:00,56.815,0.2038
2091,9/9/18 14:00,58.626,0.2029
2092,9/9/18 15:00,58.755,0.2035
2093,9/9/18 16:00,59.229,0.2026
2094,9/9/18 17:00,58.239,0.2026
2095,9/9/18 18:00,56.685,0.2029
2096,9/9/18 19:00,54.865,0.2035
2097,9/9/18 20:00,53.121,0.2035
2098,9/9/18 21:00,51.458,0.2029
2099,9/9/18 22:00,50.002,0.2035
2100,9/9/18 23:00,48.762,0.2035
2101,9/10/18 0:00,47.602,0.2038
2102,9/10/18 1:00,46.571,0.2038
2103,9/10/18 2:00,45.579,0.2038
2104,9/10/18 3:00,44.719,0.2038
2105,9/10/18 4:00,43.99,0.2038
2106,9/10/18 5:00,43.396,0.2038
2107,9/10/18 6:00,42.8,0.2038
2108,9/10/18 7:00,42.294,0.2038
2109,9/10/18 8:00,42.202,0.2029
2110,9/10/18 9:00,43.122,0.2008
2111,9/10/18 10:00,45.082,0.1985
2112,9/10/18 11:00,48.137,0.1948
2113,9/10/18 12:00,52.16,0.1923
2114,9/10/18 13:00,55.863,0.1904
2115,9/10/18 14:00,58.541,0.1895
2116,9/10/18 15:00,60.26,0.1881
2117,9/10/18 16:00,59.702,0.1881
2118,9/10/18 17:00,59.358,0.1885
2119,9/10/18 18:00,58.152,0.1881
2120,9/10/18 19:00,56.642,0.1881
2121,9/10/18 20:00,55.038,0.1891
2122,9/10/18 21:00,53.559,0.1891
2123,9/10/18 22:00,52.115,0.1895
2124,9/10/18 23:00,50.752,0.1891
2125,9/11/18 0:00,49.649,0.1895
2126,9/11/18 1:00,48.583,0.1898
2127,9/11/18 2:00,47.557,0.1895
2128,9/11/18 3:00,46.616,0.1904
2129,9/11/18 4:00,45.761,0.1904
2130,9/11/18 5:00,44.946,0.1908
2131,9/11/18 6:00,44.218,0.1898
2132,9/11/18 7:00,43.716,0.1904
2133,9/11/18 8:00,43.579,0.1898
2134,9/11/18 9:00,44.492,0.1881
2135,9/11/18 10:00,46.346,0.1849
2136,9/11/18 11:00,49.471,0.182
2137,9/11/18 12:00,51.852,0.1803
2138,9/11/18 13:00,54.691,0.1783
2139,9/11/18 14:00,57.29,0.1769
2140,9/11/18 15:00,59.959,0.1746
2141,9/11/18 16:00,60.647,0.1738
2142,9/11/18 17:00,60.174,0.1738
2143,9/11/18 18:00,58.368,0.1738
2144,9/11/18 19:00,56.426,0.1738
2145,9/11/18 20:00,54.561,0.1742
2146,9/11/18 21:00,52.86,0.1742
2147,9/11/18 22:00,51.37,0.1742
2148,9/11/18 23:00,50.135,0.1742
2149,9/12/18 0:00,49.028,0.1746
2150,9/12/18 1:00,48.004,0.1746
2151,9/12/18 2:00,47.064,0.1746
2152,9/12/18 3:00,46.211,0.1746
2153,9/12/18 4:00,45.399,0.1746
2154,9/12/18 5:00,44.674,0.1746
2155,9/12/18 6:00,43.9,0.1742
2156,9/12/18 7:00,43.259,0.1738
2157,9/12/18 8:00,43.214,0.1738
2158,9/12/18 9:00,44.263,0.1714
2159,9/12/18 10:00,46.346,0.1677
2160,9/12/18 11:00,49.294,0.1634
2161,9/12/18 12:00,52.903,0.1604
2162,9/12/18 13:00,56.901,0.1577
2163,9/12/18 14:00,60.26,0.1551
2164,9/12/18 15:00,62.406,0.1542
2165,9/12/18 16:00,62.919,0.1527
2166,9/12/18 17:00,61.761,0.1523
2167,9/12/18 18:00,59.315,0.1523
2168,9/12/18 19:00,57.117,0.1523
2169,9/12/18 20:00,55.125,0.1523
2170,9/12/18 21:00,53.341,0.1523
2171,9/12/18 22:00,51.678,0.1519
2172,9/12/18 23:00,50.268,0.1523
2173,9/13/18 0:00,49.116,0.1523
2174,9/13/18 1:00,48.094,0.1519
2175,9/13/18 2:00,47.289,0.1514
2176,9/13/18 3:00,46.616,0.1514
2177,9/13/18 4:00,45.896,0.1514
2178,9/13/18 5:00,45.127,0.1514
2179,9/13/18 6:00,44.4,0.1508
2180,9/13/18 7:00,43.671,0.1508
2181,9/13/18 8:00,43.579,0.1514
2182,9/13/18 9:00,44.445,0.149
2183,9/13/18 10:00,46.481,0.145
2184,9/13/18 11:00,49.383,0.1405
2185,9/13/18 12:00,52.992,0.1382
2186,9/13/18 13:00,56.772,0.1347
2187,9/13/18 14:00,60.089,0.1321
2188,9/13/18 15:00,62.49,0.1312
2189,9/13/18 16:00,63.133,0.1302
2190,9/13/18 17:00,61.977,0.129
2191,9/13/18 18:00,59.272,0.1285
2192,9/13/18 19:00,56.858,0.1285
2193,9/13/18 20:00,54.691,0.1281
2194,9/13/18 21:00,52.772,0.129
2195,9/13/18 22:00,51.105,0.1285
2196,9/13/18 23:00,49.516,0.129
2197,9/14/18 0:00,48.272,0.1285
2198,9/14/18 1:00,47.199,0.1285
2199,9/14/18 2:00,46.166,0.1285
2200,9/14/18 3:00,45.127,0.1285
2201,9/14/18 4:00,44.127,0.1276
2202,9/14/18 5:00,43.122,0.1271
2203,9/14/18 6:00,42.202,0.1281
2204,9/14/18 7:00,41.369,0.1285
2205,9/14/18 8:00,41.369,0.1307
2206,9/14/18 9:00,42.663,0.1281
2207,9/14/18 10:00,45.082,0.1242
2208,9/14/18 11:00,48.45,0.1209
2209,9/14/18 12:00,52.641,0.1174
2210,9/14/18 13:00,57.16,0.1159
2211,9/14/18 14:00,61.333,0.1138
2212,9/14/18 15:00,63.862,0.1117
2213,9/14/18 16:00,64.589,0.1107
2214,9/14/18 17:00,63.176,0.1091
2215,9/14/18 18:00,60.474,0.1085
2216,9/14/18 19:00,58.066,0.1085
2217,9/14/18 20:00,55.906,0.108
2218,9/14/18 21:00,53.908,0.108
2219,9/14/18 22:00,52.115,0.108
2220,9/14/18 23:00,50.533,0.108
2221,9/15/18 0:00,49.073,0.1085
2222,9/15/18 1:00,47.826,0.1085
2223,9/15/18 2:00,46.751,0.1091
2224,9/15/18 3:00,45.806,0.1085
2225,9/15/18 4:00,45.036,0.1085
2226,9/15/18 5:00,44.218,0.1085
2227,9/15/18 6:00,43.534,0.1085
2228,9/15/18 7:00,42.847,0.1091
2229,9/15/18 8:00,42.939,0.1101
2230,9/15/18 9:00,44.31,0.1085
2231,9/15/18 10:00,46.796,0.1058
2232,9/15/18 11:00,50.223,0.1036
2233,9/15/18 12:00,54.212,0.102
2234,9/15/18 13:00,58.541,0.1003
2235,9/15/18 14:00,62.276,0.0986
2236,9/15/18 15:00,64.845,0.0969
2237,9/15/18 16:00,65.444,0.0961
2238,9/15/18 17:00,64.375,0.0961
2239,9/15/18 18:00,61.506,0.0949
2240,9/15/18 19:00,59.056,0.0943
2241,9/15/18 20:00,56.944,0.0943
2242,9/15/18 21:00,55.125,0.0937
2243,9/15/18 22:00,53.559,0.0943
2244,9/15/18 23:00,52.203,0.0937
2245,9/16/18 0:00,51.148,0.0937
2246,9/16/18 1:00,50.18,0.0932
2247,9/16/18 2:00,49.161,0.0932
2248,9/16/18 3:00,48.182,0.0932
2249,9/16/18 4:00,47.244,0.0937
2250,9/16/18 5:00,46.391,0.0937
2251,9/16/18 6:00,45.669,0.0932
2252,9/16/18 7:00,45.082,0.0937
2253,9/16/18 8:00,45.082,0.0949
2254,9/16/18 9:00,46.301,0.0937
2255,9/16/18 10:00,48.672,0.0926
2256,9/16/18 11:00,51.721,0.092
2257,9/16/18 12:00,55.558,0.0908
2258,9/16/18 13:00,59.529,0.0896
2259,9/16/18 14:00,63.475,0.0887
2260,9/16/18 15:00,65.658,0.0869
2261,9/16/18 16:00,65.959,0.0857
2262,9/16/18 17:00,64.632,0.0844
2263,9/16/18 18:00,61.848,0.0841
2264,9/16/18 19:00,59.401,0.0829
2265,9/16/18 20:00,57.074,0.0829
2266,9/16/18 21:00,55.081,0.0829
2267,9/16/18 22:00,53.384,0.0829
2268,9/16/18 23:00,51.852,0.0829
2269,9/17/18 0:00,50.664,0.0829
2270,9/17/18 1:00,49.516,0.0829
2271,9/17/18 2:00,48.538,0.0822
2272,9/17/18 3:00,47.736,0.0829
2273,9/17/18 4:00,46.886,0.0835
2274,9/17/18 5:00,46.121,0.0835
2275,9/17/18 6:00,45.399,0.0835
2276,9/17/18 7:00,44.764,0.0841
2277,9/17/18 8:00,44.856,0.0844
2278,9/17/18 9:00,46.166,0.085
2279,9/17/18 10:00,48.717,0.0844
2280,9/17/18 11:00,51.984,0.0841
2281,9/17/18 12:00,55.472,0.0835
2282,9/17/18 13:00,58.152,0.0822
2283,9/17/18 14:00,61.804,0.0822
2284,9/17/18 15:00,64.117,0.0803
2285,9/17/18 16:00,65.273,0.0835
2286,9/17/18 17:00,63.99,0.0835
2287,9/17/18 18:00,61.547,0.0829
2288,9/17/18 19:00,59.185,0.0822
2289,9/17/18 20:00,56.944,0.0816
2290,9/17/18 21:00,55.081,0.0816
2291,9/17/18 22:00,53.472,0.0816
2292,9/17/18 23:00,52.203,0.0816
2293,9/18/18 0:00,50.974,0.0816
2294,9/18/18 1:00,50.002,0.0816
2295,9/18/18 2:00,49.161,0.0816
2296,9/18/18 3:00,48.405,0.0816
2297,9/18/18 4:00,47.691,0.0816
2298,9/18/18 5:00,47.019,0.0816
2299,9/18/18 6:00,46.526,0.0816
2300,9/18/18 7:00,46.076,0.0822
2301,9/18/18 8:00,46.256,0.0822
2302,9/18/18 9:00,47.557,0.0829
2303,9/18/18 10:00,49.959,0.0822
2304,9/18/18 11:00,52.246,0.0822
2305,9/18/18 12:00,55.256,0.0822
2306,9/18/18 13:00,59.142,0.0816
2307,9/18/18 14:00,62.148,0.0816
2308,9/18/18 15:00,63.561,0.081
2309,9/18/18 16:00,63.648,0.0803
2310,9/18/18 17:00,63.048,0.0797
2311,9/18/18 18:00,60.217,0.0794
2312,9/18/18 19:00,57.807,0.0781
2313,9/18/18 20:00,55.69,0.0787
2314,9/18/18 21:00,53.82,0.0787
2315,9/18/18 22:00,52.203,0.0781
2316,9/18/18 23:00,50.752,0.0781
2317,9/19/18 0:00,49.604,0.0787
2318,9/19/18 1:00,48.583,0.0781
2319,9/19/18 2:00,47.602,0.0787
2320,9/19/18 3:00,46.661,0.0787
2321,9/19/18 4:00,45.714,0.0781
2322,9/19/18 5:00,44.809,0.0787
2323,9/19/18 6:00,44.173,0.0787
2324,9/19/18 7:00,43.624,0.0787
2325,9/19/18 8:00,43.396,0.0794
2326,9/19/18 9:00,44.492,0.0797
2327,9/19/18 10:00,46.751,0.0797
2328,9/19/18 11:00,49.782,0.0794
2329,9/19/18 12:00,51.105,0.0794
2330,9/19/18 13:00,52.029,0.0794
2331,9/19/18 14:00,51.984,0.0787
2332,9/19/18 15:00,51.325,0.0803
2333,9/19/18 16:00,50.445,0.0829
2334,9/19/18 17:00,49.87,0.0844
2335,9/19/18 18:00,49.649,0.085
2336,9/19/18 19:00,48.36,0.1204
2337,9/19/18 20:00,47.557,0.2739
2338,9/19/18 21:00,47.244,0.2632
2339,9/19/18 22:00,46.796,0.2611
2340,9/19/18 23:00,46.211,0.2639
2341,9/20/18 0:00,45.761,0.2592
2342,9/20/18 1:00,45.307,0.2553
2343,9/20/18 2:00,44.946,0.2516
2344,9/20/18 3:00,44.674,0.2487
2345,9/20/18 4:00,44.445,0.246
2346,9/20/18 5:00,44.218,0.2434
2347,9/20/18 6:00,43.945,0.2414
2348,9/20/18 7:00,43.716,0.2399
2349,9/20/18 8:00,43.579,0.2379
2350,9/20/18 9:00,43.808,0.2367
2351,9/20/18 10:00,45.036,0.2347
2352,9/20/18 11:00,48.004,0.2318
2353,9/20/18 12:00,51.193,0.2303
2354,9/20/18 13:00,53.69,0.2286
2355,9/20/18 14:00,55.992,0.2269
2356,9/20/18 15:00,57.549,0.2262
2357,9/20/18 16:00,57.85,0.2254
2358,9/20/18 17:00,57.42,0.2245
2359,9/20/18 18:00,55.168,0.2237
2360,9/20/18 19:00,52.992,0.2232
2361,9/20/18 20:00,50.841,0.2229
2362,9/20/18 21:00,48.983,0.2219
2363,9/20/18 22:00,47.154,0.2219
2364,9/20/18 23:00,45.489,0.2216
2365,9/21/18 0:00,44.082,0.2211
2366,9/21/18 1:00,42.892,0.2203
2367,9/21/18 2:00,41.925,0.2203
2368,9/21/18 3:00,41.137,0.2203
2369,9/21/18 4:00,40.438,0.2195
2370,9/21/18 5:00,39.877,0.219
2371,9/21/18 6:00,39.36,0.2182
2372,9/21/18 7:00,38.889,0.2182
2373,9/21/18 8:00,38.842,0.2177
2374,9/21/18 9:00,39.031,0.2169
2375,9/21/18 10:00,40.064,0.2148
2376,9/21/18 11:00,43.167,0.2126
2377,9/21/18 12:00,47.512,0.2104
2378,9/21/18 13:00,52.423,0.2092
2379,9/21/18 14:00,56.512,0.2083
2380,9/21/18 15:00,59.272,0.2073
2381,9/21/18 16:00,60.303,0.2078
2382,9/21/18 17:00,59.315,0.2073
2383,9/21/18 18:00,56.426,0.2078
2384,9/21/18 19:00,53.951,0.2078
2385,9/21/18 20:00,51.633,0.2083
2386,9/21/18 21:00,49.561,0.2078
2387,9/21/18 22:00,47.691,0.2083
2388,9/21/18 23:00,46.121,0.2083
2389,9/22/18 0:00,44.809,0.2078
2390,9/22/18 1:00,43.624,0.2083
2391,9/22/18 2:00,42.616,0.2083
2392,9/22/18 3:00,41.693,0.2078
2393,9/22/18 4:00,40.905,0.2073
2394,9/22/18 5:00,40.158,0.2078
2395,9/22/18 6:00,39.596,0.2078
2396,9/22/18 7:00,39.124,0.2073
2397,9/22/18 8:00,39.124,0.207
2398,9/22/18 9:00,39.69,0.2047
2399,9/22/18 10:00,41.508,0.202
2400,9/22/18 11:00,44.856,0.199
2401,9/22/18 12:00,49.028,0.1972
2402,9/22/18 13:00,53.733,0.1948
2403,9/22/18 14:00,57.893,0.1939
2404,9/22/18 15:00,60.604,0.1932
2405,9/22/18 16:00,61.29,0.1932
2406,9/22/18 17:00,59.873,0.1935
2407,9/22/18 18:00,56.772,0.1939
2408,9/22/18 19:00,54.126,0.1945
2409,9/22/18 20:00,51.721,0.1948
2410,9/22/18 21:00,49.692,0.1948
2411,9/22/18 22:00,47.959,0.1954
2412,9/22/18 23:00,46.391,0.1958
2413,9/23/18 0:00,45.082,0.1958
2414,9/23/18 1:00,43.9,0.1954
2415,9/23/18 2:00,42.892,0.1954
2416,9/23/18 3:00,42.017,0.1954
2417,9/23/18 4:00,41.277,0.1958
2418,9/23/18 5:00,40.579,0.1958
2419,9/23/18 6:00,39.97,0.1954
2420,9/23/18 7:00,39.407,0.1948
2421,9/23/18 8:00,39.407,0.1948
2422,9/23/18 9:00,40.111,0.1932
2423,9/23/18 10:00,41.554,0.1917
2424,9/23/18 11:00,44.173,0.1891
2425,9/23/18 12:00,47.557,0.1859
2426,9/23/18 13:00,52.246,0.183
2427,9/23/18 14:00,56.512,0.1807
2428,9/23/18 15:00,58.971,0.1803
2429,9/23/18 16:00,58.928,0.1797
2430,9/23/18 17:00,57.376,0.1803
2431,9/23/18 18:00,55.69,0.1797
2432,9/23/18 19:00,53.82,0.1803
2433,9/23/18 20:00,51.895,0.1807
2434,9/23/18 21:00,50.047,0.1807
2435,9/23/18 22:00,48.45,0.1813
2436,9/23/18 23:00,47.109,0.1816
2437,9/24/18 0:00,46.211,0.1813
2438,9/24/18 1:00,45.489,0.1813
2439,9/24/18 2:00,44.764,0.1807
2440,9/24/18 3:00,44.31,0.1803
2441,9/24/18 4:00,43.853,0.1807
2442,9/24/18 5:00,43.488,0.1797
2443,9/24/18 6:00,43.122,0.1797
2444,9/24/18 7:00,42.663,0.1803
2445,9/24/18 8:00,42.386,0.1797
2446,9/24/18 9:00,42.984,0.1783
2447,9/24/18 10:00,43.99,0.1769
2448,9/24/18 11:00,44.719,0.1756
2449,9/24/18 12:00,46.706,0.1742
2450,9/24/18 13:00,47.602,0.1728
2451,9/24/18 14:00,46.974,0.1756
2452,9/24/18 15:00,47.019,0.1765
2453,9/24/18 16:00,47.557,0.1765
2454,9/24/18 17:00,48.094,0.1765
2455,9/24/18 18:00,47.914,0.1765
2456,9/24/18 19:00,47.244,0.1769
2457,9/24/18 20:00,46.481,0.1769
2458,9/24/18 21:00,45.669,0.1775
2459,9/24/18 22:00,44.809,0.1769
2460,9/24/18 23:00,43.99,0.1779
2461,9/25/18 0:00,43.167,0.1779
2462,9/25/18 1:00,42.294,0.1783
2463,9/25/18 2:00,41.463,0.1783
2464,9/25/18 3:00,40.626,0.1783
2465,9/25/18 4:00,39.877,0.1789
2466,9/25/18 5:00,39.22,0.1789
2467,9/25/18 6:00,38.606,0.1783
2468,9/25/18 7:00,38.037,0.1779
2469,9/25/18 8:00,37.798,0.1783
2470,9/25/18 9:00,37.893,0.1789
2471,9/25/18 10:00,38.131,0.1765
2472,9/25/18 11:00,40.064,0.1742
2473,9/25/18 12:00,44.127,0.1709
2474,9/25/18 13:00,48.983,0.1699
2475,9/25/18 14:00,53.253,0.1689
2476,9/25/18 15:00,56.34,0.1685
2477,9/25/18 16:00,57.463,0.1695
2478,9/25/18 17:00,55.906,0.1703
2479,9/25/18 18:00,53.078,0.1714
2480,9/25/18 19:00,50.488,0.1714
2481,9/25/18 20:00,48.049,0.1728
2482,9/25/18 21:00,45.896,0.1732
2483,9/25/18 22:00,43.99,0.1732
2484,9/25/18 23:00,42.525,0.1742
2485,9/26/18 0:00,41.369,0.1738
2486,9/26/18 1:00,40.392,0.1732
2487,9/26/18 2:00,39.69,0.1738
2488,9/26/18 3:00,39.078,0.1738
2489,9/26/18 4:00,38.511,0.1728
2490,9/26/18 5:00,38.084,0.1728
2491,9/26/18 6:00,37.56,0.1718
2492,9/26/18 7:00,37.081,0.1714
2493,9/26/18 8:00,36.986,0.1709
2494,9/26/18 9:00,37.321,0.1718
2495,9/26/18 10:00,37.798,0.1699
2496,9/26/18 11:00,40.111,0.1671
2497,9/26/18 12:00,44.082,0.1652
2498,9/26/18 13:00,48.717,0.1634
2499,9/26/18 14:00,52.992,0.1623
2500,9/26/18 15:00,56.122,0.1615
2501,9/26/18 16:00,57.204,0.1615
2502,9/26/18 17:00,55.602,0.1623
2503,9/26/18 18:00,52.947,0.1629
2504,9/26/18 19:00,50.488,0.1638
2505,9/26/18 20:00,48.315,0.1638
2506,9/26/18 21:00,46.346,0.1648
2507,9/26/18 22:00,44.537,0.1652
2508,9/26/18 23:00,43.03,0.1656
2509,9/27/18 0:00,41.74,0.1663
2510,9/27/18 1:00,40.764,0.1663
2511,9/27/18 2:00,39.97,0.1656
2512,9/27/18 3:00,39.313,0.1656
2513,9/27/18 4:00,38.748,0.1652
2514,9/27/18 5:00,38.084,0.1652
2515,9/27/18 6:00,37.702,0.1652
2516,9/27/18 7:00,37.321,0.1638
2517,9/27/18 8:00,37.225,0.1638
2518,9/27/18 9:00,37.656,0.1634
2519,9/27/18 10:00,39.031,0.1604
2520,9/27/18 11:00,42.202,0.1566
2521,9/27/18 12:00,46.256,0.1538
2522,9/27/18 13:00,50.929,0.1508
2523,9/27/18 14:00,54.952,0.1508
2524,9/27/18 15:00,57.936,0.1499
2525,9/27/18 16:00,59.056,0.1503
2526,9/27/18 17:00,57.333,0.1508
2527,9/27/18 18:00,54.648,0.1508
2528,9/27/18 19:00,52.16,0.1519
2529,9/27/18 20:00,49.959,0.1527
2530,9/27/18 21:00,47.959,0.1532
2531,9/27/18 22:00,46.211,0.1532
2532,9/27/18 23:00,44.719,0.1538
2533,9/28/18 0:00,43.351,0.1542
2534,9/28/18 1:00,42.156,0.1547
2535,9/28/18 2:00,41.09,0.1551
2536,9/28/18 3:00,40.111,0.1547
2537,9/28/18 4:00,39.407,0.1547
2538,9/28/18 5:00,38.7,0.1542
2539,9/28/18 6:00,38.084,0.1542
2540,9/28/18 7:00,37.609,0.1532
2541,9/28/18 8:00,37.416,0.1532
2542,9/28/18 9:00,37.989,0.1527
2543,9/28/18 10:00,39.97,0.1495
2544,9/28/18 11:00,43.443,0.145
2545,9/28/18 12:00,47.691,0.1412
2546,9/28/18 13:00,52.423,0.1387
2547,9/28/18 14:00,56.556,0.1382
2548,9/28/18 15:00,59.486,0.1366
2549,9/28/18 16:00,60.39,0.1361
2550,9/28/18 17:00,58.282,0.137
2551,9/28/18 18:00,55.342,0.137
2552,9/28/18 19:00,52.772,0.1382
2553,9/28/18 20:00,50.533,0.1382
2554,9/28/18 21:00,48.45,0.1387
2555,9/28/18 22:00,46.796,0.1387
2556,9/28/18 23:00,45.399,0.1391
2557,9/29/18 0:00,44.263,0.1396
2558,9/29/18 1:00,43.259,0.1396
2559,9/29/18 2:00,42.433,0.1387
2560,9/29/18 3:00,41.74,0.1391
2561,9/29/18 4:00,41.09,0.1396
2562,9/29/18 5:00,40.626,0.1396
2563,9/29/18 6:00,40.111,0.1382
2564,9/29/18 7:00,39.643,0.1382
2565,9/29/18 8:00,39.36,0.1375
2566,9/29/18 9:00,40.251,0.1366
2567,9/29/18 10:00,42.294,0.1335
2568,9/29/18 11:00,45.534,0.129
2569,9/29/18 12:00,49.294,0.1271
2570,9/29/18 13:00,53.602,0.1251
2571,9/29/18 14:00,57.549,0.1237
2572,9/29/18 15:00,60.303,0.1237
2573,9/29/18 16:00,60.818,0.1219
2574,9/29/18 17:00,58.669,0.1224
2575,9/29/18 18:00,56.208,0.1219
2576,9/29/18 19:00,53.951,0.1219
2577,9/29/18 20:00,51.852,0.1219
2578,9/29/18 21:00,50.047,0.1219
2579,9/29/18 22:00,48.538,0.1229
2580,9/29/18 23:00,47.289,0.1237
2581,9/30/18 0:00,46.166,0.1224
2582,9/30/18 1:00,45.127,0.1224
2583,9/30/18 2:00,44.218,0.1219
2584,9/30/18 3:00,43.488,0.1229
2585,9/30/18 4:00,42.892,0.1224
2586,9/30/18 5:00,42.341,0.1229
2587,9/30/18 6:00,41.787,0.1219
2588,9/30/18 7:00,41.277,0.1224
2589,9/30/18 8:00,41.09,0.1219
2590,9/30/18 9:00,41.925,0.1194
2591,9/30/18 10:00,43.9,0.1169
2592,9/30/18 11:00,47.109,0.1148
2593,9/30/18 12:00,50.533,0.1138
2594,9/30/18 13:00,54.387,0.1122
2595,9/30/18 14:00,57.204,0.1117
2596,9/30/18 15:00,59.056,0.1107
2597,9/30/18 16:00,59.014,0.1096
2598,9/30/18 17:00,56.815,0.1101
2599,9/30/18 18:00,54.604,0.1096
2600,9/30/18 19:00,52.597,0.1107
2601,9/30/18 20:00,50.797,0.1096
2602,9/30/18 21:00,49.161,0.1096
2603,9/30/18 22:00,47.781,0.1101
2604,9/30/18 23:00,46.616,0.1101
2605,10/1/18 0:00,45.806,0.1096
2606,10/1/18 1:00,45.307,0.1091
2607,10/1/18 2:00,44.946,0.1091
2608,10/1/18 3:00,44.627,0.1091
2609,10/1/18 4:00,44.218,0.108
2610,10/1/18 5:00,43.945,0.1085
2611,10/1/18 6:00,43.624,0.108
2612,10/1/18 7:00,43.351,0.1085
2613,10/1/18 8:00,43.214,0.108
2614,10/1/18 9:00,43.488,0.1075
2615,10/1/18 10:00,44.719,0.108
2616,10/1/18 11:00,45.579,0.1069
2617,10/1/18 12:00,46.121,0.1069
2618,10/1/18 13:00,46.121,0.1069
2619,10/1/18 14:00,46.346,0.1096
2620,10/1/18 15:00,46.571,0.1101
2621,10/1/18 16:00,46.751,0.1101
2622,10/1/18 17:00,46.616,0.1101
2623,10/1/18 18:00,46.256,0.1101
2624,10/1/18 19:00,45.851,0.1107
2625,10/1/18 20:00,45.354,0.1101
2626,10/1/18 21:00,44.946,0.1107
2627,10/1/18 22:00,44.582,0.1112
2628,10/1/18 23:00,44.263,0.1112
2629,10/2/18 0:00,43.945,0.1107
2630,10/2/18 1:00,43.579,0.1107
2631,10/2/18 2:00,43.259,0.1107
2632,10/2/18 3:00,42.984,0.1112
2633,10/2/18 4:00,42.8,0.1112
2634,10/2/18 5:00,42.616,0.1112
2635,10/2/18 6:00,42.478,0.1117
2636,10/2/18 7:00,42.294,0.1164
2637,10/2/18 8:00,41.648,0.2824
2638,10/2/18 9:00,40.998,0.3183
2639,10/2/18 10:00,41.369,0.3204
2640,10/2/18 11:00,41.369,0.3235
2641,10/2/18 12:00,42.017,0.3265
2642,10/2/18 13:00,43.03,0.3265
2643,10/2/18 14:00,43.396,0.3649
2644,10/2/18 15:00,43.167,0.3163
2645,10/2/18 16:00,43.306,0.3163
2646,10/2/18 17:00,43.122,0.3219
2647,10/2/18 18:00,43.075,0.3008
2648,10/2/18 19:00,42.8,0.2979
2649,10/2/18 20:00,42.663,0.2853
2650,10/2/18 21:00,42.386,0.2925
2651,10/2/18 22:00,42.386,0.2827
2652,10/2/18 23:00,42.294,0.2763
2653,10/3/18 0:00,42.202,0.277
2654,10/3/18 1:00,41.648,0.3244
2655,10/3/18 2:00,42.109,0.2861
2656,10/3/18 3:00,41.554,0.3286
2657,10/3/18 4:00,41.184,0.3367
2658,10/3/18 5:00,41.23,0.3211
2659,10/3/18 6:00,41.693,0.2914
2660,10/3/18 7:00,41.508,0.2868
2661,10/3/18 8:00,41.23,0.2864
2662,10/3/18 9:00,34.907,0.3348
2663,10/3/18 10:00,35.346,0.3335
2664,10/3/18 11:00,34.907,0.3352
2665,10/3/18 12:00,35.103,0.3357