Plot Title: 20393601_SM_A_A1_ctrl,,,
#,"Date Time, GMT-06:00","Water Content, m³/m³ (LGR S/N: 20393601, SEN S/N: 20399027, LBL: A1_R)","Temp, °F (LGR S/N: 20393601, SEN S/N: 20399269, LBL: A1_R)"
1,6/14/18 11:00,0.1836,51.764
2,6/14/18 12:00,0.1836,54.387
3,6/14/18 13:00,0.184,56.512
4,6/14/18 14:00,0.1849,57.506
5,6/14/18 15:00,0.1866,57.722
6,6/14/18 16:00,0.1872,57.636
7,6/14/18 17:00,0.1898,56.988
8,6/14/18 18:00,0.1958,56.208
9,6/14/18 19:00,0.1972,55.081
10,6/14/18 20:00,0.199,53.776
11,6/14/18 21:00,0.2008,52.686
12,6/14/18 22:00,0.2043,51.633
13,6/14/18 23:00,0.2064,50.621
14,6/15/18 0:00,0.2083,49.649
15,6/15/18 1:00,0.2078,48.717
16,6/15/18 2:00,0.2095,47.826
17,6/15/18 3:00,0.2087,47.064
18,6/15/18 4:00,0.2073,46.436
19,6/15/18 5:00,0.2073,45.806
20,6/15/18 6:00,0.2087,45.217
21,6/15/18 7:00,0.2029,45.082
22,6/15/18 8:00,0.199,46.301
23,6/15/18 9:00,0.1967,48.762
24,6/15/18 10:00,0.2047,51.544
25,6/15/18 11:00,0.199,52.817
26,6/15/18 12:00,0.1917,53.559
27,6/15/18 13:00,0.1904,55.472
28,6/15/18 14:00,0.1881,56.944
29,6/15/18 15:00,0.1985,57.117
30,6/15/18 16:00,0.1908,56.858
31,6/15/18 17:00,0.1926,56.165
32,6/15/18 18:00,0.1976,55.168
33,6/15/18 19:00,0.1985,54.212
34,6/15/18 20:00,0.2056,53.298
35,6/15/18 21:00,0.2035,52.291
36,6/15/18 22:00,0.2026,51.37
37,6/15/18 23:00,0.2026,50.576
38,6/16/18 0:00,0.2035,49.914
39,6/16/18 1:00,0.2038,49.338
40,6/16/18 2:00,0.2043,48.762
41,6/16/18 3:00,0.2038,48.315
42,6/16/18 4:00,0.2043,47.871
43,6/16/18 5:00,0.2052,47.422
44,6/16/18 6:00,0.2064,46.931
45,6/16/18 7:00,0.2056,46.436
46,6/16/18 8:00,0.2029,46.526
47,6/16/18 9:00,0.2008,47.334
48,6/16/18 10:00,0.2008,48.182
49,6/16/18 11:00,0.1985,48.628
50,6/16/18 12:00,0.1985,49.383
51,6/16/18 13:00,0.2047,49.87
52,6/16/18 14:00,0.2208,49.649
53,6/16/18 15:00,0.2153,49.649
54,6/16/18 16:00,0.2122,50.047
55,6/16/18 17:00,0.2078,50.268
56,6/16/18 18:00,0.2122,50.268
57,6/16/18 19:00,0.2148,49.914
58,6/16/18 20:00,0.2143,49.383
59,6/16/18 21:00,0.2241,48.805
60,6/16/18 22:00,0.2262,48.272
61,6/16/18 23:00,0.2245,47.826
62,6/17/18 0:00,0.2257,47.422
63,6/17/18 1:00,0.233,46.616
64,6/17/18 2:00,0.233,46.346
65,6/17/18 3:00,0.2315,46.076
66,6/17/18 4:00,0.233,45.669
67,6/17/18 5:00,0.2351,45.307
68,6/17/18 6:00,0.2355,44.901
69,6/17/18 7:00,0.2355,44.674
70,6/17/18 8:00,0.2347,44.582
71,6/17/18 9:00,0.2414,44.719
72,6/17/18 10:00,0.2374,44.946
73,6/17/18 11:00,0.2318,45.851
74,6/17/18 12:00,0.2274,47.647
75,6/17/18 13:00,0.2208,48.938
76,6/17/18 14:00,0.2169,50.356
77,6/17/18 15:00,0.2153,51.589
78,6/17/18 16:00,0.2277,51.678
79,6/17/18 17:00,0.2475,50.752
80,6/17/18 18:00,0.2452,50.092
81,6/17/18 19:00,0.241,49.87
82,6/17/18 20:00,0.2406,49.561
83,6/17/18 21:00,0.2403,49.073
84,6/17/18 22:00,0.2403,48.45
85,6/17/18 23:00,0.2403,47.914
86,6/18/18 0:00,0.2434,47.422
87,6/18/18 1:00,0.2418,46.931
88,6/18/18 2:00,0.241,46.391
89,6/18/18 3:00,0.2406,45.896
90,6/18/18 4:00,0.2394,45.354
91,6/18/18 5:00,0.2399,44.856
92,6/18/18 6:00,0.2399,44.4
93,6/18/18 7:00,0.239,44.082
94,6/18/18 8:00,0.2374,44.127
95,6/18/18 9:00,0.2323,44.809
96,6/18/18 10:00,0.2266,46.256
97,6/18/18 11:00,0.2262,47.826
98,6/18/18 12:00,0.2254,48.538
99,6/18/18 13:00,0.2211,49.737
100,6/18/18 14:00,0.2195,51.325
101,6/18/18 15:00,0.2195,52.423
102,6/18/18 16:00,0.2198,52.686
103,6/18/18 17:00,0.2195,52.203
104,6/18/18 18:00,0.2274,51.37
105,6/18/18 19:00,0.2254,50.4
106,6/18/18 20:00,0.2249,49.516
107,6/18/18 21:00,0.2266,48.583
108,6/18/18 22:00,0.2249,47.647
109,6/18/18 23:00,0.2355,46.751
110,6/19/18 0:00,0.2269,45.941
111,6/19/18 1:00,0.2254,45.217
112,6/19/18 2:00,0.2257,44.492
113,6/19/18 3:00,0.2306,43.853
114,6/19/18 4:00,0.2291,43.306
115,6/19/18 5:00,0.2367,42.755
116,6/19/18 6:00,0.2351,42.341
117,6/19/18 7:00,0.2344,42.341
118,6/19/18 8:00,0.2323,43.671
119,6/19/18 9:00,0.2182,45.986
120,6/19/18 10:00,0.2148,48.805
121,6/19/18 11:00,0.2254,51.809
122,6/19/18 12:00,0.2148,54.3
123,6/19/18 13:00,0.2083,56.035
124,6/19/18 14:00,0.2078,57.074
125,6/19/18 15:00,0.2052,57.204
126,6/19/18 16:00,0.2078,56.642
127,6/19/18 17:00,0.207,55.602
128,6/19/18 18:00,0.2117,54.387
129,6/19/18 19:00,0.2109,53.078
130,6/19/18 20:00,0.2134,51.852
131,6/19/18 21:00,0.2148,50.664
132,6/19/18 22:00,0.2161,49.516
133,6/19/18 23:00,0.2185,48.45
134,6/20/18 0:00,0.219,47.467
135,6/20/18 1:00,0.2195,46.616
136,6/20/18 2:00,0.2208,45.806
137,6/20/18 3:00,0.2211,45.082
138,6/20/18 4:00,0.2224,44.4
139,6/20/18 5:00,0.2237,43.716
140,6/20/18 6:00,0.2241,43.075
141,6/20/18 7:00,0.2174,43.03
142,6/20/18 8:00,0.2169,44.4
143,6/20/18 9:00,0.2117,46.706
144,6/20/18 10:00,0.2056,49.692
145,6/20/18 11:00,0.2064,52.817
146,6/20/18 12:00,0.2038,55.472
147,6/20/18 13:00,0.2035,57.463
148,6/20/18 14:00,0.2012,58.582
149,6/20/18 15:00,0.1963,58.798
150,6/20/18 16:00,0.1976,58.239
151,6/20/18 17:00,0.2008,57.204
152,6/20/18 18:00,0.2029,55.992
153,6/20/18 19:00,0.2064,54.82
154,6/20/18 20:00,0.2078,53.645
155,6/20/18 21:00,0.2104,52.509
156,6/20/18 22:00,0.2117,51.37
157,6/20/18 23:00,0.2131,50.268
158,6/21/18 0:00,0.2139,49.338
159,6/21/18 1:00,0.2148,48.45
160,6/21/18 2:00,0.2148,47.647
161,6/21/18 3:00,0.2148,46.931
162,6/21/18 4:00,0.2153,46.301
163,6/21/18 5:00,0.2164,45.624
164,6/21/18 6:00,0.2164,44.901
165,6/21/18 7:00,0.21,44.856
166,6/21/18 8:00,0.2056,46.031
167,6/21/18 9:00,0.2017,48.493
168,6/21/18 10:00,0.1985,51.589
169,6/21/18 11:00,0.1981,54.909
170,6/21/18 12:00,0.1948,57.722
171,6/21/18 13:00,0.1981,59.529
172,6/21/18 14:00,0.1935,60.39
173,6/21/18 15:00,0.1923,60.474
174,6/21/18 16:00,0.1898,59.788
175,6/21/18 17:00,0.1898,58.712
176,6/21/18 18:00,0.1926,57.549
177,6/21/18 19:00,0.1954,56.34
178,6/21/18 20:00,0.199,55.168
179,6/21/18 21:00,0.1999,53.994
180,6/21/18 22:00,0.2012,52.903
181,6/21/18 23:00,0.202,51.984
182,6/22/18 0:00,0.2017,51.282
183,6/22/18 1:00,0.202,50.664
184,6/22/18 2:00,0.2029,50.092
185,6/22/18 3:00,0.2026,49.428
186,6/22/18 4:00,0.2029,48.628
187,6/22/18 5:00,0.2029,47.826
188,6/22/18 6:00,0.2035,47.109
189,6/22/18 7:00,0.2017,46.886
190,6/22/18 8:00,0.1981,47.781
191,6/22/18 9:00,0.1967,48.672
192,6/22/18 10:00,0.1963,49.914
193,6/22/18 11:00,0.1917,51.105
194,6/22/18 12:00,0.1908,53.82
195,6/22/18 13:00,0.1923,55.342
196,6/22/18 14:00,0.1948,55.038
197,6/22/18 15:00,0.2008,54.604
198,6/22/18 16:00,0.1923,54.212
199,6/22/18 17:00,0.2064,53.69
200,6/22/18 18:00,0.1945,53.078
201,6/22/18 19:00,0.1935,52.423
202,6/22/18 20:00,0.1958,51.678
203,6/22/18 21:00,0.199,50.709
204,6/22/18 22:00,0.2008,49.649
205,6/22/18 23:00,0.2017,48.672
206,6/23/18 0:00,0.2029,47.781
207,6/23/18 1:00,0.2026,47.019
208,6/23/18 2:00,0.2029,46.346
209,6/23/18 3:00,0.2026,45.669
210,6/23/18 4:00,0.2043,45.082
211,6/23/18 5:00,0.2043,44.445
212,6/23/18 6:00,0.2047,43.808
213,6/23/18 7:00,0.2078,43.808
214,6/23/18 8:00,0.207,45.036
215,6/23/18 9:00,0.2061,47.289
216,6/23/18 10:00,0.1895,50.092
217,6/23/18 11:00,0.1862,52.992
218,6/23/18 12:00,0.182,55.558
219,6/23/18 13:00,0.1803,57.506
220,6/23/18 14:00,0.1769,58.541
221,6/23/18 15:00,0.1769,58.669
222,6/23/18 16:00,0.183,58.109
223,6/23/18 17:00,0.182,57.117
224,6/23/18 18:00,0.1816,56.035
225,6/23/18 19:00,0.1826,54.952
226,6/23/18 20:00,0.184,53.908
227,6/23/18 21:00,0.1853,52.992
228,6/23/18 22:00,0.1872,52.115
229,6/23/18 23:00,0.1891,51.325
230,6/24/18 0:00,0.1885,50.621
231,6/24/18 1:00,0.1898,50.002
232,6/24/18 2:00,0.1898,49.428
233,6/24/18 3:00,0.1904,48.895
234,6/24/18 4:00,0.1898,48.315
235,6/24/18 5:00,0.1908,47.736
236,6/24/18 6:00,0.1935,47.244
237,6/24/18 7:00,0.1926,46.974
238,6/24/18 8:00,0.1917,47.736
239,6/24/18 9:00,0.182,49.737
240,6/24/18 10:00,0.1807,52.291
241,6/24/18 11:00,0.1775,54.387
242,6/24/18 12:00,0.182,55.125
243,6/24/18 13:00,0.1803,54.865
244,6/24/18 14:00,0.1793,54.561
245,6/24/18 15:00,0.1242,54.43
246,6/24/18 16:00,0.1237,54.169
247,6/24/18 17:00,0.1237,53.427
248,6/24/18 18:00,0.1256,52.597
249,6/24/18 19:00,0.1276,51.678
250,6/24/18 20:00,0.129,50.709
251,6/24/18 21:00,0.1312,49.782
252,6/24/18 22:00,0.1331,48.85
253,6/24/18 23:00,0.1347,47.959
254,6/25/18 0:00,0.1361,47.109
255,6/25/18 1:00,0.1382,46.346
256,6/25/18 2:00,0.1391,45.669
257,6/25/18 3:00,0.1412,45.036
258,6/25/18 4:00,0.1412,44.492
259,6/25/18 5:00,0.1421,43.99
260,6/25/18 6:00,0.1425,43.579
261,6/25/18 7:00,0.1382,43.579
262,6/25/18 8:00,0.1347,44.856
263,6/25/18 9:00,0.1312,47.244
264,6/25/18 10:00,0.1224,50.18
265,6/25/18 11:00,0.1214,53.253
266,6/25/18 12:00,0.1189,55.733
267,6/25/18 13:00,0.1159,57.333
268,6/25/18 14:00,0.1169,58.152
269,6/25/18 15:00,0.1117,58.195
270,6/25/18 16:00,0.1179,57.636
271,6/25/18 17:00,0.108,56.728
272,6/25/18 18:00,0.1064,55.69
273,6/25/18 19:00,0.1096,54.604
274,6/25/18 20:00,0.1117,53.515
275,6/25/18 21:00,0.143,52.378
276,6/25/18 22:00,0.1302,51.282
277,6/25/18 23:00,0.1128,50.268
278,6/26/18 0:00,0.1138,49.338
279,6/26/18 1:00,0.1143,48.538
280,6/26/18 2:00,0.1143,47.826
281,6/26/18 3:00,0.1148,47.109
282,6/26/18 4:00,0.1164,46.481
283,6/26/18 5:00,0.1159,45.896
284,6/26/18 6:00,0.1174,45.354
285,6/26/18 7:00,0.1184,45.444
286,6/26/18 8:00,0.1159,46.886
287,6/26/18 9:00,0.1321,49.338
288,6/26/18 10:00,0.1179,52.378
289,6/26/18 11:00,0.1112,55.515
290,6/26/18 12:00,0.1075,58.066
291,6/26/18 13:00,0.1031,59.83
292,6/26/18 14:00,0.1003,60.818
293,6/26/18 15:00,0.0992,60.818
294,6/26/18 16:00,0.0981,60.217
295,6/26/18 17:00,0.0943,59.272
296,6/26/18 18:00,0.0932,58.195
297,6/26/18 19:00,0.092,57.074
298,6/26/18 20:00,0.0926,55.992
299,6/26/18 21:00,0.0986,54.952
300,6/26/18 22:00,0.0961,53.865
301,6/26/18 23:00,0.0926,52.903
302,6/27/18 0:00,0.0926,51.984
303,6/27/18 1:00,0.0926,51.062
304,6/27/18 2:00,0.0926,50.223
305,6/27/18 3:00,0.0943,49.471
306,6/27/18 4:00,0.0937,48.762
307,6/27/18 5:00,0.0943,48.137
308,6/27/18 6:00,0.0949,47.512
309,6/27/18 7:00,0.1133,47.512
310,6/27/18 8:00,0.0963,48.805
311,6/27/18 9:00,0.1199,51.062
312,6/27/18 10:00,0.1164,53.908
313,6/27/18 11:00,0.092,56.815
314,6/27/18 12:00,0.1075,59.185
315,6/27/18 13:00,0.0857,60.948
316,6/27/18 14:00,0.0835,61.848
317,6/27/18 15:00,0.0822,61.848
318,6/27/18 16:00,0.081,61.248
319,6/27/18 17:00,0.0768,60.303
320,6/27/18 18:00,0.0738,59.272
321,6/27/18 19:00,0.0708,58.152
322,6/27/18 20:00,0.0732,57.074
323,6/27/18 21:00,0.0738,55.992
324,6/27/18 22:00,0.0722,54.909
325,6/27/18 23:00,0.0745,53.865
326,6/28/18 0:00,0.0745,52.947
327,6/28/18 1:00,0.0829,52.072
328,6/28/18 2:00,0.0794,51.282
329,6/28/18 3:00,0.0768,50.576
330,6/28/18 4:00,0.0794,49.914
331,6/28/18 5:00,0.0725,49.249
332,6/28/18 6:00,0.0722,48.628
333,6/28/18 7:00,0.0787,48.538
334,6/28/18 8:00,0.102,49.782
335,6/28/18 9:00,0.0787,51.895
336,6/28/18 10:00,0.0762,54.561
337,6/28/18 11:00,0.0725,57.376
338,6/28/18 12:00,0.0678,59.616
339,6/28/18 13:00,0.0664,61.205
340,6/28/18 14:00,0.0653,62.019
341,6/28/18 15:00,0.0632,61.977
342,6/28/18 16:00,0.0632,61.333
343,6/28/18 17:00,0.057,60.517
344,6/28/18 18:00,0.0521,59.659
345,6/28/18 19:00,0.049,58.798
346,6/28/18 20:00,0.0474,57.85
347,6/28/18 21:00,0.0454,56.772
348,6/28/18 22:00,0.0454,55.69
349,6/28/18 23:00,0.0446,54.648
350,6/29/18 0:00,0.0442,53.776
351,6/29/18 1:00,0.0425,52.86
352,6/29/18 2:00,0.0413,51.895
353,6/29/18 3:00,0.0421,50.929
354,6/29/18 4:00,0.0421,50.047
355,6/29/18 5:00,0.0425,49.294
356,6/29/18 6:00,0.0425,48.628
357,6/29/18 7:00,0.0528,48.493
358,6/29/18 8:00,0.0517,49.604
359,6/29/18 9:00,0.0528,51.589
360,6/29/18 10:00,0.0528,54.037
361,6/29/18 11:00,0.0501,56.988
362,6/29/18 12:00,0.0482,59.529
363,6/29/18 13:00,0.0482,61.205
364,6/29/18 14:00,0.047,61.848
365,6/29/18 15:00,0.0762,61.547
366,6/29/18 16:00,0.0421,60.69
367,6/29/18 17:00,0.0354,59.572
368,6/29/18 18:00,0.0297,58.368
369,6/29/18 19:00,0.0261,57.16
370,6/29/18 20:00,0.0252,56.035
371,6/29/18 21:00,0.0224,54.952
372,6/29/18 22:00,0.0214,53.82
373,6/29/18 23:00,0.0214,52.772
374,6/30/18 0:00,0.0205,51.809
375,6/30/18 1:00,0.0224,50.886
376,6/30/18 2:00,0.0214,50.002
377,6/30/18 3:00,0.0214,49.161
378,6/30/18 4:00,0.0224,48.405
379,6/30/18 5:00,0.0224,47.781
380,6/30/18 6:00,0.0228,47.199
381,6/30/18 7:00,0.0328,47.199
382,6/30/18 8:00,0.0384,48.45
383,6/30/18 9:00,0.0371,50.533
384,6/30/18 10:00,0.0375,53.209
385,6/30/18 11:00,0.0363,56.079
386,6/30/18 12:00,0.0341,58.755
387,6/30/18 13:00,0.0794,60.517
388,6/30/18 14:00,0.0787,61.119
389,6/30/18 15:00,0.0781,60.775
390,6/30/18 16:00,0.0781,59.959
391,6/30/18 17:00,0.0781,58.971
392,6/30/18 18:00,0.0794,57.893
393,6/30/18 19:00,0.081,56.685
394,6/30/18 20:00,0.0816,55.558
395,6/30/18 21:00,0.0822,54.43
396,6/30/18 22:00,0.0835,53.298
397,6/30/18 23:00,0.0844,52.246
398,7/1/18 0:00,0.085,51.282
399,7/1/18 1:00,0.0863,50.356
400,7/1/18 2:00,0.0863,49.561
401,7/1/18 3:00,0.0875,48.762
402,7/1/18 4:00,0.0863,48.137
403,7/1/18 5:00,0.0835,47.557
404,7/1/18 6:00,0.0869,47.019
405,7/1/18 7:00,0.0835,47.064
406,7/1/18 8:00,0.0794,48.36
407,7/1/18 9:00,0.0762,50.797
408,7/1/18 10:00,0.0738,53.733
409,7/1/18 11:00,0.0715,56.642
410,7/1/18 12:00,0.0702,59.401
411,7/1/18 13:00,0.0684,61.376
412,7/1/18 14:00,0.0678,61.977
413,7/1/18 15:00,0.0664,61.72
414,7/1/18 16:00,0.0646,60.818
415,7/1/18 17:00,0.0632,59.616
416,7/1/18 18:00,0.0639,58.368
417,7/1/18 19:00,0.066,57.117
418,7/1/18 20:00,0.0664,55.906
419,7/1/18 21:00,0.066,54.691
420,7/1/18 22:00,0.0664,53.427
421,7/1/18 23:00,0.0671,52.203
422,7/2/18 0:00,0.0678,51.105
423,7/2/18 1:00,0.0678,50.18
424,7/2/18 2:00,0.0684,49.338
425,7/2/18 3:00,0.0684,48.493
426,7/2/18 4:00,0.0691,47.781
427,7/2/18 5:00,0.0691,47.064
428,7/2/18 6:00,0.0684,46.391
429,7/2/18 7:00,0.0678,46.346
430,7/2/18 8:00,0.0653,47.691
431,7/2/18 9:00,0.0639,50.092
432,7/2/18 10:00,0.0614,53.166
433,7/2/18 11:00,0.0599,56.599
434,7/2/18 12:00,0.0581,59.486
435,7/2/18 13:00,0.0562,61.506
436,7/2/18 14:00,0.0562,62.233
437,7/2/18 15:00,0.0547,61.934
438,7/2/18 16:00,0.0528,60.991
439,7/2/18 17:00,0.0501,59.788
440,7/2/18 18:00,0.0501,58.498
441,7/2/18 19:00,0.0509,57.247
442,7/2/18 20:00,0.0509,55.992
443,7/2/18 21:00,0.0501,54.777
444,7/2/18 22:00,0.0509,53.645
445,7/2/18 23:00,0.0501,52.641
446,7/3/18 0:00,0.0509,51.633
447,7/3/18 1:00,0.0509,50.709
448,7/3/18 2:00,0.0517,49.87
449,7/3/18 3:00,0.0509,49.116
450,7/3/18 4:00,0.0509,48.45
451,7/3/18 5:00,0.0509,47.871
452,7/3/18 6:00,0.0509,47.334
453,7/3/18 7:00,0.0528,47.422
454,7/3/18 8:00,0.0517,48.805
455,7/3/18 9:00,0.0501,51.105
456,7/3/18 10:00,0.0501,53.951
457,7/3/18 11:00,0.0482,57.074
458,7/3/18 12:00,0.0474,59.788
459,7/3/18 13:00,0.0462,61.205
460,7/3/18 14:00,0.0454,61.804
461,7/3/18 15:00,0.0446,61.761
462,7/3/18 16:00,0.0405,61.205
463,7/3/18 17:00,0.0413,60.26
464,7/3/18 18:00,0.0405,59.229
465,7/3/18 19:00,0.0401,58.325
466,7/3/18 20:00,0.0384,57.376
467,7/3/18 21:00,0.0392,56.383
468,7/3/18 22:00,0.0392,55.386
469,7/3/18 23:00,0.0384,54.43
470,7/4/18 0:00,0.0375,53.384
471,7/4/18 1:00,0.0375,52.423
472,7/4/18 2:00,0.0384,51.544
473,7/4/18 3:00,0.0384,50.752
474,7/4/18 4:00,0.0384,49.959
475,7/4/18 5:00,0.0384,49.294
476,7/4/18 6:00,0.0384,48.672
477,7/4/18 7:00,0.0405,48.628
478,7/4/18 8:00,0.0421,49.914
479,7/4/18 9:00,0.0405,52.335
480,7/4/18 10:00,0.0425,55.256
481,7/4/18 11:00,0.0413,58.498
482,7/4/18 12:00,0.0384,61.032
483,7/4/18 13:00,0.0371,62.406
484,7/4/18 14:00,0.035,63.048
485,7/4/18 15:00,0.0375,63.133
486,7/4/18 16:00,0.0371,62.447
487,7/4/18 17:00,0.0328,61.506
488,7/4/18 18:00,0.031,60.647
489,7/4/18 19:00,0.0306,59.745
490,7/4/18 20:00,0.0306,58.541
491,7/4/18 21:00,0.0306,57.247
492,7/4/18 22:00,0.0297,56.035
493,7/4/18 23:00,0.0306,54.952
494,7/5/18 0:00,0.0306,54.082
495,7/5/18 1:00,0.0297,53.384
496,7/5/18 2:00,0.0297,52.641
497,7/5/18 3:00,0.0297,51.852
498,7/5/18 4:00,0.0297,51.148
499,7/5/18 5:00,0.0297,50.488
500,7/5/18 6:00,0.0306,49.959
501,7/5/18 7:00,0.0319,49.782
502,7/5/18 8:00,0.0332,50.752
503,7/5/18 9:00,0.0341,52.947
504,7/5/18 10:00,0.035,55.949
505,7/5/18 11:00,0.0341,59.401
506,7/5/18 12:00,0.0283,61.205
507,7/5/18 13:00,0.0297,60.775
508,7/5/18 14:00,0.0332,60.991
509,7/5/18 15:00,0.0274,60.775
510,7/5/18 16:00,0.027,59.916
511,7/5/18 17:00,0.0283,59.014
512,7/5/18 18:00,0.027,58.368
513,7/5/18 19:00,0.0274,57.807
514,7/5/18 20:00,0.0261,57.117
515,7/5/18 21:00,0.0261,56.251
516,7/5/18 22:00,0.0261,55.299
517,7/5/18 23:00,0.0252,54.387
518,7/6/18 0:00,0.0252,53.472
519,7/6/18 1:00,0.0252,52.597
520,7/6/18 2:00,0.0252,51.852
521,7/6/18 3:00,0.0252,51.237
522,7/6/18 4:00,0.0252,50.576
523,7/6/18 5:00,0.0252,49.914
524,7/6/18 6:00,0.0252,49.338
525,7/6/18 7:00,0.0297,49.383
526,7/6/18 8:00,0.0306,50.797
527,7/6/18 9:00,0.0319,53.341
528,7/6/18 10:00,0.0319,56.599
529,7/6/18 11:00,0.0328,60.174
530,7/6/18 12:00,0.0288,62.661
531,7/6/18 13:00,0.0328,64.503
532,7/6/18 14:00,0.0288,64.974
533,7/6/18 15:00,0.0283,64.803
534,7/6/18 16:00,0.0288,64.117
535,7/6/18 17:00,0.0252,63.133
536,7/6/18 18:00,0.0238,62.191
537,7/6/18 19:00,0.0228,61.075
538,7/6/18 20:00,-0.0047,60.003
539,7/6/18 21:00,0.019,58.798
540,7/6/18 22:00,0.019,57.506
541,7/6/18 23:00,0.019,56.34
542,7/7/18 0:00,0.019,55.256
543,7/7/18 1:00,0.019,54.3
544,7/7/18 2:00,0.0147,53.384
545,7/7/18 3:00,0.019,52.597
546,7/7/18 4:00,0.019,51.895
547,7/7/18 5:00,0.019,51.193
548,7/7/18 6:00,0.019,50.533
549,7/7/18 7:00,0.0238,50.4
550,7/7/18 8:00,0.0252,51.544
551,7/7/18 9:00,0.027,53.865
552,7/7/18 10:00,0.0283,57.204
553,7/7/18 11:00,0.0274,60.604
554,7/7/18 12:00,0.027,62.834
555,7/7/18 13:00,0.0283,64.717
556,7/7/18 14:00,0.0107,65.23
557,7/7/18 15:00,0.0152,64.803
558,7/7/18 16:00,-0.0008,64.117
559,7/7/18 17:00,-0.0036,62.834
560,7/7/18 18:00,0.0186,61.29
561,7/7/18 19:00,0.049,59.659
562,7/7/18 20:00,0.0607,58.152
563,7/7/18 21:00,0.047,57.074
564,7/7/18 22:00,0.0474,56.079
565,7/7/18 23:00,0.0555,55.081
566,7/8/18 0:00,0.0544,54.082
567,7/8/18 1:00,0.0434,53.121
568,7/8/18 2:00,0.0442,52.335
569,7/8/18 3:00,0.0446,51.589
570,7/8/18 4:00,0.0332,50.841
571,7/8/18 5:00,0.0401,50.18
572,7/8/18 6:00,0.0392,49.604
573,7/8/18 7:00,0.0664,49.471
574,7/8/18 8:00,0.0482,50.797
575,7/8/18 9:00,0.0614,53.253
576,7/8/18 10:00,0.0607,56.34
577,7/8/18 11:00,0.0599,59.916
578,7/8/18 12:00,0.0599,62.962
579,7/8/18 13:00,0.0442,64.288
580,7/8/18 14:00,0.049,64.931
581,7/8/18 15:00,0.0596,64.717
582,7/8/18 16:00,0.0536,63.09
583,7/8/18 17:00,0.0762,60.861
584,7/8/18 18:00,0.0887,58.842
585,7/8/18 19:00,0.0875,57.592
586,7/8/18 20:00,0.0875,56.815
587,7/8/18 21:00,0.0863,56.035
588,7/8/18 22:00,0.0844,55.213
589,7/8/18 23:00,0.0893,54.473
590,7/9/18 0:00,0.0835,53.733
591,7/9/18 1:00,0.0835,53.078
592,7/9/18 2:00,0.0844,52.509
593,7/9/18 3:00,0.0887,51.809
594,7/9/18 4:00,0.0896,51.062
595,7/9/18 5:00,0.0829,50.311
596,7/9/18 6:00,0.085,49.561
597,7/9/18 7:00,0.0943,49.204
598,7/9/18 8:00,0.0725,50.223
599,7/9/18 9:00,0.0732,52.466
600,7/9/18 10:00,0.0829,55.515
601,7/9/18 11:00,0.0715,58.971
602,7/9/18 12:00,0.0787,62.062
603,7/9/18 13:00,0.0732,64.204
604,7/9/18 14:00,0.0732,65.059
605,7/9/18 15:00,0.0691,65.017
606,7/9/18 16:00,0.0715,64.332
607,7/9/18 17:00,0.0708,63.39
608,7/9/18 18:00,0.0732,62.406
609,7/9/18 19:00,0.0738,61.248
610,7/9/18 20:00,0.0781,60.26
611,7/9/18 21:00,0.0762,59.229
612,7/9/18 22:00,0.0738,58.109
613,7/9/18 23:00,0.0841,56.988
614,7/10/18 0:00,0.0841,55.949
615,7/10/18 1:00,0.085,54.995
616,7/10/18 2:00,0.0639,54.126
617,7/10/18 3:00,0.066,53.384
618,7/10/18 4:00,0.0745,52.641
619,7/10/18 5:00,0.0738,51.895
620,7/10/18 6:00,0.0702,51.237
621,7/10/18 7:00,0.0678,51.017
622,7/10/18 8:00,0.0574,52.029
623,7/10/18 9:00,0.066,54.255
624,7/10/18 10:00,0.0653,57.247
625,7/10/18 11:00,0.0671,60.517
626,7/10/18 12:00,0.0614,63.133
627,7/10/18 13:00,0.0639,64.974
628,7/10/18 14:00,0.0599,65.745
629,7/10/18 15:00,0.0581,65.017
630,7/10/18 16:00,0.0653,63.433
631,7/10/18 17:00,0.0702,61.633
632,7/10/18 18:00,0.0684,60.346
633,7/10/18 19:00,0.0803,59.315
634,7/10/18 20:00,0.0787,58.455
635,7/10/18 21:00,0.085,57.592
636,7/10/18 22:00,0.0841,56.642
637,7/10/18 23:00,0.0781,55.602
638,7/11/18 0:00,0.0887,54.648
639,7/11/18 1:00,0.0937,53.733
640,7/11/18 2:00,0.0863,52.86
641,7/11/18 3:00,0.0875,52.072
642,7/11/18 4:00,0.0863,51.325
643,7/11/18 5:00,0.0841,50.621
644,7/11/18 6:00,0.0841,49.914
645,7/11/18 7:00,0.0857,49.604
646,7/11/18 8:00,0.0781,50.621
647,7/11/18 9:00,0.0725,52.903
648,7/11/18 10:00,0.0695,56.035
649,7/11/18 11:00,0.0653,59.445
650,7/11/18 12:00,0.0715,60.861
651,7/11/18 13:00,0.0678,61.032
652,7/11/18 14:00,0.0646,61.075
653,7/11/18 15:00,0.0702,60.089
654,7/11/18 16:00,0.0628,58.971
655,7/11/18 17:00,0.0621,58.152
656,7/11/18 18:00,0.0574,57.247
657,7/11/18 19:00,0.0607,56.34
658,7/11/18 20:00,0.0758,55.386
659,7/11/18 21:00,0.0758,54.516
660,7/11/18 22:00,0.0632,53.82
661,7/11/18 23:00,0.0768,53.121
662,7/12/18 0:00,0.0768,52.466
663,7/12/18 1:00,0.0614,51.895
664,7/12/18 2:00,0.0678,51.37
665,7/12/18 3:00,0.0678,50.974
666,7/12/18 4:00,0.0762,50.621
667,7/12/18 5:00,0.0762,50.223
668,7/12/18 6:00,0.0768,49.737
669,7/12/18 7:00,0.0588,49.471
670,7/12/18 8:00,0.0664,50.092
671,7/12/18 9:00,0.0482,51.984
672,7/12/18 10:00,0.0599,54.037
673,7/12/18 11:00,0.0596,55.256
674,7/12/18 12:00,0.0421,56.642
675,7/12/18 13:00,0.0413,58.798
676,7/12/18 14:00,0.0588,59.529
677,7/12/18 15:00,0.0555,59.229
678,7/12/18 16:00,0.0528,58.928
679,7/12/18 17:00,0.0555,58.755
680,7/12/18 18:00,0.0509,58.368
681,7/12/18 19:00,0.0501,57.765
682,7/12/18 20:00,0.066,56.944
683,7/12/18 21:00,0.1209,55.69
684,7/12/18 22:00,0.1036,54.777
685,7/12/18 23:00,0.1009,53.994
686,7/13/18 0:00,0.0992,53.253
687,7/13/18 1:00,0.0986,52.509
688,7/13/18 2:00,0.0998,51.764
689,7/13/18 3:00,0.1003,51.105
690,7/13/18 4:00,0.0998,50.576
691,7/13/18 5:00,0.1003,50.047
692,7/13/18 6:00,0.1003,49.428
693,7/13/18 7:00,0.0975,49.116
694,7/13/18 8:00,0.0932,50.18
695,7/13/18 9:00,0.0969,52.641
696,7/13/18 10:00,0.0844,55.647
697,7/13/18 11:00,0.0949,57.636
698,7/13/18 12:00,0.0893,59.014
699,7/13/18 13:00,0.0841,59.702
700,7/13/18 14:00,0.0908,59.916
701,7/13/18 15:00,0.0914,59.659
702,7/13/18 16:00,0.0803,59.315
703,7/13/18 17:00,0.0857,59.229
704,7/13/18 18:00,0.0896,59.014
705,7/13/18 19:00,0.085,58.455
706,7/13/18 20:00,0.0794,57.807
707,7/13/18 21:00,0.0745,57.117
708,7/13/18 22:00,0.0738,56.34
709,7/13/18 23:00,0.0725,55.558
710,7/14/18 0:00,0.0722,54.734
711,7/14/18 1:00,0.0722,53.951
712,7/14/18 2:00,0.0722,53.166
713,7/14/18 3:00,0.0725,52.466
714,7/14/18 4:00,0.0732,51.895
715,7/14/18 5:00,0.0738,51.282
716,7/14/18 6:00,0.0752,50.621
717,7/14/18 7:00,0.0752,50.223
718,7/14/18 8:00,0.0732,51.062
719,7/14/18 9:00,0.0835,53.341
720,7/14/18 10:00,0.081,56.512
721,7/14/18 11:00,0.0797,60.003
722,7/14/18 12:00,0.0695,62.447
723,7/14/18 13:00,0.0671,63.903
724,7/14/18 14:00,0.066,64.674
725,7/14/18 15:00,0.0646,64.717
726,7/14/18 16:00,0.0596,64.161
727,7/14/18 17:00,0.0581,63.219
728,7/14/18 18:00,0.0562,62.362
729,7/14/18 19:00,0.0517,61.462
730,7/14/18 20:00,0.0501,60.433
731,7/14/18 21:00,0.0494,59.445
732,7/14/18 22:00,0.0454,58.455
733,7/14/18 23:00,0.0454,57.549
734,7/15/18 0:00,0.0462,56.772
735,7/15/18 1:00,0.0454,56.035
736,7/15/18 2:00,0.047,55.429
737,7/15/18 3:00,0.047,54.865
738,7/15/18 4:00,0.0462,54.343
739,7/15/18 5:00,0.0454,53.865
740,7/15/18 6:00,0.0462,53.427
741,7/15/18 7:00,0.049,53.035
742,7/15/18 8:00,0.0482,52.86
743,7/15/18 9:00,0.0462,52.86
744,7/15/18 10:00,0.0446,53.035
745,7/15/18 11:00,0.0442,53.166
746,7/15/18 12:00,0.0462,53.472
747,7/15/18 13:00,0.0474,54.212
748,7/15/18 14:00,0.047,55.386
749,7/15/18 15:00,0.0425,56.642
750,7/15/18 16:00,0.0405,57.376
751,7/15/18 17:00,0.0787,57.074
752,7/15/18 18:00,0.092,55.992
753,7/15/18 19:00,0.0943,55.256
754,7/15/18 20:00,0.0926,54.691
755,7/15/18 21:00,0.0887,54.169
756,7/15/18 22:00,0.0875,53.472
757,7/15/18 23:00,0.0887,52.772
758,7/16/18 0:00,0.0887,52.115
759,7/16/18 1:00,0.0896,51.458
760,7/16/18 2:00,0.0896,50.929
761,7/16/18 3:00,0.0914,50.4
762,7/16/18 4:00,0.0893,49.782
763,7/16/18 5:00,0.0893,49.161
764,7/16/18 6:00,0.0893,48.628
765,7/16/18 7:00,0.0887,48.36
766,7/16/18 8:00,0.0841,49.471
767,7/16/18 9:00,0.0803,51.764
768,7/16/18 10:00,0.0762,54.82
769,7/16/18 11:00,0.0715,58.152
770,7/16/18 12:00,0.0691,59.916
771,7/16/18 13:00,0.0775,60.174
772,7/16/18 14:00,0.0684,61.032
773,7/16/18 15:00,0.0691,61.59
774,7/16/18 16:00,0.0646,61.506
775,7/16/18 17:00,0.0639,61.075
776,7/16/18 18:00,0.0621,60.604
777,7/16/18 19:00,0.1014,59.401
778,7/16/18 20:00,0.0998,58.239
779,7/16/18 21:00,0.1031,57.247
780,7/16/18 22:00,0.1053,56.208
781,7/16/18 23:00,0.1064,55.256
782,7/17/18 0:00,0.1064,54.387
783,7/17/18 1:00,0.1069,53.69
784,7/17/18 2:00,0.1075,53.035
785,7/17/18 3:00,0.1075,52.423
786,7/17/18 4:00,0.1069,51.895
787,7/17/18 5:00,0.1075,51.37
788,7/17/18 6:00,0.108,50.841
789,7/17/18 7:00,0.1064,50.356
790,7/17/18 8:00,0.1009,50.533
791,7/17/18 9:00,0.0949,52.291
792,7/17/18 10:00,0.0932,54.516
793,7/17/18 11:00,0.0887,57.636
794,7/17/18 12:00,0.0863,60.861
795,7/17/18 13:00,0.0835,62.791
796,7/17/18 14:00,0.081,63.732
797,7/17/18 15:00,0.0787,63.518
798,7/17/18 16:00,0.0762,62.962
799,7/17/18 17:00,0.0732,62.233
800,7/17/18 18:00,0.0775,61.333
801,7/17/18 19:00,0.0775,60.26
802,7/17/18 20:00,0.0768,59.272
803,7/17/18 21:00,0.0762,58.152
804,7/17/18 22:00,0.0758,57.031
805,7/17/18 23:00,0.0768,55.906
806,7/18/18 0:00,0.0775,54.82
807,7/18/18 1:00,0.0768,53.865
808,7/18/18 2:00,0.0762,52.992
809,7/18/18 3:00,0.0762,52.203
810,7/18/18 4:00,0.0762,51.501
811,7/18/18 5:00,0.0768,50.841
812,7/18/18 6:00,0.0762,50.311
813,7/18/18 7:00,0.0781,49.959
814,7/18/18 8:00,0.0752,50.709
815,7/18/18 9:00,0.0725,52.423
816,7/18/18 10:00,0.0702,55.038
817,7/18/18 11:00,0.0684,58.239
818,7/18/18 12:00,0.0653,61.162
819,7/18/18 13:00,0.0621,63.048
820,7/18/18 14:00,0.0599,63.518
821,7/18/18 15:00,0.0581,63.262
822,7/18/18 16:00,0.0574,62.791
823,7/18/18 17:00,0.0547,62.148
824,7/18/18 18:00,0.0501,61.462
825,7/18/18 19:00,0.0474,60.69
826,7/18/18 20:00,0.047,59.659
827,7/18/18 21:00,0.0434,58.626
828,7/18/18 22:00,0.0434,57.463
829,7/18/18 23:00,0.0425,56.383
830,7/19/18 0:00,0.0434,55.386
831,7/19/18 1:00,0.0425,54.516
832,7/19/18 2:00,0.0434,53.69
833,7/19/18 3:00,0.0425,52.992
834,7/19/18 4:00,0.0425,52.291
835,7/19/18 5:00,0.0425,51.678
836,7/19/18 6:00,0.0421,51.105
837,7/19/18 7:00,0.0446,50.664
838,7/19/18 8:00,0.0494,51.325
839,7/19/18 9:00,0.0494,53.253
840,7/19/18 10:00,0.047,56.079
841,7/19/18 11:00,0.0434,59.486
842,7/19/18 12:00,0.0405,62.233
843,7/19/18 13:00,0.0375,63.732
844,7/19/18 14:00,0.0341,64.074
845,7/19/18 15:00,0.0363,63.775
846,7/19/18 16:00,0.0306,63.219
847,7/19/18 17:00,0.0283,62.533
848,7/19/18 18:00,0.0228,61.804
849,7/19/18 19:00,0.02,61.032
850,7/19/18 20:00,0.0161,60.089
851,7/19/18 21:00,0.0137,58.928
852,7/19/18 22:00,0.0122,57.807
853,7/19/18 23:00,0.0112,56.728
854,7/20/18 0:00,0.0122,55.776
855,7/20/18 1:00,0.0122,54.952
856,7/20/18 2:00,0.0112,54.3
857,7/20/18 3:00,0.0097,53.602
858,7/20/18 4:00,0.0087,52.947
859,7/20/18 5:00,0.0087,52.291
860,7/20/18 6:00,0.0081,51.764
861,7/20/18 7:00,0.0152,51.544
862,7/20/18 8:00,0.0137,52.335
863,7/20/18 9:00,0.019,53.645
864,7/20/18 10:00,0.0205,55.69
865,7/20/18 11:00,0.0214,58.798
866,7/20/18 12:00,0.0186,60.991
867,7/20/18 13:00,0.02,62.834
868,7/20/18 14:00,0.0112,63.648
869,7/20/18 15:00,0.005,63.518
870,7/20/18 16:00,0.0024,62.791
871,7/20/18 17:00,-0.0036,61.804
872,7/20/18 18:00,-0.0047,60.818
873,7/20/18 19:00,-0.0036,60.132
874,7/20/18 20:00,-0.0069,59.401
875,7/20/18 21:00,-0.0097,58.455
876,7/20/18 22:00,-0.0103,57.333
877,7/20/18 23:00,-0.0103,56.34
878,7/21/18 0:00,-0.0132,55.472
879,7/21/18 1:00,-0.0132,54.604
880,7/21/18 2:00,-0.0132,53.82
881,7/21/18 3:00,-0.012,53.121
882,7/21/18 4:00,-0.0132,52.466
883,7/21/18 5:00,-0.015,51.852
884,7/21/18 6:00,-0.015,51.282
885,7/21/18 7:00,-0.0097,51.062
886,7/21/18 8:00,-0.0008,52.16
887,7/21/18 9:00,0.0013,54.561
888,7/21/18 10:00,0.0029,57.807
889,7/21/18 11:00,0.0013,60.604
890,7/21/18 12:00,0.0071,63.176
891,7/21/18 13:00,0.0066,65.444
892,7/21/18 14:00,0.0071,66.558
893,7/21/18 15:00,-0.0003,66.515
894,7/21/18 16:00,-0.0069,65.916
895,7/21/18 17:00,-0.0097,65.188
896,7/21/18 18:00,-0.0191,64.161
897,7/21/18 19:00,-0.0222,63.048
898,7/21/18 20:00,-0.0228,61.934
899,7/21/18 21:00,-0.0259,60.861
900,7/21/18 22:00,-0.0284,59.745
901,7/21/18 23:00,-0.0303,58.669
902,7/22/18 0:00,-0.0284,57.679
903,7/22/18 1:00,-0.0284,56.901
904,7/22/18 2:00,-0.0278,56.295
905,7/22/18 3:00,-0.0284,55.819
906,7/22/18 4:00,-0.0284,55.342
907,7/22/18 5:00,-0.0329,54.777
908,7/22/18 6:00,-0.0323,54.082
909,7/22/18 7:00,-0.0203,53.733
910,7/22/18 8:00,-0.0167,54.82
911,7/22/18 9:00,-0.008,57.031
912,7/22/18 10:00,-0.0069,60.303
913,7/22/18 11:00,-0.0063,63.903
914,7/22/18 12:00,-0.0047,66.985
915,7/22/18 13:00,-0.0063,68.956
916,7/22/18 14:00,-0.0097,69.471
917,7/22/18 15:00,-0.0069,68.999
918,7/22/18 16:00,-0.012,68.142
919,7/22/18 17:00,-0.024,66.943
920,7/22/18 18:00,-0.0284,65.701
921,7/22/18 19:00,-0.0349,64.674
922,7/22/18 20:00,-0.0362,63.648
923,7/22/18 21:00,-0.0362,62.533
924,7/22/18 22:00,-0.0086,61.419
925,7/22/18 23:00,0.0081,60.089
926,7/23/18 0:00,0.0097,59.014
927,7/23/18 1:00,0.0087,58.023
928,7/23/18 2:00,0.0097,57.204
929,7/23/18 3:00,0.0087,56.426
930,7/23/18 4:00,0.0087,55.602
931,7/23/18 5:00,0.0081,54.777
932,7/23/18 6:00,0.0081,53.994
933,7/23/18 7:00,0.0107,53.645
934,7/23/18 8:00,0.0122,54.604
935,7/23/18 9:00,0.0127,56.772
936,7/23/18 10:00,0.0127,59.873
937,7/23/18 11:00,0.0137,63.347
938,7/23/18 12:00,0.0122,65.788
939,7/23/18 13:00,0.0137,67.372
940,7/23/18 14:00,0.0122,68.099
941,7/23/18 15:00,0.0097,67.757
942,7/23/18 16:00,0.0029,66.814
943,7/23/18 17:00,-0.0019,65.745
944,7/23/18 18:00,-0.0115,64.76
945,7/23/18 19:00,-0.0132,63.775
946,7/23/18 20:00,-0.0167,62.791
947,7/23/18 21:00,-0.0191,61.633
948,7/23/18 22:00,-0.0203,60.517
949,7/23/18 23:00,-0.0222,59.445
950,7/24/18 0:00,-0.024,58.411
951,7/24/18 1:00,-0.024,57.42
952,7/24/18 2:00,-0.0247,56.599
953,7/24/18 3:00,-0.0265,55.863
954,7/24/18 4:00,-0.0265,55.168
955,7/24/18 5:00,-0.0265,54.648
956,7/24/18 6:00,-0.0259,54.169
957,7/24/18 7:00,-0.0222,53.865
958,7/24/18 8:00,-0.015,54.734
959,7/24/18 9:00,-0.008,56.944
960,7/24/18 10:00,0.0224,59.702
961,7/24/18 11:00,-0.0103,61.419
962,7/24/18 12:00,-0.0047,64.033
963,7/24/18 13:00,-0.0103,65.701
964,7/24/18 14:00,-0.0086,66.6
965,7/24/18 15:00,-0.0222,66.429
966,7/24/18 16:00,-0.0247,65.701
967,7/24/18 17:00,-0.0247,64.931
968,7/24/18 18:00,-0.0329,63.946
969,7/24/18 19:00,-0.0349,62.791
970,7/24/18 20:00,-0.0362,61.677
971,7/24/18 21:00,-0.0389,60.561
972,7/24/18 22:00,-0.0382,59.445
973,7/24/18 23:00,-0.0402,58.455
974,7/25/18 0:00,-0.0402,57.636
975,7/25/18 1:00,-0.0402,56.944
976,7/25/18 2:00,-0.043,56.208
977,7/25/18 3:00,-0.0436,55.429
978,7/25/18 4:00,-0.045,54.604
979,7/25/18 5:00,-0.045,53.82
980,7/25/18 6:00,-0.045,53.078
981,7/25/18 7:00,-0.0349,52.772
982,7/25/18 8:00,-0.0342,53.776
983,7/25/18 9:00,-0.0362,54.777
984,7/25/18 10:00,-0.0323,55.472
985,7/25/18 11:00,-0.0191,57.117
986,7/25/18 12:00,-0.0222,59.873
987,7/25/18 13:00,-0.0156,60.991
988,7/25/18 14:00,0.0152,61.848
989,7/25/18 15:00,0.02,62.49
990,7/25/18 16:00,0.0081,62.362
991,7/25/18 17:00,-0.0173,61.59
992,7/25/18 18:00,-0.0228,60.775
993,7/25/18 19:00,-0.0259,59.916
994,7/25/18 20:00,-0.0228,58.885
995,7/25/18 21:00,-0.0097,57.85
996,7/25/18 22:00,-0.0069,56.858
997,7/25/18 23:00,-0.0069,56.122
998,7/26/18 0:00,-0.0222,55.342
999,7/26/18 1:00,-0.0297,54.516
1000,7/26/18 2:00,-0.0303,53.733
1001,7/26/18 3:00,-0.0316,52.992
1002,7/26/18 4:00,-0.0349,52.335
1003,7/26/18 5:00,-0.0342,51.721
1004,7/26/18 6:00,-0.0349,51.193
1005,7/26/18 7:00,-0.0297,51.017
1006,7/26/18 8:00,-0.0036,51.94
1007,7/26/18 9:00,-0.0003,54.169
1008,7/26/18 10:00,0.0087,56.988
1009,7/26/18 11:00,0.0107,59.916
1010,7/26/18 12:00,0.0152,62.577
1011,7/26/18 13:00,-0.0052,63.219
1012,7/26/18 14:00,0.0166,63.648
1013,7/26/18 15:00,0.0137,63.433
1014,7/26/18 16:00,-0.0185,63.005
1015,7/26/18 17:00,-0.021,62.362
1016,7/26/18 18:00,-0.0297,61.376
1017,7/26/18 19:00,-0.0265,60.217
1018,7/26/18 20:00,0.0066,59.056
1019,7/26/18 21:00,0.004,57.765
1020,7/26/18 22:00,-0.0052,56.556
1021,7/26/18 23:00,0.0013,55.472
1022,7/27/18 0:00,-0.0003,54.473
1023,7/27/18 1:00,-0.0103,53.602
1024,7/27/18 2:00,-0.015,52.729
1025,7/27/18 3:00,-0.0156,51.94
1026,7/27/18 4:00,-0.0247,51.237
1027,7/27/18 5:00,-0.0019,50.488
1028,7/27/18 6:00,-0.0019,49.87
1029,7/27/18 7:00,0.004,49.737
1030,7/27/18 8:00,0.004,50.974
1031,7/27/18 9:00,0.0107,53.472
1032,7/27/18 10:00,-0.0132,56.642
1033,7/27/18 11:00,0.0127,60.217
1034,7/27/18 12:00,0.0097,61.075
1035,7/27/18 13:00,0.004,61.761
1036,7/27/18 14:00,0.0024,62.834
1037,7/27/18 15:00,0.0107,63.048
1038,7/27/18 16:00,0.005,62.319
1039,7/27/18 17:00,-0.015,61.075
1040,7/27/18 18:00,-0.012,60.089
1041,7/27/18 19:00,-0.0167,59.014
1042,7/27/18 20:00,-0.0132,57.765
1043,7/27/18 21:00,0.0024,56.685
1044,7/27/18 22:00,-0.0025,55.69
1045,7/27/18 23:00,-0.0167,54.691
1046,7/28/18 0:00,-0.0173,53.69
1047,7/28/18 1:00,-0.0173,52.772
1048,7/28/18 2:00,-0.0191,51.895
1049,7/28/18 3:00,-0.0203,51.105
1050,7/28/18 4:00,-0.0203,50.356
1051,7/28/18 5:00,-0.021,49.692
1052,7/28/18 6:00,-0.021,49.161
1053,7/28/18 7:00,-0.0185,48.85
1054,7/28/18 8:00,-0.0103,49.649
1055,7/28/18 9:00,0.0186,52.029
1056,7/28/18 10:00,0.02,55.213
1057,7/28/18 11:00,0.0186,58.368
1058,7/28/18 12:00,0.0186,60.561
1059,7/28/18 13:00,0.0152,60.089
1060,7/28/18 14:00,0.031,59.745
1061,7/28/18 15:00,0.031,60.089
1062,7/28/18 16:00,-0.0052,59.916
1063,7/28/18 17:00,-0.0138,59.486
1064,7/28/18 18:00,-0.0003,58.755
1065,7/28/18 19:00,-0.0097,56.901
1066,7/28/18 20:00,-0.008,55.602
1067,7/28/18 21:00,-0.0086,54.691
1068,7/28/18 22:00,-0.0086,53.69
1069,7/28/18 23:00,-0.008,52.641
1070,7/29/18 0:00,-0.008,51.721
1071,7/29/18 1:00,-0.0069,50.886
1072,7/29/18 2:00,-0.0086,50.135
1073,7/29/18 3:00,-0.0069,49.338
1074,7/29/18 4:00,-0.008,48.628
1075,7/29/18 5:00,-0.0069,48.004
1076,7/29/18 6:00,-0.008,47.467
1077,7/29/18 7:00,-0.0047,47.109
1078,7/29/18 8:00,-0.0003,47.914
1079,7/29/18 9:00,0.0008,50.356
1080,7/29/18 10:00,0.0087,53.602
1081,7/29/18 11:00,0.0122,57.16
1082,7/29/18 12:00,0.0071,60.217
1083,7/29/18 13:00,0.0056,60.861
1084,7/29/18 14:00,0.0081,60.604
1085,7/29/18 15:00,0.0024,59.959
1086,7/29/18 16:00,-0.0003,59.142
1087,7/29/18 17:00,0.0013,58.282
1088,7/29/18 18:00,-0.0025,57.463
1089,7/29/18 19:00,-0.0036,56.512
1090,7/29/18 20:00,-0.0063,55.647
1091,7/29/18 21:00,-0.008,54.691
1092,7/29/18 22:00,-0.008,53.69
1093,7/29/18 23:00,-0.0086,52.729
1094,7/30/18 0:00,-0.0097,51.852
1095,7/30/18 1:00,-0.0103,51.017
1096,7/30/18 2:00,-0.0103,50.223
1097,7/30/18 3:00,-0.0115,49.471
1098,7/30/18 4:00,-0.012,48.805
1099,7/30/18 5:00,-0.0132,48.227
1100,7/30/18 6:00,-0.0132,47.647
1101,7/30/18 7:00,-0.0103,47.377
1102,7/30/18 8:00,-0.0063,48.272
1103,7/30/18 9:00,-0.0047,50.533
1104,7/30/18 10:00,0.0166,53.733
1105,7/30/18 11:00,0.0161,57.117
1106,7/30/18 12:00,0.0122,60.089
1107,7/30/18 13:00,0.0152,62.233
1108,7/30/18 14:00,0.0152,63.347
1109,7/30/18 15:00,0.0081,63.133
1110,7/30/18 16:00,0.0056,62.148
1111,7/30/18 17:00,0.0013,61.032
1112,7/30/18 18:00,-0.0025,59.873
1113,7/30/18 19:00,-0.0052,58.626
1114,7/30/18 20:00,-0.0063,57.333
1115,7/30/18 21:00,-0.008,56.035
1116,7/30/18 22:00,-0.0086,54.777
1117,7/30/18 23:00,-0.0086,53.602
1118,7/31/18 0:00,-0.0103,52.509
1119,7/31/18 1:00,-0.0115,51.458
1120,7/31/18 2:00,-0.012,50.4
1121,7/31/18 3:00,-0.012,49.383
1122,7/31/18 4:00,-0.0115,48.538
1123,7/31/18 5:00,-0.012,47.871
1124,7/31/18 6:00,-0.012,47.334
1125,7/31/18 7:00,-0.008,47.199
1126,7/31/18 8:00,-0.0047,48.272
1127,7/31/18 9:00,-0.0008,51.017
1128,7/31/18 10:00,0.0008,54.82
1129,7/31/18 11:00,0.0008,58.842
1130,7/31/18 12:00,-0.0003,62.49
1131,7/31/18 13:00,0.0056,64.632
1132,7/31/18 14:00,0.0056,65.359
1133,7/31/18 15:00,0.0056,64.888
1134,7/31/18 16:00,-0.0132,63.903
1135,7/31/18 17:00,-0.0115,62.704
1136,7/31/18 18:00,-0.0025,61.506
1137,7/31/18 19:00,-0.0052,60.39
1138,7/31/18 20:00,-0.0069,59.142
1139,7/31/18 21:00,-0.008,57.765
1140,7/31/18 22:00,-0.0097,56.469
1141,7/31/18 23:00,-0.0097,55.299
1142,8/1/18 0:00,-0.0097,54.212
1143,8/1/18 1:00,-0.0103,53.166
1144,8/1/18 2:00,-0.0103,52.203
1145,8/1/18 3:00,-0.0115,51.282
1146,8/1/18 4:00,-0.0115,50.488
1147,8/1/18 5:00,-0.0115,49.737
1148,8/1/18 6:00,-0.0115,49.028
1149,8/1/18 7:00,-0.0086,48.717
1150,8/1/18 8:00,-0.0259,49.561
1151,8/1/18 9:00,-0.0402,51.721
1152,8/1/18 10:00,-0.0362,55.213
1153,8/1/18 11:00,-0.0316,59.014
1154,8/1/18 12:00,-0.0323,62.191
1155,8/1/18 13:00,-0.0191,63.732
1156,8/1/18 14:00,-0.0278,63.518
1157,8/1/18 15:00,-0.0278,62.49
1158,8/1/18 16:00,-0.024,61.804
1159,8/1/18 17:00,-0.0265,61.162
1160,8/1/18 18:00,-0.0297,60.39
1161,8/1/18 19:00,-0.0316,59.401
1162,8/1/18 20:00,-0.0329,58.282
1163,8/1/18 21:00,-0.0329,57.117
1164,8/1/18 22:00,-0.0329,56.079
1165,8/1/18 23:00,-0.0329,55.213
1166,8/2/18 0:00,-0.0329,54.387
1167,8/2/18 1:00,-0.0329,53.559
1168,8/2/18 2:00,-0.0329,52.817
1169,8/2/18 3:00,-0.0342,52.115
1170,8/2/18 4:00,-0.0342,51.458
1171,8/2/18 5:00,-0.0342,50.886
1172,8/2/18 6:00,-0.0342,50.356
1173,8/2/18 7:00,-0.0303,50.135
1174,8/2/18 8:00,-0.0203,51.105
1175,8/2/18 9:00,-0.015,53.645
1176,8/2/18 10:00,-0.0369,57.463
1177,8/2/18 11:00,-0.0409,61.376
1178,8/2/18 12:00,-0.0471,63.09
1179,8/2/18 13:00,-0.0019,63.648
1180,8/2/18 14:00,-0.0047,63.604
1181,8/2/18 15:00,0.0029,63.304
1182,8/2/18 16:00,-0.0132,62.748
1183,8/2/18 17:00,-0.0103,62.191
1184,8/2/18 18:00,-0.0086,61.462
1185,8/2/18 19:00,-0.0167,60.517
1186,8/2/18 20:00,-0.0115,59.401
1187,8/2/18 21:00,-0.008,58.239
1188,8/2/18 22:00,-0.0047,57.204
1189,8/2/18 23:00,-0.008,56.34
1190,8/3/18 0:00,-0.0086,55.647
1191,8/3/18 1:00,-0.0086,54.995
1192,8/3/18 2:00,-0.008,54.43
1193,8/3/18 3:00,-0.0063,53.908
1194,8/3/18 4:00,-0.0052,53.472
1195,8/3/18 5:00,-0.012,53.035
1196,8/3/18 6:00,-0.0063,52.641
1197,8/3/18 7:00,-0.0036,52.246
1198,8/3/18 8:00,-0.0036,51.895
1199,8/3/18 9:00,0.0008,51.764
1200,8/3/18 10:00,0.0013,51.895
1201,8/3/18 11:00,0.0013,52.378
1202,8/3/18 12:00,0.0008,52.686
1203,8/3/18 13:00,0.0147,52.335
1204,8/3/18 14:00,0.1746,49.959
1205,8/3/18 15:00,0.0943,51.017
1206,8/3/18 16:00,0.0893,51.764
1207,8/3/18 17:00,0.0908,52.246
1208,8/3/18 18:00,0.0893,52.246
1209,8/3/18 19:00,0.0896,52.029
1210,8/3/18 20:00,0.0932,51.809
1211,8/3/18 21:00,0.0975,51.325
1212,8/3/18 22:00,0.0998,50.664
1213,8/3/18 23:00,0.102,49.959
1214,8/4/18 0:00,0.1053,49.294
1215,8/4/18 1:00,0.1058,48.583
1216,8/4/18 2:00,0.1064,47.914
1217,8/4/18 3:00,0.1069,47.244
1218,8/4/18 4:00,0.1075,46.661
1219,8/4/18 5:00,0.1042,46.166
1220,8/4/18 6:00,0.1042,45.761
1221,8/4/18 7:00,0.1009,45.444
1222,8/4/18 8:00,0.0992,46.166
1223,8/4/18 9:00,0.0869,48.405
1224,8/4/18 10:00,0.0844,51.501
1225,8/4/18 11:00,0.0829,54.952
1226,8/4/18 12:00,0.0835,58.239
1227,8/4/18 13:00,0.0794,60.303
1228,8/4/18 14:00,0.081,60.818
1229,8/4/18 15:00,0.0738,60.904
1230,8/4/18 16:00,0.0738,60.733
1231,8/4/18 17:00,0.0732,60.26
1232,8/4/18 18:00,0.0725,59.486
1233,8/4/18 19:00,0.0738,58.498
1234,8/4/18 20:00,0.0943,57.247
1235,8/4/18 21:00,0.092,55.949
1236,8/4/18 22:00,0.0932,54.734
1237,8/4/18 23:00,0.0943,53.645
1238,8/5/18 0:00,0.0949,52.641
1239,8/5/18 1:00,0.0955,51.764
1240,8/5/18 2:00,0.0961,50.929
1241,8/5/18 3:00,0.0961,50.223
1242,8/5/18 4:00,0.1117,49.383
1243,8/5/18 5:00,0.1112,49.116
1244,8/5/18 6:00,0.1085,48.85
1245,8/5/18 7:00,0.129,47.736
1246,8/5/18 8:00,0.1261,48.004
1247,8/5/18 9:00,0.1237,48.583
1248,8/5/18 10:00,0.1169,51.237
1249,8/5/18 11:00,0.1096,53.951
1250,8/5/18 12:00,0.1036,56.035
1251,8/5/18 13:00,0.1014,57.765
1252,8/5/18 14:00,0.0975,58.971
1253,8/5/18 15:00,0.0986,59.745
1254,8/5/18 16:00,0.0908,59.873
1255,8/5/18 17:00,0.0902,59.486
1256,8/5/18 18:00,0.0908,58.885
1257,8/5/18 19:00,0.0914,57.979
1258,8/5/18 20:00,0.0926,57.074
1259,8/5/18 21:00,0.0937,56.079
1260,8/5/18 22:00,0.0943,55.168
1261,8/5/18 23:00,0.0955,54.343
1262,8/6/18 0:00,0.0961,53.427
1263,8/6/18 1:00,0.0963,52.509
1264,8/6/18 2:00,0.0963,51.809
1265,8/6/18 3:00,0.0975,51.105
1266,8/6/18 4:00,0.0975,50.4
1267,8/6/18 5:00,0.0975,49.782
1268,8/6/18 6:00,0.0975,49.161
1269,8/6/18 7:00,0.0963,48.672
1270,8/6/18 8:00,0.0937,49.383
1271,8/6/18 9:00,0.0822,51.413
1272,8/6/18 10:00,0.0844,54.255
1273,8/6/18 11:00,0.0829,57.29
1274,8/6/18 12:00,0.0794,60.174
1275,8/6/18 13:00,0.0762,62.49
1276,8/6/18 14:00,0.0745,63.604
1277,8/6/18 15:00,0.0725,63.689
1278,8/6/18 16:00,0.0722,63.219
1279,8/6/18 17:00,0.0702,62.447
1280,8/6/18 18:00,0.0691,61.633
1281,8/6/18 19:00,0.0684,60.647
1282,8/6/18 20:00,0.0684,59.401
1283,8/6/18 21:00,0.0695,58.109
1284,8/6/18 22:00,0.0702,56.772
1285,8/6/18 23:00,0.0708,55.558
1286,8/7/18 0:00,0.0715,54.43
1287,8/7/18 1:00,0.0715,53.384
1288,8/7/18 2:00,0.0722,52.423
1289,8/7/18 3:00,0.0725,51.458
1290,8/7/18 4:00,0.0732,50.621
1291,8/7/18 5:00,0.0732,49.914
1292,8/7/18 6:00,0.0732,49.204
1293,8/7/18 7:00,0.0725,48.717
1294,8/7/18 8:00,0.0715,49.383
1295,8/7/18 9:00,0.0691,51.501
1296,8/7/18 10:00,0.0671,54.604
1297,8/7/18 11:00,0.0632,57.979
1298,8/7/18 12:00,0.0596,61.075
1299,8/7/18 13:00,0.0581,63.347
1300,8/7/18 14:00,0.0555,64.332
1301,8/7/18 15:00,0.0544,64.204
1302,8/7/18 16:00,0.0536,63.604
1303,8/7/18 17:00,0.0501,62.577
1304,8/7/18 18:00,0.0462,61.333
1305,8/7/18 19:00,0.0446,60.003
1306,8/7/18 20:00,0.0442,58.712
1307,8/7/18 21:00,0.0425,57.463
1308,8/7/18 22:00,0.0421,56.251
1309,8/7/18 23:00,0.0413,55.168
1310,8/8/18 0:00,0.0405,54.126
1311,8/8/18 1:00,0.0405,53.209
1312,8/8/18 2:00,0.0401,52.378
1313,8/8/18 3:00,0.0392,51.544
1314,8/8/18 4:00,0.0392,50.841
1315,8/8/18 5:00,0.0384,50.18
1316,8/8/18 6:00,0.0384,49.471
1317,8/8/18 7:00,0.0401,48.983
1318,8/8/18 8:00,0.0421,49.692
1319,8/8/18 9:00,0.0421,52.029
1320,8/8/18 10:00,0.0392,55.299
1321,8/8/18 11:00,0.0363,58.885
1322,8/8/18 12:00,0.0328,61.977
1323,8/8/18 13:00,0.0328,64.161
1324,8/8/18 14:00,0.0319,65.188
1325,8/8/18 15:00,0.0306,65.017
1326,8/8/18 16:00,0.0288,64.204
1327,8/8/18 17:00,0.0224,63.176
1328,8/8/18 18:00,0.0166,62.105
1329,8/8/18 19:00,0.0147,60.904
1330,8/8/18 20:00,0.0122,59.616
1331,8/8/18 21:00,0.0112,58.282
1332,8/8/18 22:00,0.0107,57.074
1333,8/8/18 23:00,0.0081,55.906
1334,8/9/18 0:00,0.0081,54.82
1335,8/9/18 1:00,0.0066,53.776
1336,8/9/18 2:00,0.0071,52.86
1337,8/9/18 3:00,0.0056,52.16
1338,8/9/18 4:00,0.0056,51.501
1339,8/9/18 5:00,0.0056,50.886
1340,8/9/18 6:00,0.004,50.311
1341,8/9/18 7:00,0.0071,49.959
1342,8/9/18 8:00,0.0066,50.841
1343,8/9/18 9:00,0.0097,53.341
1344,8/9/18 10:00,0.0122,57.074
1345,8/9/18 11:00,0.0228,60.861
1346,8/9/18 12:00,0.02,64.074
1347,8/9/18 13:00,0.0297,66
1348,8/9/18 14:00,0.0261,66.857
1349,8/9/18 15:00,0.02,66.643
1350,8/9/18 16:00,0.0224,66.043
1351,8/9/18 17:00,0.019,65.23
1352,8/9/18 18:00,0.0152,64.375
1353,8/9/18 19:00,0.0137,63.219
1354,8/9/18 20:00,0.0127,61.891
1355,8/9/18 21:00,0.0122,60.517
1356,8/9/18 22:00,0.0097,59.099
1357,8/9/18 23:00,0.0087,57.807
1358,8/10/18 0:00,0.0081,56.599
1359,8/10/18 1:00,0.0071,55.647
1360,8/10/18 2:00,0.0066,54.865
1361,8/10/18 3:00,0.0066,54.126
1362,8/10/18 4:00,0.0066,53.384
1363,8/10/18 5:00,0.005,52.641
1364,8/10/18 6:00,0.005,51.984
1365,8/10/18 7:00,0.0066,51.458
1366,8/10/18 8:00,0.0127,52.509
1367,8/10/18 9:00,0.0152,55.299
1368,8/10/18 10:00,0.0166,58.971
1369,8/10/18 11:00,0.0112,61.248
1370,8/10/18 12:00,0.0066,62.834
1371,8/10/18 13:00,0.0122,63.862
1372,8/10/18 14:00,0.0122,65.059
1373,8/10/18 15:00,0.0087,65.23
1374,8/10/18 16:00,0.004,64.288
1375,8/10/18 17:00,0.0013,63.262
1376,8/10/18 18:00,0.0013,62.49
1377,8/10/18 19:00,-0.0025,61.633
1378,8/10/18 20:00,-0.0036,60.474
1379,8/10/18 21:00,-0.0036,59.315
1380,8/10/18 22:00,-0.0052,58.109
1381,8/10/18 23:00,-0.0063,56.858
1382,8/11/18 0:00,-0.0063,55.647
1383,8/11/18 1:00,-0.0069,54.604
1384,8/11/18 2:00,-0.0069,53.559
1385,8/11/18 3:00,-0.008,52.597
1386,8/11/18 4:00,-0.008,51.721
1387,8/11/18 5:00,-0.008,50.929
1388,8/11/18 6:00,-0.0086,50.135
1389,8/11/18 7:00,-0.0052,49.516
1390,8/11/18 8:00,0.0013,50.621
1391,8/11/18 9:00,0.005,53.865
1392,8/11/18 10:00,0.005,58.023
1393,8/11/18 11:00,0.0066,61.761
1394,8/11/18 12:00,0.0029,65.059
1395,8/11/18 13:00,-0.0025,66
1396,8/11/18 14:00,0.0029,66.13
1397,8/11/18 15:00,0.0013,65.916
1398,8/11/18 16:00,-0.0019,65.574
1399,8/11/18 17:00,-0.0008,64.76
1400,8/11/18 18:00,-0.0052,63.604
1401,8/11/18 19:00,-0.0069,62.406
1402,8/11/18 20:00,-0.0086,61.248
1403,8/11/18 21:00,-0.0103,59.959
1404,8/11/18 22:00,-0.0115,58.541
1405,8/11/18 23:00,-0.0115,57.333
1406,8/12/18 0:00,-0.0115,56.208
1407,8/12/18 1:00,-0.012,55.125
1408,8/12/18 2:00,-0.012,54.169
1409,8/12/18 3:00,-0.0132,53.253
1410,8/12/18 4:00,-0.0132,52.423
1411,8/12/18 5:00,-0.0138,51.633
1412,8/12/18 6:00,-0.0138,50.886
1413,8/12/18 7:00,-0.012,50.356
1414,8/12/18 8:00,-0.0003,51.501
1415,8/12/18 9:00,0.005,54.516
1416,8/12/18 10:00,0.0056,58.498
1417,8/12/18 11:00,0.0056,62.62
1418,8/12/18 12:00,0.004,66.087
1419,8/12/18 13:00,0.0029,68.356
1420,8/12/18 14:00,0.004,68.657
1421,8/12/18 15:00,0.004,68.227
1422,8/12/18 16:00,0.0056,67.413
1423,8/12/18 17:00,-0.0052,66.301
1424,8/12/18 18:00,-0.008,64.888
1425,8/12/18 19:00,-0.0097,63.347
1426,8/12/18 20:00,-0.0103,61.761
1427,8/12/18 21:00,-0.0097,60.39
1428,8/12/18 22:00,-0.012,59.099
1429,8/12/18 23:00,-0.0132,57.85
1430,8/13/18 0:00,-0.0138,56.599
1431,8/13/18 1:00,-0.0138,55.602
1432,8/13/18 2:00,-0.0138,54.648
1433,8/13/18 3:00,-0.0138,53.776
1434,8/13/18 4:00,-0.015,52.947
1435,8/13/18 5:00,-0.015,52.246
1436,8/13/18 6:00,-0.015,51.589
1437,8/13/18 7:00,-0.0138,51.105
1438,8/13/18 8:00,-0.0069,51.852
1439,8/13/18 9:00,-0.0025,54.473
1440,8/13/18 10:00,-0.0025,58.325
1441,8/13/18 11:00,-0.0036,62.49
1442,8/13/18 12:00,-0.0047,65.916
1443,8/13/18 13:00,-0.0052,68.4
1444,8/13/18 14:00,-0.0132,68.657
1445,8/13/18 15:00,-0.0097,68.484
1446,8/13/18 16:00,-0.0132,67.714
1447,8/13/18 17:00,-0.0185,66.6
1448,8/13/18 18:00,-0.0191,65.359
1449,8/13/18 19:00,-0.0222,64.074
1450,8/13/18 20:00,-0.024,62.704
1451,8/13/18 21:00,-0.0247,61.29
1452,8/13/18 22:00,-0.0259,60.003
1453,8/13/18 23:00,-0.0265,58.971
1454,8/14/18 0:00,-0.0278,57.807
1455,8/14/18 1:00,-0.0278,56.642
1456,8/14/18 2:00,-0.0284,55.558
1457,8/14/18 3:00,-0.0297,54.604
1458,8/14/18 4:00,-0.0284,53.733
1459,8/14/18 5:00,-0.0303,52.903
1460,8/14/18 6:00,-0.0303,52.115
1461,8/14/18 7:00,-0.0297,51.501
1462,8/14/18 8:00,-0.0265,52.029
1463,8/14/18 9:00,-0.0265,54.255
1464,8/14/18 10:00,-0.024,58.195
1465,8/14/18 11:00,-0.0228,62.49
1466,8/14/18 12:00,-0.0228,65.53
1467,8/14/18 13:00,-0.021,67.543
1468,8/14/18 14:00,-0.0278,67.586
1469,8/14/18 15:00,-0.0259,66.985
1470,8/14/18 16:00,-0.0349,65.745
1471,8/14/18 17:00,-0.0303,64.974
1472,8/14/18 18:00,-0.0382,63.775
1473,8/14/18 19:00,-0.0389,62.62
1474,8/14/18 20:00,-0.0409,61.376
1475,8/14/18 21:00,-0.043,60.046
1476,8/14/18 22:00,-0.045,58.755
1477,8/14/18 23:00,-0.045,57.506
1478,8/15/18 0:00,-0.045,56.295
1479,8/15/18 1:00,-0.0457,55.256
1480,8/15/18 2:00,-0.0471,54.255
1481,8/15/18 3:00,-0.0457,53.472
1482,8/15/18 4:00,-0.0471,52.772
1483,8/15/18 5:00,-0.0471,52.115
1484,8/15/18 6:00,-0.0457,51.501
1485,8/15/18 7:00,-0.045,51.017
1486,8/15/18 8:00,-0.0362,51.984
1487,8/15/18 9:00,-0.0323,54.777
1488,8/15/18 10:00,-0.0349,57.893
1489,8/15/18 11:00,-0.0284,60.647
1490,8/15/18 12:00,-0.0323,62.447
1491,8/15/18 13:00,-0.0316,63.475
1492,8/15/18 14:00,-0.0316,64.503
1493,8/15/18 15:00,-0.0329,64.459
1494,8/15/18 16:00,-0.0349,63.99
1495,8/15/18 17:00,-0.0362,63.304
1496,8/15/18 18:00,-0.0402,62.447
1497,8/15/18 19:00,-0.0416,61.419
1498,8/15/18 20:00,-0.045,60.217
1499,8/15/18 21:00,-0.0471,58.928
1500,8/15/18 22:00,-0.0478,57.549
1501,8/15/18 23:00,-0.0478,56.34
1502,8/16/18 0:00,-0.0485,55.256
1503,8/16/18 1:00,-0.0471,54.43
1504,8/16/18 2:00,-0.0471,53.776
1505,8/16/18 3:00,-0.0471,53.209
1506,8/16/18 4:00,-0.0478,52.554
1507,8/16/18 5:00,-0.0478,51.895
1508,8/16/18 6:00,-0.0471,51.501
1509,8/16/18 7:00,-0.0457,51.325
1510,8/16/18 8:00,-0.043,51.544
1511,8/16/18 9:00,-0.0349,52.335
1512,8/16/18 10:00,-0.0316,54.126
1513,8/16/18 11:00,-0.0222,57.117
1514,8/16/18 12:00,-0.0278,58.798
1515,8/16/18 13:00,-0.0303,60.089
1516,8/16/18 14:00,-0.0323,60.089
1517,8/16/18 15:00,-0.0247,60.046
1518,8/16/18 16:00,-0.0316,59.916
1519,8/16/18 17:00,-0.0329,59.486
1520,8/16/18 18:00,-0.0349,59.014
1521,8/16/18 19:00,-0.0369,58.109
1522,8/16/18 20:00,-0.0063,56.815
1523,8/16/18 21:00,0.0274,55.213
1524,8/16/18 22:00,0.027,54.734
1525,8/16/18 23:00,0.0261,53.994
1526,8/17/18 0:00,0.0274,53.209
1527,8/17/18 1:00,0.0283,52.335
1528,8/17/18 2:00,0.0306,51.458
1529,8/17/18 3:00,0.0306,50.709
1530,8/17/18 4:00,0.031,49.959
1531,8/17/18 5:00,0.0319,49.338
1532,8/17/18 6:00,0.0332,48.717
1533,8/17/18 7:00,0.035,48.182
1534,8/17/18 8:00,0.0363,48.137
1535,8/17/18 9:00,0.0375,49.604
1536,8/17/18 10:00,0.0371,52.817
1537,8/17/18 11:00,0.0354,55.776
1538,8/17/18 12:00,0.0371,58.498
1539,8/17/18 13:00,0.0405,61.119
1540,8/17/18 14:00,0.0401,62.191
1541,8/17/18 15:00,0.0421,62.49
1542,8/17/18 16:00,0.0494,61.462
1543,8/17/18 17:00,0.0517,60.517
1544,8/17/18 18:00,0.0517,59.659
1545,8/17/18 19:00,0.0517,58.842
1546,8/17/18 20:00,0.0521,57.936
1547,8/17/18 21:00,0.0536,56.944
1548,8/17/18 22:00,0.0544,55.863
1549,8/17/18 23:00,0.0547,54.82
1550,8/18/18 0:00,0.0555,53.865
1551,8/18/18 1:00,0.0562,52.903
1552,8/18/18 2:00,0.0562,52.072
1553,8/18/18 3:00,0.0562,51.282
1554,8/18/18 4:00,0.0544,50.533
1555,8/18/18 5:00,0.0536,49.825
1556,8/18/18 6:00,0.0528,49.471
1557,8/18/18 7:00,0.0536,49.161
1558,8/18/18 8:00,0.0653,48.85
1559,8/18/18 9:00,0.0781,48.315
1560,8/18/18 10:00,0.0869,47.109
1561,8/18/18 11:00,0.0863,48.227
1562,8/18/18 12:00,0.0816,49.914
1563,8/18/18 13:00,0.0797,51.764
1564,8/18/18 14:00,0.0781,54.037
1565,8/18/18 15:00,0.0787,55.602
1566,8/18/18 16:00,0.0797,56.165
1567,8/18/18 17:00,0.0797,56.165
1568,8/18/18 18:00,0.0816,55.906
1569,8/18/18 19:00,0.0822,55.472
1570,8/18/18 20:00,0.0835,54.777
1571,8/18/18 21:00,0.085,53.776
1572,8/18/18 22:00,0.0857,52.772
1573,8/18/18 23:00,0.0863,51.852
1574,8/19/18 0:00,0.0869,51.062
1575,8/19/18 1:00,0.0875,50.356
1576,8/19/18 2:00,0.0881,49.737
1577,8/19/18 3:00,0.0881,49.028
1578,8/19/18 4:00,0.0881,48.36
1579,8/19/18 5:00,0.0887,47.691
1580,8/19/18 6:00,0.0887,47.019
1581,8/19/18 7:00,0.0887,46.391
1582,8/19/18 8:00,0.0844,46.481
1583,8/19/18 9:00,0.0803,48.182
1584,8/19/18 10:00,0.0781,51.193
1585,8/19/18 11:00,0.0758,54.561
1586,8/19/18 12:00,0.0732,57.463
1587,8/19/18 13:00,0.0695,59.745
1588,8/19/18 14:00,0.0684,60.818
1589,8/19/18 15:00,0.0664,60.818
1590,8/19/18 16:00,0.066,60.174
1591,8/19/18 17:00,0.0653,59.229
1592,8/19/18 18:00,0.0646,58.282
1593,8/19/18 19:00,0.0653,57.204
1594,8/19/18 20:00,0.0646,56.122
1595,8/19/18 21:00,0.0646,54.952
1596,8/19/18 22:00,0.0646,53.776
1597,8/19/18 23:00,0.0653,52.641
1598,8/20/18 0:00,0.0653,51.633
1599,8/20/18 1:00,0.0664,50.664
1600,8/20/18 2:00,0.0678,49.692
1601,8/20/18 3:00,0.0702,48.85
1602,8/20/18 4:00,0.0708,48.004
1603,8/20/18 5:00,0.0708,47.244
1604,8/20/18 6:00,0.0708,46.526
1605,8/20/18 7:00,0.0708,45.941
1606,8/20/18 8:00,0.0803,46.211
1607,8/20/18 9:00,0.0732,48.272
1608,8/20/18 10:00,0.0702,51.809
1609,8/20/18 11:00,0.0664,55.429
1610,8/20/18 12:00,0.0363,58.755
1611,8/20/18 13:00,0.0328,61.205
1612,8/20/18 14:00,0.0328,62.447
1613,8/20/18 15:00,0.0288,62.577
1614,8/20/18 16:00,0.0371,61.977
1615,8/20/18 17:00,0.02,61.119
1616,8/20/18 18:00,0.0147,60.174
1617,8/20/18 19:00,0.0122,58.971
1618,8/20/18 20:00,0.0112,57.722
1619,8/20/18 21:00,0.0482,56.469
1620,8/20/18 22:00,0.0392,55.299
1621,8/20/18 23:00,0.0462,54.212
1622,8/21/18 0:00,0.0474,53.341
1623,8/21/18 1:00,0.0375,52.686
1624,8/21/18 2:00,0.0166,52.246
1625,8/21/18 3:00,0.005,51.809
1626,8/21/18 4:00,0.0112,51.282
1627,8/21/18 5:00,0.0112,50.841
1628,8/21/18 6:00,0.0328,50.488
1629,8/21/18 7:00,0.0224,50.047
1630,8/21/18 8:00,0.0413,49.825
1631,8/21/18 9:00,0.0341,50.356
1632,8/21/18 10:00,0.0521,51.895
1633,8/21/18 11:00,0.02,53.733
1634,8/21/18 12:00,0.0494,54.952
1635,8/21/18 13:00,0.0186,56.295
1636,8/21/18 14:00,0.0228,57.549
1637,8/21/18 15:00,0.0725,56.512
1638,8/21/18 16:00,0.0752,55.429
1639,8/21/18 17:00,0.0599,55.256
1640,8/21/18 18:00,0.0715,54.648
1641,8/21/18 19:00,0.1742,51.105
1642,8/21/18 20:00,0.145,51.193
1643,8/21/18 21:00,0.1366,50.841
1644,8/21/18 22:00,0.1335,50.445
1645,8/21/18 23:00,0.1317,50.135
1646,8/22/18 0:00,0.143,49.825
1647,8/22/18 1:00,0.1523,49.294
1648,8/22/18 2:00,0.1503,49.073
1649,8/22/18 3:00,0.1608,48.583
1650,8/22/18 4:00,0.1542,48.405
1651,8/22/18 5:00,0.1484,48.182
1652,8/22/18 6:00,0.1527,47.959
1653,8/22/18 7:00,0.1638,47.557
1654,8/22/18 8:00,0.1724,46.974
1655,8/22/18 9:00,0.1623,47.199
1656,8/22/18 10:00,0.1508,47.557
1657,8/22/18 11:00,0.1503,47.736
1658,8/22/18 12:00,0.1503,47.914
1659,8/22/18 13:00,0.1508,48.227
1660,8/22/18 14:00,0.1261,48.938
1661,8/22/18 15:00,0.1246,49.649
1662,8/22/18 16:00,0.1276,50.18
1663,8/22/18 17:00,0.1148,50.664
1664,8/22/18 18:00,0.1122,50.886
1665,8/22/18 19:00,0.1153,50.841
1666,8/22/18 20:00,0.1153,50.533
1667,8/22/18 21:00,0.1143,50.18
1668,8/22/18 22:00,0.1159,49.782
1669,8/22/18 23:00,0.1164,49.383
1670,8/23/18 0:00,0.1246,49.028
1671,8/23/18 1:00,0.129,48.717
1672,8/23/18 2:00,0.1224,48.45
1673,8/23/18 3:00,0.1199,48.137
1674,8/23/18 4:00,0.1271,47.826
1675,8/23/18 5:00,0.129,47.557
1676,8/23/18 6:00,0.1266,47.289
1677,8/23/18 7:00,0.159,46.706
1678,8/23/18 8:00,0.1604,45.851
1679,8/23/18 9:00,0.1638,45.669
1680,8/23/18 10:00,0.1396,48.049
1681,8/23/18 11:00,0.1251,51.458
1682,8/23/18 12:00,0.1169,54.734
1683,8/23/18 13:00,0.1117,56.988
1684,8/23/18 14:00,0.1214,58.239
1685,8/23/18 15:00,0.1053,58.455
1686,8/23/18 16:00,0.1058,58.066
1687,8/23/18 17:00,0.1179,57.333
1688,8/23/18 18:00,0.1085,56.34
1689,8/23/18 19:00,0.1085,55.386
1690,8/23/18 20:00,0.1382,54.387
1691,8/23/18 21:00,0.1242,53.209
1692,8/23/18 22:00,0.1375,52.029
1693,8/23/18 23:00,0.1199,51.017
1694,8/24/18 0:00,0.1214,50.092
1695,8/24/18 1:00,0.1266,49.294
1696,8/24/18 2:00,0.1271,48.583
1697,8/24/18 3:00,0.1532,47.914
1698,8/24/18 4:00,0.1285,47.334
1699,8/24/18 5:00,0.1479,46.751
1700,8/24/18 6:00,0.1519,46.211
1701,8/24/18 7:00,0.1604,45.714
1702,8/24/18 8:00,0.1204,45.579
1703,8/24/18 9:00,0.1387,46.796
1704,8/24/18 10:00,0.108,49.471
1705,8/24/18 11:00,0.1036,52.947
1706,8/24/18 12:00,0.0981,56.122
1707,8/24/18 13:00,0.0955,58.023
1708,8/24/18 14:00,0.102,58.928
1709,8/24/18 15:00,0.0955,59.401
1710,8/24/18 16:00,0.0875,59.056
1711,8/24/18 17:00,0.0822,58.239
1712,8/24/18 18:00,0.0822,57.42
1713,8/24/18 19:00,0.0816,56.512
1714,8/24/18 20:00,0.102,55.472
1715,8/24/18 21:00,0.0926,54.387
1716,8/24/18 22:00,0.1025,53.298
1717,8/24/18 23:00,0.0902,52.423
1718,8/25/18 0:00,0.0943,51.633
1719,8/25/18 1:00,0.1069,50.929
1720,8/25/18 2:00,0.1091,50.4
1721,8/25/18 3:00,0.0975,49.825
1722,8/25/18 4:00,0.0981,49.249
1723,8/25/18 5:00,0.0937,48.717
1724,8/25/18 6:00,0.0937,48.182
1725,8/25/18 7:00,0.0926,47.736
1726,8/25/18 8:00,0.0902,47.691
1727,8/25/18 9:00,0.0869,48.583
1728,8/25/18 10:00,0.0863,50.135
1729,8/25/18 11:00,0.0844,52.466
1730,8/25/18 12:00,0.0829,54.648
1731,8/25/18 13:00,0.0844,56.815
1732,8/25/18 14:00,0.0745,58.152
1733,8/25/18 15:00,0.0787,58.755
1734,8/25/18 16:00,0.0684,58.842
1735,8/25/18 17:00,0.0653,58.411
1736,8/25/18 18:00,0.0816,57.506
1737,8/25/18 19:00,0.0887,56.34
1738,8/25/18 20:00,0.0926,55.256
1739,8/25/18 21:00,0.0932,54.343
1740,8/25/18 22:00,0.0949,53.602
1741,8/25/18 23:00,0.0937,52.947
1742,8/26/18 0:00,0.0937,52.335
1743,8/26/18 1:00,0.092,51.764
1744,8/26/18 2:00,0.0937,51.193
1745,8/26/18 3:00,0.0943,50.664
1746,8/26/18 4:00,0.0943,50.268
1747,8/26/18 5:00,0.0943,49.782
1748,8/26/18 6:00,0.0961,49.161
1749,8/26/18 7:00,0.0963,48.628
1750,8/26/18 8:00,0.1069,48.45
1751,8/26/18 9:00,0.0863,49.914
1752,8/26/18 10:00,0.0902,51.852
1753,8/26/18 11:00,0.0949,53.908
1754,8/26/18 12:00,0.0841,57.031
1755,8/26/18 13:00,0.0926,59.401
1756,8/26/18 14:00,0.0702,60.647
1757,8/26/18 15:00,0.0881,61.032
1758,8/26/18 16:00,0.0632,60.517
1759,8/26/18 17:00,0.0797,59.788
1760,8/26/18 18:00,0.0574,59.056
1761,8/26/18 19:00,0.0949,58.066
1762,8/26/18 20:00,0.0574,56.988
1763,8/26/18 21:00,0.1053,55.299
1764,8/26/18 22:00,0.1352,53.733
1765,8/26/18 23:00,0.1382,52.772
1766,8/27/18 0:00,0.1405,52.029
1767,8/27/18 1:00,0.1416,51.413
1768,8/27/18 2:00,0.143,51.017
1769,8/27/18 3:00,0.1229,50.664
1770,8/27/18 4:00,0.1276,50.311
1771,8/27/18 5:00,0.1281,50.002
1772,8/27/18 6:00,0.1285,49.737
1773,8/27/18 7:00,0.1261,49.471
1774,8/27/18 8:00,0.1204,49.204
1775,8/27/18 9:00,0.1455,49.028
1776,8/27/18 10:00,0.1271,49.161
1777,8/27/18 11:00,0.1101,50.092
1778,8/27/18 12:00,0.1237,51.852
1779,8/27/18 13:00,0.1199,53.602
1780,8/27/18 14:00,0.102,54.82
1781,8/27/18 15:00,0.108,55.429
1782,8/27/18 16:00,0.0955,55.472
1783,8/27/18 17:00,0.0949,55.168
1784,8/27/18 18:00,0.0937,54.691
1785,8/27/18 19:00,0.1031,54.037
1786,8/27/18 20:00,0.102,53.209
1787,8/27/18 21:00,0.0961,52.291
1788,8/27/18 22:00,0.1003,51.413
1789,8/27/18 23:00,0.1271,50.621
1790,8/28/18 0:00,0.1179,49.782
1791,8/28/18 1:00,0.0932,48.983
1792,8/28/18 2:00,0.1219,48.227
1793,8/28/18 3:00,0.1169,47.557
1794,8/28/18 4:00,0.1219,46.886
1795,8/28/18 5:00,0.1143,46.301
1796,8/28/18 6:00,0.1251,45.714
1797,8/28/18 7:00,0.1256,45.172
1798,8/28/18 8:00,0.1229,45.399
1799,8/28/18 9:00,0.1091,47.647
1800,8/28/18 10:00,0.1091,50.929
1801,8/28/18 11:00,0.0986,54.343
1802,8/28/18 12:00,0.0963,57.247
1803,8/28/18 13:00,0.0893,59.185
1804,8/28/18 14:00,0.092,60.003
1805,8/28/18 15:00,0.0708,59.788
1806,8/28/18 16:00,0.0708,58.928
1807,8/28/18 17:00,0.0822,57.807
1808,8/28/18 18:00,0.0963,56.512
1809,8/28/18 19:00,0.0732,55.256
1810,8/28/18 20:00,0.0646,54.037
1811,8/28/18 21:00,0.0732,52.817
1812,8/28/18 22:00,0.1122,51.678
1813,8/28/18 23:00,0.1194,50.621
1814,8/29/18 0:00,0.1164,49.692
1815,8/29/18 1:00,0.0844,48.85
1816,8/29/18 2:00,0.0664,48.049
1817,8/29/18 3:00,0.1153,47.334
1818,8/29/18 4:00,0.1122,46.661
1819,8/29/18 5:00,0.1138,46.031
1820,8/29/18 6:00,0.1148,45.444
1821,8/29/18 7:00,0.1159,44.946
1822,8/29/18 8:00,0.0738,45.307
1823,8/29/18 9:00,0.0932,47.826
1824,8/29/18 10:00,0.0943,51.37
1825,8/29/18 11:00,0.0875,54.909
1826,8/29/18 12:00,0.0829,57.807
1827,8/29/18 13:00,0.0762,59.659
1828,8/29/18 14:00,0.0803,60.517
1829,8/29/18 15:00,0.057,60.561
1830,8/29/18 16:00,0.0758,59.873
1831,8/29/18 17:00,0.0722,58.798
1832,8/29/18 18:00,0.0474,57.636
1833,8/29/18 19:00,0.0425,56.599
1834,8/29/18 20:00,0.047,55.429
1835,8/29/18 21:00,0.0914,54.3
1836,8/29/18 22:00,0.0937,53.253
1837,8/29/18 23:00,0.0632,52.291
1838,8/30/18 0:00,0.0494,51.458
1839,8/30/18 1:00,0.0517,50.709
1840,8/30/18 2:00,0.0462,50.047
1841,8/30/18 3:00,0.0893,49.383
1842,8/30/18 4:00,0.0943,48.762
1843,8/30/18 5:00,0.0937,48.227
1844,8/30/18 6:00,0.0932,47.736
1845,8/30/18 7:00,0.0932,47.334
1846,8/30/18 8:00,0.0494,47.691
1847,8/30/18 9:00,0.0446,49.692
1848,8/30/18 10:00,0.0829,51.809
1849,8/30/18 11:00,0.0781,55.168
1850,8/30/18 12:00,0.0732,58.325
1851,8/30/18 13:00,0.0708,60.517
1852,8/30/18 14:00,0.0413,61.376
1853,8/30/18 15:00,0.0695,61.29
1854,8/30/18 16:00,0.0725,60.775
1855,8/30/18 17:00,0.0517,60.132
1856,8/30/18 18:00,0.0319,59.272
1857,8/30/18 19:00,0.0274,58.109
1858,8/30/18 20:00,0.0306,56.858
1859,8/30/18 21:00,0.0462,55.647
1860,8/30/18 22:00,0.0283,54.43
1861,8/30/18 23:00,0.0442,53.427
1862,8/31/18 0:00,0.035,52.597
1863,8/31/18 1:00,0.0384,51.895
1864,8/31/18 2:00,0.0758,51.193
1865,8/31/18 3:00,0.0715,50.445
1866,8/31/18 4:00,0.0725,49.737
1867,8/31/18 5:00,0.0863,49.116
1868,8/31/18 6:00,0.0421,48.583
1869,8/31/18 7:00,0.0708,48.094
1870,8/31/18 8:00,0.0787,47.914
1871,8/31/18 9:00,0.0442,48.717
1872,8/31/18 10:00,0.0732,49.294
1873,8/31/18 11:00,0.0732,51.148
1874,8/31/18 12:00,0.0653,53.82
1875,8/31/18 13:00,0.0474,55.515
1876,8/31/18 14:00,0.0664,56.079
1877,8/31/18 15:00,0.0628,56.426
1878,8/31/18 16:00,0.0678,56.512
1879,8/31/18 17:00,0.0653,56.34
1880,8/31/18 18:00,0.0405,55.906
1881,8/31/18 19:00,0.0708,55.038
1882,8/31/18 20:00,0.0238,53.908
1883,8/31/18 21:00,0.0205,52.729
1884,8/31/18 22:00,0.0261,51.809
1885,8/31/18 23:00,0.035,51.062
1886,9/1/18 0:00,0.0283,50.311
1887,9/1/18 1:00,0.0288,49.516
1888,9/1/18 2:00,0.0384,48.805
1889,9/1/18 3:00,0.0841,48.094
1890,9/1/18 4:00,0.0863,47.467
1891,9/1/18 5:00,0.0863,46.886
1892,9/1/18 6:00,0.0596,46.526
1893,9/1/18 7:00,0.0588,46.211
1894,9/1/18 8:00,0.0684,46.571
1895,9/1/18 9:00,0.031,48.538
1896,9/1/18 10:00,0.0664,51.062
1897,9/1/18 11:00,0.0632,53.69
1898,9/1/18 12:00,0.0555,56.295
1899,9/1/18 13:00,0.0555,58.411
1900,9/1/18 14:00,0.0521,59.572
1901,9/1/18 15:00,0.0536,60.089
1902,9/1/18 16:00,0.0501,59.616
1903,9/1/18 17:00,0.0596,58.755
1904,9/1/18 18:00,0.0107,57.85
1905,9/1/18 19:00,0.0521,57.031
1906,9/1/18 20:00,0.0228,55.992
1907,9/1/18 21:00,0.0555,54.952
1908,9/1/18 22:00,0.066,53.865
1909,9/1/18 23:00,0.0528,52.686
1910,9/2/18 0:00,0.0588,51.589
1911,9/2/18 1:00,0.0375,50.621
1912,9/2/18 2:00,0.0536,49.782
1913,9/2/18 3:00,0.0536,49.161
1914,9/2/18 4:00,0.0528,48.583
1915,9/2/18 5:00,0.0536,48.094
1916,9/2/18 6:00,0.0536,47.781
1917,9/2/18 7:00,0.0528,47.467
1918,9/2/18 8:00,0.0596,47.781
1919,9/2/18 9:00,0.057,49.87
1920,9/2/18 10:00,0.0454,52.16
1921,9/2/18 11:00,0.0434,54.909
1922,9/2/18 12:00,0.0013,56.079
1923,9/2/18 13:00,0.0008,55.558
1924,9/2/18 14:00,0.0247,54.561
1925,9/2/18 15:00,0.0446,53.951
1926,9/2/18 16:00,0.0161,54.082
1927,9/2/18 17:00,0.0087,53.82
1928,9/2/18 18:00,0.0056,53.253
1929,9/2/18 19:00,0.0071,52.509
1930,9/2/18 20:00,0.0066,51.764
1931,9/2/18 21:00,0.0066,50.974
1932,9/2/18 22:00,0.0056,50.135
1933,9/2/18 23:00,0.005,49.294
1934,9/3/18 0:00,0.005,48.493
1935,9/3/18 1:00,0.0056,47.826
1936,9/3/18 2:00,0.0056,47.289
1937,9/3/18 3:00,0.0056,46.841
1938,9/3/18 4:00,0.0056,46.571
1939,9/3/18 5:00,0.0056,46.301
1940,9/3/18 6:00,0.005,46.076
1941,9/3/18 7:00,0.005,45.806
1942,9/3/18 8:00,0.0066,45.669
1943,9/3/18 9:00,0.0071,45.941
1944,9/3/18 10:00,0.0087,46.796
1945,9/3/18 11:00,0.0071,47.557
1946,9/3/18 12:00,0.0494,48.405
1947,9/3/18 13:00,0.0462,49.782
1948,9/3/18 14:00,0.0341,50.841
1949,9/3/18 15:00,0.0384,51.37
1950,9/3/18 16:00,0.0454,51.633
1951,9/3/18 17:00,0.0375,51.764
1952,9/3/18 18:00,0.0013,51.544
1953,9/3/18 19:00,0.0328,51.017
1954,9/3/18 20:00,-0.0097,50.356
1955,9/3/18 21:00,-0.0115,49.428
1956,9/3/18 22:00,-0.012,48.538
1957,9/3/18 23:00,-0.0115,47.736
1958,9/4/18 0:00,-0.0115,47.109
1959,9/4/18 1:00,-0.0097,46.571
1960,9/4/18 2:00,-0.0097,46.121
1961,9/4/18 3:00,-0.0086,45.851
1962,9/4/18 4:00,-0.0086,45.669
1963,9/4/18 5:00,-0.0097,45.489
1964,9/4/18 6:00,-0.0103,45.217
1965,9/4/18 7:00,-0.0103,44.809
1966,9/4/18 8:00,0.0013,45.036
1967,9/4/18 9:00,0.0421,47.512
1968,9/4/18 10:00,0.0375,51.148
1969,9/4/18 11:00,0.0319,53.994
1970,9/4/18 12:00,-0.008,54.255
1971,9/4/18 13:00,0.0341,54.691
1972,9/4/18 14:00,0.0341,55.125
1973,9/4/18 15:00,0.0214,54.212
1974,9/4/18 16:00,0.0252,53.341
1975,9/4/18 17:00,0.0247,52.992
1976,9/4/18 18:00,0.0186,52.597
1977,9/4/18 19:00,0.0029,51.895
1978,9/4/18 20:00,0.0024,51.017
1979,9/4/18 21:00,0.0071,50.047
1980,9/4/18 22:00,0.0081,49.161
1981,9/4/18 23:00,0.0087,48.405
1982,9/5/18 0:00,0.0087,47.781
1983,9/5/18 1:00,0.0087,47.244
1984,9/5/18 2:00,0.0107,46.706
1985,9/5/18 3:00,0.0107,46.301
1986,9/5/18 4:00,0.0127,45.986
1987,9/5/18 5:00,0.0122,45.714
1988,9/5/18 6:00,0.0112,45.489
1989,9/5/18 7:00,0.0228,45.127
1990,9/5/18 8:00,0.0462,44.809
1991,9/5/18 9:00,0.2078,40.532
1992,9/5/18 10:00,0.1321,43.214
1993,9/5/18 11:00,0.1446,43.624
1994,9/5/18 12:00,0.137,43.99
1995,9/5/18 13:00,0.1312,44.856
1996,9/5/18 14:00,0.1281,45.896
1997,9/5/18 15:00,0.1382,46.481
1998,9/5/18 16:00,0.1441,46.526
1999,9/5/18 17:00,0.1523,46.076
2000,9/5/18 18:00,0.1455,46.166
2001,9/5/18 19:00,0.1446,45.941
2002,9/5/18 20:00,0.1446,45.354
2003,9/5/18 21:00,0.143,44.719
2004,9/5/18 22:00,0.1425,44.127
2005,9/5/18 23:00,0.143,43.671
2006,9/6/18 0:00,0.1434,43.259
2007,9/6/18 1:00,0.1425,42.847
2008,9/6/18 2:00,0.1425,42.57
2009,9/6/18 3:00,0.1421,42.386
2010,9/6/18 4:00,0.1421,42.109
2011,9/6/18 5:00,0.1416,41.878
2012,9/6/18 6:00,0.1412,41.601
2013,9/6/18 7:00,0.14,41.416
2014,9/6/18 8:00,0.1357,41.508
2015,9/6/18 9:00,0.1261,42.892
2016,9/6/18 10:00,0.1224,45.217
2017,9/6/18 11:00,0.1164,46.841
2018,9/6/18 12:00,0.1101,48.895
2019,9/6/18 13:00,0.1085,51.413
2020,9/6/18 14:00,0.1069,52.509
2021,9/6/18 15:00,0.1009,52.947
2022,9/6/18 16:00,0.1075,52.947
2023,9/6/18 17:00,0.1112,52.641
2024,9/6/18 18:00,0.1143,52.072
2025,9/6/18 19:00,0.1174,51.458
2026,9/6/18 20:00,0.1042,50.797
2027,9/6/18 21:00,0.1219,49.825
2028,9/6/18 22:00,0.1297,48.805
2029,9/6/18 23:00,0.1312,47.871
2030,9/7/18 0:00,0.1331,46.931
2031,9/7/18 1:00,0.1357,46.121
2032,9/7/18 2:00,0.1302,45.399
2033,9/7/18 3:00,0.1366,44.719
2034,9/7/18 4:00,0.137,44.082
2035,9/7/18 5:00,0.1352,43.534
2036,9/7/18 6:00,0.1375,42.984
2037,9/7/18 7:00,0.1391,42.525
2038,9/7/18 8:00,0.129,42.478
2039,9/7/18 9:00,0.1189,44.627
2040,9/7/18 10:00,0.1096,47.914
2041,9/7/18 11:00,0.1042,51.325
2042,9/7/18 12:00,0.0986,54.343
2043,9/7/18 13:00,0.0963,56.512
2044,9/7/18 14:00,0.0943,57.679
2045,9/7/18 15:00,0.0992,57.636
2046,9/7/18 16:00,0.1003,56.815
2047,9/7/18 17:00,0.1009,55.69
2048,9/7/18 18:00,0.1069,54.516
2049,9/7/18 19:00,0.0857,53.427
2050,9/7/18 20:00,0.0775,52.378
2051,9/7/18 21:00,0.0794,51.282
2052,9/7/18 22:00,0.0803,50.268
2053,9/7/18 23:00,0.0816,49.338
2054,9/8/18 0:00,0.0816,48.45
2055,9/8/18 1:00,0.0835,47.647
2056,9/8/18 2:00,0.0844,46.841
2057,9/8/18 3:00,0.085,46.121
2058,9/8/18 4:00,0.085,45.489
2059,9/8/18 5:00,0.085,44.856
2060,9/8/18 6:00,0.085,44.263
2061,9/8/18 7:00,0.0841,43.763
2062,9/8/18 8:00,0.0986,43.853
2063,9/8/18 9:00,0.0986,46.211
2064,9/8/18 10:00,0.0955,49.692
2065,9/8/18 11:00,0.0797,53.078
2066,9/8/18 12:00,0.0881,55.602
2067,9/8/18 13:00,0.0875,57.247
2068,9/8/18 14:00,0.0887,58.023
2069,9/8/18 15:00,0.085,58.325
2070,9/8/18 16:00,0.0869,58.109
2071,9/8/18 17:00,0.0835,57.463
2072,9/8/18 18:00,0.0961,56.685
2073,9/8/18 19:00,0.0599,55.69
2074,9/8/18 20:00,0.0758,54.648
2075,9/8/18 21:00,0.0981,53.559
2076,9/8/18 22:00,0.0992,52.554
2077,9/8/18 23:00,0.081,51.589
2078,9/9/18 0:00,0.0816,50.841
2079,9/9/18 1:00,0.081,50.268
2080,9/9/18 2:00,0.1009,49.604
2081,9/9/18 3:00,0.1179,48.895
2082,9/9/18 4:00,0.1312,48.094
2083,9/9/18 5:00,0.1425,47.377
2084,9/9/18 6:00,0.1434,46.886
2085,9/9/18 7:00,0.1366,46.436
2086,9/9/18 8:00,0.1276,46.121
2087,9/9/18 9:00,0.1174,47.647
2088,9/9/18 10:00,0.1101,50.4
2089,9/9/18 11:00,0.1112,53.472
2090,9/9/18 12:00,0.1101,56.165
2091,9/9/18 13:00,0.1053,57.936
2092,9/9/18 14:00,0.108,58.712
2093,9/9/18 15:00,0.1069,58.152
2094,9/9/18 16:00,0.1053,57.42
2095,9/9/18 17:00,0.0863,56.642
2096,9/9/18 18:00,0.0869,55.647
2097,9/9/18 19:00,0.0881,54.473
2098,9/9/18 20:00,0.0875,53.253
2099,9/9/18 21:00,0.0887,52.072
2100,9/9/18 22:00,0.0902,50.974
2101,9/9/18 23:00,0.0902,50.002
2102,9/10/18 0:00,0.0926,49.116
2103,9/10/18 1:00,0.1214,48.272
2104,9/10/18 2:00,0.0992,47.512
2105,9/10/18 3:00,0.0961,46.796
2106,9/10/18 4:00,0.0963,46.211
2107,9/10/18 5:00,0.0961,45.669
2108,9/10/18 6:00,0.0943,45.127
2109,9/10/18 7:00,0.0949,44.627
2110,9/10/18 8:00,0.1112,44.719
2111,9/10/18 9:00,0.1014,46.661
2112,9/10/18 10:00,0.1014,48.895
2113,9/10/18 11:00,0.0963,51.984
2114,9/10/18 12:00,0.0725,55.386
2115,9/10/18 13:00,0.0695,57.506
2116,9/10/18 14:00,0.066,58.411
2117,9/10/18 15:00,0.066,58.282
2118,9/10/18 16:00,0.0614,57.85
2119,9/10/18 17:00,0.0596,57.16
2120,9/10/18 18:00,0.0562,56.295
2121,9/10/18 19:00,0.0562,55.342
2122,9/10/18 20:00,0.0562,54.343
2123,9/10/18 21:00,0.0562,53.384
2124,9/10/18 22:00,0.057,52.378
2125,9/10/18 23:00,0.0574,51.37
2126,9/11/18 0:00,0.0562,50.533
2127,9/11/18 1:00,0.0574,49.782
2128,9/11/18 2:00,0.057,48.938
2129,9/11/18 3:00,0.0581,48.137
2130,9/11/18 4:00,0.0581,47.422
2131,9/11/18 5:00,0.0574,46.751
2132,9/11/18 6:00,0.0574,46.121
2133,9/11/18 7:00,0.0596,45.669
2134,9/11/18 8:00,0.0596,45.624
2135,9/11/18 9:00,0.066,47.154
2136,9/11/18 10:00,0.0614,50.356
2137,9/11/18 11:00,0.0614,53.166
2138,9/11/18 12:00,0.0555,54.865
2139,9/11/18 13:00,0.0581,55.647
2140,9/11/18 14:00,0.057,56.599
2141,9/11/18 15:00,0.0555,57.117
2142,9/11/18 16:00,0.049,56.988
2143,9/11/18 17:00,0.0474,56.426
2144,9/11/18 18:00,0.0425,55.429
2145,9/11/18 19:00,0.0425,54.387
2146,9/11/18 20:00,0.0421,53.253
2147,9/11/18 21:00,0.0421,52.16
2148,9/11/18 22:00,0.0421,51.148
2149,9/11/18 23:00,0.0425,50.356
2150,9/12/18 0:00,0.0413,49.561
2151,9/12/18 1:00,0.0421,48.85
2152,9/12/18 2:00,0.0421,48.137
2153,9/12/18 3:00,0.0413,47.467
2154,9/12/18 4:00,0.0405,46.841
2155,9/12/18 5:00,0.0392,46.211
2156,9/12/18 6:00,0.0405,45.624
2157,9/12/18 7:00,0.0405,45.082
2158,9/12/18 8:00,0.047,45.217
2159,9/12/18 9:00,0.0494,47.691
2160,9/12/18 10:00,0.0454,51.193
2161,9/12/18 11:00,0.0442,54.516
2162,9/12/18 12:00,0.0425,57.29
2163,9/12/18 13:00,0.0405,59.142
2164,9/12/18 14:00,0.0384,59.83
2165,9/12/18 15:00,0.0354,59.572
2166,9/12/18 16:00,0.0332,58.712
2167,9/12/18 17:00,0.0283,57.506
2168,9/12/18 18:00,0.0238,56.165
2169,9/12/18 19:00,0.0224,54.952
2170,9/12/18 20:00,0.0205,53.733
2171,9/12/18 21:00,0.0186,52.554
2172,9/12/18 22:00,0.019,51.458
2173,9/12/18 23:00,0.019,50.445
2174,9/13/18 0:00,0.019,49.604
2175,9/13/18 1:00,0.02,48.895
2176,9/13/18 2:00,0.02,48.272
2177,9/13/18 3:00,0.0186,47.781
2178,9/13/18 4:00,0.0176,47.244
2179,9/13/18 5:00,0.0152,46.616
2180,9/13/18 6:00,0.0161,45.986
2181,9/13/18 7:00,0.0152,45.354
2182,9/13/18 8:00,0.027,45.399
2183,9/13/18 9:00,0.0288,47.826
2184,9/13/18 10:00,0.0283,51.325
2185,9/13/18 11:00,0.0252,54.604
2186,9/13/18 12:00,0.0247,57.247
2187,9/13/18 13:00,0.0205,58.971
2188,9/13/18 14:00,0.02,59.659
2189,9/13/18 15:00,0.0176,59.401
2190,9/13/18 16:00,0.0137,58.455
2191,9/13/18 17:00,0.0081,57.247
2192,9/13/18 18:00,-0.0003,55.906
2193,9/13/18 19:00,-0.0036,54.561
2194,9/13/18 20:00,-0.0052,53.209
2195,9/13/18 21:00,-0.0047,51.94
2196,9/13/18 22:00,-0.0052,50.841
2197,9/13/18 23:00,-0.0069,49.782
2198,9/14/18 0:00,-0.0052,48.85
2199,9/14/18 1:00,-0.0052,48.094
2200,9/14/18 2:00,-0.008,47.334
2201,9/14/18 3:00,-0.0103,46.526
2202,9/14/18 4:00,-0.0103,45.714
2203,9/14/18 5:00,-0.012,44.901
2204,9/14/18 6:00,-0.012,44.127
2205,9/14/18 7:00,-0.012,43.396
2206,9/14/18 8:00,0.0071,43.579
2207,9/14/18 9:00,0.0127,46.436
2208,9/14/18 10:00,0.0127,50.576
2209,9/14/18 11:00,0.0081,54.255
2210,9/14/18 12:00,0.0107,57.29
2211,9/14/18 13:00,0.0107,59.358
2212,9/14/18 14:00,0.0097,60.346
2213,9/14/18 15:00,0.004,60.217
2214,9/14/18 16:00,0.005,59.358
2215,9/14/18 17:00,-0.0097,58.195
2216,9/14/18 18:00,-0.0191,56.815
2217,9/14/18 19:00,-0.0203,55.515
2218,9/14/18 20:00,-0.0228,54.3
2219,9/14/18 21:00,-0.0259,52.992
2220,9/14/18 22:00,-0.0259,51.764
2221,9/14/18 23:00,-0.0265,50.621
2222,9/15/18 0:00,-0.0265,49.561
2223,9/15/18 1:00,-0.0278,48.538
2224,9/15/18 2:00,-0.0259,47.736
2225,9/15/18 3:00,-0.0265,47.019
2226,9/15/18 4:00,-0.0278,46.346
2227,9/15/18 5:00,-0.0297,45.761
2228,9/15/18 6:00,-0.0284,45.127
2229,9/15/18 7:00,-0.0284,44.582
2230,9/15/18 8:00,-0.0115,44.856
2231,9/15/18 9:00,-0.0047,47.871
2232,9/15/18 10:00,-0.0063,51.984
2233,9/15/18 11:00,-0.0063,55.949
2234,9/15/18 12:00,-0.0052,59.056
2235,9/15/18 13:00,-0.0063,61.119
2236,9/15/18 14:00,-0.008,61.761
2237,9/15/18 15:00,-0.0086,61.506
2238,9/15/18 16:00,-0.015,60.604
2239,9/15/18 17:00,-0.0247,59.401
2240,9/15/18 18:00,-0.0349,58.066
2241,9/15/18 19:00,-0.0369,56.728
2242,9/15/18 20:00,-0.0389,55.429
2243,9/15/18 21:00,-0.0402,54.3
2244,9/15/18 22:00,-0.0402,53.253
2245,9/15/18 23:00,-0.0402,52.378
2246,9/16/18 0:00,-0.0389,51.589
2247,9/16/18 1:00,-0.0409,50.886
2248,9/16/18 2:00,-0.043,50.135
2249,9/16/18 3:00,-0.0457,49.294
2250,9/16/18 4:00,-0.043,48.493
2251,9/16/18 5:00,-0.045,47.781
2252,9/16/18 6:00,-0.043,47.199
2253,9/16/18 7:00,-0.043,46.661
2254,9/16/18 8:00,-0.0284,46.931
2255,9/16/18 9:00,-0.021,49.604
2256,9/16/18 10:00,-0.0173,53.776
2257,9/16/18 11:00,-0.0185,57.117
2258,9/16/18 12:00,-0.015,59.83
2259,9/16/18 13:00,-0.0103,61.891
2260,9/16/18 14:00,-0.0115,62.791
2261,9/16/18 15:00,-0.0185,62.704
2262,9/16/18 16:00,-0.021,61.804
2263,9/16/18 17:00,-0.0389,60.604
2264,9/16/18 18:00,-0.0478,59.099
2265,9/16/18 19:00,-0.0506,57.592
2266,9/16/18 20:00,-0.055,56.122
2267,9/16/18 21:00,-0.0535,54.691
2268,9/16/18 22:00,-0.0535,53.472
2269,9/16/18 23:00,-0.0557,52.378
2270,9/17/18 0:00,-0.0557,51.458
2271,9/17/18 1:00,-0.0557,50.664
2272,9/17/18 2:00,-0.0557,49.87
2273,9/17/18 3:00,-0.055,49.161
2274,9/17/18 4:00,-0.0572,48.493
2275,9/17/18 5:00,-0.055,47.781
2276,9/17/18 6:00,-0.0557,47.199
2277,9/17/18 7:00,-0.055,46.661
2278,9/17/18 8:00,-0.0369,46.931
2279,9/17/18 9:00,-0.0259,49.692
2280,9/17/18 10:00,-0.0173,53.82
2281,9/17/18 11:00,-0.0316,57.506
2282,9/17/18 12:00,-0.0278,59.873
2283,9/17/18 13:00,-0.0203,60.861
2284,9/17/18 14:00,-0.0228,61.72
2285,9/17/18 15:00,-0.0265,61.677
2286,9/17/18 16:00,-0.0265,60.861
2287,9/17/18 17:00,-0.0167,59.83
2288,9/17/18 18:00,-0.0521,58.755
2289,9/17/18 19:00,-0.0579,57.549
2290,9/17/18 20:00,-0.0587,56.165
2291,9/17/18 21:00,-0.0579,54.865
2292,9/17/18 22:00,-0.0587,53.776
2293,9/17/18 23:00,-0.0587,52.86
2294,9/18/18 0:00,-0.0601,51.984
2295,9/18/18 1:00,-0.0601,51.237
2296,9/18/18 2:00,-0.0587,50.533
2297,9/18/18 3:00,-0.0609,49.914
2298,9/18/18 4:00,-0.0609,49.294
2299,9/18/18 5:00,-0.0616,48.672
2300,9/18/18 6:00,-0.0609,48.182
2301,9/18/18 7:00,-0.0616,47.781
2302,9/18/18 8:00,-0.0478,48.094
2303,9/18/18 9:00,-0.0402,50.752
2304,9/18/18 10:00,-0.0323,54.037
2305,9/18/18 11:00,-0.0382,56.079
2306,9/18/18 12:00,-0.0323,57.807
2307,9/18/18 13:00,-0.0329,59.83
2308,9/18/18 14:00,-0.0342,60.818
2309,9/18/18 15:00,-0.0436,60.775
2310,9/18/18 16:00,-0.0436,60.174
2311,9/18/18 17:00,-0.0506,59.358
2312,9/18/18 18:00,-0.0609,58.109
2313,9/18/18 19:00,-0.0632,56.728
2314,9/18/18 20:00,-0.0662,55.256
2315,9/18/18 21:00,-0.0662,53.951
2316,9/18/18 22:00,-0.067,52.86
2317,9/18/18 23:00,-0.0685,51.809
2318,9/19/18 0:00,-0.0693,50.929
2319,9/19/18 1:00,-0.0701,50.092
2320,9/19/18 2:00,-0.0717,49.249
2321,9/19/18 3:00,-0.0725,48.45
2322,9/19/18 4:00,-0.0733,47.647
2323,9/19/18 5:00,-0.0733,46.931
2324,9/19/18 6:00,-0.0725,46.301
2325,9/19/18 7:00,-0.0725,45.761
2326,9/19/18 8:00,-0.0693,45.579
2327,9/19/18 9:00,-0.0436,46.841
2328,9/19/18 10:00,-0.0389,50.223
2329,9/19/18 11:00,-0.0499,53.733
2330,9/19/18 12:00,-0.0535,54.343
2331,9/19/18 13:00,-0.0535,54.212
2332,9/19/18 14:00,-0.0601,53.559
2333,9/19/18 15:00,-0.021,52.686
2334,9/19/18 16:00,0.0029,51.633
2335,9/19/18 17:00,0.0056,50.886
2336,9/19/18 18:00,0.0137,50.576
2337,9/19/18 19:00,0.0547,49.294
2338,9/19/18 20:00,0.057,48.983
2339,9/19/18 21:00,0.0614,48.315
2340,9/19/18 22:00,0.0732,47.781
2341,9/19/18 23:00,0.0745,47.244
2342,9/20/18 0:00,0.0758,46.841
2343,9/20/18 1:00,0.0768,46.481
2344,9/20/18 2:00,0.0781,46.121
2345,9/20/18 3:00,0.0794,45.806
2346,9/20/18 4:00,0.0797,45.579
2347,9/20/18 5:00,0.0794,45.307
2348,9/20/18 6:00,0.0803,45.036
2349,9/20/18 7:00,0.0803,44.764
2350,9/20/18 8:00,0.081,44.582
2351,9/20/18 9:00,0.0787,44.946
2352,9/20/18 10:00,0.0745,46.706
2353,9/20/18 11:00,0.0695,50.135
2354,9/20/18 12:00,0.0646,53.209
2355,9/20/18 13:00,0.0691,54.387
2356,9/20/18 14:00,0.0628,54.995
2357,9/20/18 15:00,0.0671,55.125
2358,9/20/18 16:00,0.0628,54.561
2359,9/20/18 17:00,0.0596,53.645
2360,9/20/18 18:00,0.0588,52.554
2361,9/20/18 19:00,0.0581,51.37
2362,9/20/18 20:00,0.0599,50.092
2363,9/20/18 21:00,0.0596,48.85
2364,9/20/18 22:00,0.0599,47.647
2365,9/20/18 23:00,0.0607,46.436
2366,9/21/18 0:00,0.0614,45.307
2367,9/21/18 1:00,0.0628,44.263
2368,9/21/18 2:00,0.0614,43.306
2369,9/21/18 3:00,0.0614,42.478
2370,9/21/18 4:00,0.0607,41.74
2371,9/21/18 5:00,0.0607,41.09
2372,9/21/18 6:00,0.0588,40.485
2373,9/21/18 7:00,0.0581,39.97
2374,9/21/18 8:00,0.0708,39.783
2375,9/21/18 9:00,0.0829,41.787
2376,9/21/18 10:00,0.0664,45.669
2377,9/21/18 11:00,0.0653,49.604
2378,9/21/18 12:00,0.0596,52.903
2379,9/21/18 13:00,0.0574,55.081
2380,9/21/18 14:00,0.0528,56.122
2381,9/21/18 15:00,0.0528,56.208
2382,9/21/18 16:00,0.049,55.558
2383,9/21/18 17:00,0.0442,54.516
2384,9/21/18 18:00,0.0421,53.253
2385,9/21/18 19:00,0.0405,51.94
2386,9/21/18 20:00,0.0421,50.621
2387,9/21/18 21:00,0.0421,49.249
2388,9/21/18 22:00,0.0434,48.004
2389,9/21/18 23:00,0.0446,46.886
2390,9/22/18 0:00,0.0442,45.896
2391,9/22/18 1:00,0.0446,45.082
2392,9/22/18 2:00,0.0454,44.31
2393,9/22/18 3:00,0.0442,43.579
2394,9/22/18 4:00,0.0434,42.892
2395,9/22/18 5:00,0.0421,42.202
2396,9/22/18 6:00,0.0425,41.508
2397,9/22/18 7:00,0.0446,40.811
2398,9/22/18 8:00,0.0555,40.672
2399,9/22/18 9:00,0.0599,42.892
2400,9/22/18 10:00,0.0621,46.931
2401,9/22/18 11:00,0.0521,51.017
2402,9/22/18 12:00,0.0555,54.3
2403,9/22/18 13:00,0.0462,56.556
2404,9/22/18 14:00,0.0509,57.549
2405,9/22/18 15:00,0.0392,57.506
2406,9/22/18 16:00,0.035,56.642
2407,9/22/18 17:00,0.0288,55.386
2408,9/22/18 18:00,0.027,53.951
2409,9/22/18 19:00,0.0252,52.423
2410,9/22/18 20:00,0.0247,50.974
2411,9/22/18 21:00,0.0238,49.604
2412,9/22/18 22:00,0.0252,48.405
2413,9/22/18 23:00,0.0247,47.289
2414,9/23/18 0:00,0.0261,46.301
2415,9/23/18 1:00,0.0261,45.444
2416,9/23/18 2:00,0.0252,44.674
2417,9/23/18 3:00,0.0252,43.99
2418,9/23/18 4:00,0.0261,43.306
2419,9/23/18 5:00,0.0261,42.708
2420,9/23/18 6:00,0.0261,42.109
2421,9/23/18 7:00,0.0261,41.554
2422,9/23/18 8:00,0.0306,41.369
2423,9/23/18 9:00,0.0413,42.57
2424,9/23/18 10:00,0.0354,44.218
2425,9/23/18 11:00,0.0354,46.211
2426,9/23/18 12:00,0.0363,48.938
2427,9/23/18 13:00,0.0384,52.029
2428,9/23/18 14:00,0.0363,53.994
2429,9/23/18 15:00,0.0482,54.691
2430,9/23/18 16:00,0.0224,54.387
2431,9/23/18 17:00,0.019,53.69
2432,9/23/18 18:00,0.0152,52.903
2433,9/23/18 19:00,0.0122,51.984
2434,9/23/18 20:00,0.0087,50.797
2435,9/23/18 21:00,0.0087,49.561
2436,9/23/18 22:00,0.0087,48.493
2437,9/23/18 23:00,0.0107,47.557
2438,9/24/18 0:00,0.0112,46.841
2439,9/24/18 1:00,0.0112,46.346
2440,9/24/18 2:00,0.0097,45.851
2441,9/24/18 3:00,0.0112,45.399
2442,9/24/18 4:00,0.0097,45.082
2443,9/24/18 5:00,0.0087,44.764
2444,9/24/18 6:00,0.0087,44.445
2445,9/24/18 7:00,0.0087,44.082
2446,9/24/18 8:00,0.0097,43.763
2447,9/24/18 9:00,0.0166,44.218
2448,9/24/18 10:00,0.0147,45.307
2449,9/24/18 11:00,0.0238,45.851
2450,9/24/18 12:00,0.0214,47.109
2451,9/24/18 13:00,0.0413,48.004
2452,9/24/18 14:00,0.0521,46.661
2453,9/24/18 15:00,0.0474,46.436
2454,9/24/18 16:00,0.0462,46.661
2455,9/24/18 17:00,0.0454,46.796
2456,9/24/18 18:00,0.0454,46.661
2457,9/24/18 19:00,0.0442,46.256
2458,9/24/18 20:00,0.0442,45.761
2459,9/24/18 21:00,0.0442,45.217
2460,9/24/18 22:00,0.0425,44.674
2461,9/24/18 23:00,0.0425,44.082
2462,9/25/18 0:00,0.0425,43.488
2463,9/25/18 1:00,0.0401,42.939
2464,9/25/18 2:00,0.0392,42.202
2465,9/25/18 3:00,0.0384,41.463
2466,9/25/18 4:00,0.035,40.719
2467,9/25/18 5:00,0.0328,40.017
2468,9/25/18 6:00,0.0306,39.36
2469,9/25/18 7:00,0.0283,38.795
2470,9/25/18 8:00,0.0421,38.415
2471,9/25/18 9:00,0.047,39.502
2472,9/25/18 10:00,0.0454,43.167
2473,9/25/18 11:00,0.0442,47.199
2474,9/25/18 12:00,0.0425,50.533
2475,9/25/18 13:00,0.0413,52.729
2476,9/25/18 14:00,0.0384,53.69
2477,9/25/18 15:00,0.0363,53.602
2478,9/25/18 16:00,0.0332,52.729
2479,9/25/18 17:00,0.0228,51.458
2480,9/25/18 18:00,0.0205,50.002
2481,9/25/18 19:00,0.019,48.538
2482,9/25/18 20:00,0.0176,47.019
2483,9/25/18 21:00,0.0186,45.579
2484,9/25/18 22:00,0.0186,44.263
2485,9/25/18 23:00,0.02,43.075
2486,9/26/18 0:00,0.0205,42.109
2487,9/26/18 1:00,0.02,41.23
2488,9/26/18 2:00,0.0214,40.438
2489,9/26/18 3:00,0.0214,39.877
2490,9/26/18 4:00,0.02,39.454
2491,9/26/18 5:00,0.0205,38.984
2492,9/26/18 6:00,0.0166,38.511
2493,9/26/18 7:00,0.0147,38.037
2494,9/26/18 8:00,0.0274,37.798
2495,9/26/18 9:00,0.035,39.36
2496,9/26/18 10:00,0.0328,43.396
2497,9/26/18 11:00,0.0283,47.602
2498,9/26/18 12:00,0.0462,50.797
2499,9/26/18 13:00,0.0283,52.817
2500,9/26/18 14:00,0.0363,53.733
2501,9/26/18 15:00,0.0375,53.602
2502,9/26/18 16:00,0.0214,52.686
2503,9/26/18 17:00,0.0097,51.458
2504,9/26/18 18:00,0.0081,50.092
2505,9/26/18 19:00,0.0066,48.717
2506,9/26/18 20:00,0.0071,47.289
2507,9/26/18 21:00,0.0066,45.986
2508,9/26/18 22:00,0.004,44.719
2509,9/26/18 23:00,0.0029,43.579
2510,9/27/18 0:00,0.005,42.616
2511,9/27/18 1:00,0.0056,41.74
2512,9/27/18 2:00,0.005,41.09
2513,9/27/18 3:00,0.004,40.485
2514,9/27/18 4:00,0.004,39.97
2515,9/27/18 5:00,0.0008,39.36
2516,9/27/18 6:00,0.0013,38.795
2517,9/27/18 7:00,0.0029,38.273
2518,9/27/18 8:00,0.027,38.131
2519,9/27/18 9:00,0.049,40.204
2520,9/27/18 10:00,0.0214,44.537
2521,9/27/18 11:00,0.019,48.938
2522,9/27/18 12:00,0.0205,52.378
2523,9/27/18 13:00,0.0238,54.691
2524,9/27/18 14:00,0.0332,55.647
2525,9/27/18 15:00,0.0247,55.472
2526,9/27/18 16:00,0.0087,54.516
2527,9/27/18 17:00,-0.0025,53.298
2528,9/27/18 18:00,-0.0047,51.94
2529,9/27/18 19:00,-0.0097,50.576
2530,9/27/18 20:00,-0.0115,49.161
2531,9/27/18 21:00,-0.012,47.826
2532,9/27/18 22:00,-0.0138,46.571
2533,9/27/18 23:00,-0.0132,45.444
2534,9/28/18 0:00,-0.0138,44.445
2535,9/28/18 1:00,-0.015,43.488
2536,9/28/18 2:00,-0.0138,42.663
2537,9/28/18 3:00,-0.0138,41.878
2538,9/28/18 4:00,-0.0138,41.184
2539,9/28/18 5:00,-0.0156,40.532
2540,9/28/18 6:00,-0.0167,39.924
2541,9/28/18 7:00,-0.0185,39.313
2542,9/28/18 8:00,-0.0036,39.078
2543,9/28/18 9:00,0.0112,41.23
2544,9/28/18 10:00,0.0127,45.579
2545,9/28/18 11:00,0.0087,49.692
2546,9/28/18 12:00,0.0107,53.035
2547,9/28/18 13:00,0.0097,55.213
2548,9/28/18 14:00,0.004,56.251
2549,9/28/18 15:00,-0.0003,56.165
2550,9/28/18 16:00,-0.0052,55.213
2551,9/28/18 17:00,-0.0185,53.908
2552,9/28/18 18:00,-0.0203,52.466
2553,9/28/18 19:00,-0.0103,51.062
2554,9/28/18 20:00,-0.0156,49.649
2555,9/28/18 21:00,-0.0203,48.315
2556,9/28/18 22:00,-0.0173,47.109
2557,9/28/18 23:00,-0.015,46.121
2558,9/29/18 0:00,-0.0222,45.307
2559,9/29/18 1:00,-0.0222,44.582
2560,9/29/18 2:00,-0.021,43.945
2561,9/29/18 3:00,-0.0191,43.396
2562,9/29/18 4:00,-0.021,42.939
2563,9/29/18 5:00,-0.0265,42.525
2564,9/29/18 6:00,-0.0316,42.156
2565,9/29/18 7:00,-0.0316,41.787
2566,9/29/18 8:00,-0.0284,41.601
2567,9/29/18 9:00,-0.021,43.351
2568,9/29/18 10:00,-0.0156,46.974
2569,9/29/18 11:00,-0.0115,50.664
2570,9/29/18 12:00,-0.0115,53.776
2571,9/29/18 13:00,-0.0115,55.776
2572,9/29/18 14:00,-0.0103,56.685
2573,9/29/18 15:00,-0.0132,56.599
2574,9/29/18 16:00,-0.024,55.69
2575,9/29/18 17:00,-0.0329,54.561
2576,9/29/18 18:00,-0.0362,53.384
2577,9/29/18 19:00,-0.0409,52.16
2578,9/29/18 20:00,-0.0409,50.886
2579,9/29/18 21:00,-0.0409,49.649
2580,9/29/18 22:00,-0.0416,48.583
2581,9/29/18 23:00,-0.043,47.736
2582,9/30/18 0:00,-0.0457,46.931
2583,9/30/18 1:00,-0.0471,46.121
2584,9/30/18 2:00,-0.045,45.399
2585,9/30/18 3:00,-0.045,44.809
2586,9/30/18 4:00,-0.0457,44.31
2587,9/30/18 5:00,-0.0457,43.853
2588,9/30/18 6:00,-0.0471,43.396
2589,9/30/18 7:00,-0.0471,42.984
2590,9/30/18 8:00,-0.0342,42.892
2591,9/30/18 9:00,-0.0303,44.719
2592,9/30/18 10:00,-0.0284,48.45
2593,9/30/18 11:00,-0.0203,52.291
2594,9/30/18 12:00,-0.0259,55.342
2595,9/30/18 13:00,-0.0265,57.16
2596,9/30/18 14:00,-0.0284,57.636
2597,9/30/18 15:00,-0.0303,57.16
2598,9/30/18 16:00,-0.0409,55.992
2599,9/30/18 17:00,-0.0478,54.691
2600,9/30/18 18:00,-0.0521,53.341
2601,9/30/18 19:00,-0.0557,51.984
2602,9/30/18 20:00,-0.0557,50.664
2603,9/30/18 21:00,-0.0579,49.471
2604,9/30/18 22:00,-0.0535,48.405
2605,9/30/18 23:00,-0.0557,47.467
2606,10/1/18 0:00,-0.055,46.751
2607,10/1/18 1:00,-0.0528,46.346
2608,10/1/18 2:00,-0.0535,46.076
2609,10/1/18 3:00,-0.0535,45.761
2610,10/1/18 4:00,-0.0535,45.444
2611,10/1/18 5:00,-0.0499,45.082
2612,10/1/18 6:00,-0.0471,44.764
2613,10/1/18 7:00,-0.0457,44.492
2614,10/1/18 8:00,-0.0457,44.31
2615,10/1/18 9:00,-0.0329,44.537
2616,10/1/18 10:00,-0.0167,45.669
2617,10/1/18 11:00,-0.0284,46.301
2618,10/1/18 12:00,-0.0382,46.571
2619,10/1/18 13:00,0.0066,46.526
2620,10/1/18 14:00,0.027,46.346
2621,10/1/18 15:00,0.0214,46.391
2622,10/1/18 16:00,0.0166,46.436
2623,10/1/18 17:00,0.0166,46.301
2624,10/1/18 18:00,0.0224,46.031
2625,10/1/18 19:00,0.0228,45.714
2626,10/1/18 20:00,0.0214,45.399
2627,10/1/18 21:00,0.0205,45.082
2628,10/1/18 22:00,0.02,44.809
2629,10/1/18 23:00,0.0205,44.582
2630,10/2/18 0:00,0.0283,44.355
2631,10/2/18 1:00,0.0224,44.037
2632,10/2/18 2:00,0.0224,43.808
2633,10/2/18 3:00,0.0205,43.624
2634,10/2/18 4:00,0.0224,43.443
2635,10/2/18 5:00,0.0224,43.306
2636,10/2/18 6:00,0.047,43.214
2637,10/2/18 7:00,0.0588,43.03
2638,10/2/18 8:00,0.0829,42.478
2639,10/2/18 9:00,0.1581,41.277
2640,10/2/18 10:00,0.1542,41.416
2641,10/2/18 11:00,0.1695,41.416
2642,10/2/18 12:00,0.1724,42.064
2643,10/2/18 13:00,0.1793,43.03
2644,10/2/18 14:00,0.1954,43.167
2645,10/2/18 15:00,0.1876,43.075
2646,10/2/18 16:00,0.1872,43.306
2647,10/2/18 17:00,0.1908,43.075
2648,10/2/18 18:00,0.1891,43.075
2649,10/2/18 19:00,0.1923,42.8
2650,10/2/18 20:00,0.1836,42.8
2651,10/2/18 21:00,0.1891,42.663
2652,10/2/18 22:00,0.1813,42.57
2653,10/2/18 23:00,0.1728,42.525
2654,10/3/18 0:00,0.1789,42.478
2655,10/3/18 1:00,0.2047,41.693
2656,10/3/18 2:00,0.1963,42.247
2657,10/3/18 3:00,0.2112,41.787
2658,10/3/18 4:00,0.2299,41.508
2659,10/3/18 5:00,0.2277,41.277
2660,10/3/18 6:00,0.2095,41.832
2661,10/3/18 7:00,0.1999,41.648
2662,10/3/18 8:00,0.2061,41.508
2663,10/3/18 9:00,0.2363,38.084
2664,10/3/18 10:00,0.2327,37.369
2665,10/3/18 11:00,0.2358,36.986
2666,10/3/18 12:00,0.2358,36.842