Plot Title: 20139117,,,
#,"Date Time, GMT-06:00","Water Content, m³/m³ (LGR S/N: 20139117, SEN S/N: 20145935)","Temp, °F (LGR S/N: 20139117, SEN S/N: 20399272, LBL: A1_R)"
1,5/15/18 15:42,0.2911,
2,5/15/18 16:42,0.2959,
3,5/15/18 17:42,0.297,
4,5/15/18 18:42,0.2973,
5,5/15/18 19:42,0.2973,
6,5/15/18 20:42,0.2979,
7,5/15/18 21:42,0.2979,
8,5/15/18 22:42,0.2979,
9,5/15/18 23:42,0.2984,
10,5/16/18 0:42,0.2984,
11,5/16/18 1:42,0.2984,
12,5/16/18 2:42,0.2984,
13,5/16/18 3:42,0.2984,
14,5/16/18 4:42,0.2987,
15,5/16/18 5:42,0.2987,
16,5/16/18 6:42,0.299,
17,5/16/18 7:42,0.299,
18,5/16/18 8:42,0.2994,
19,5/16/18 9:42,0.2997,
20,5/16/18 10:42,0.2997,
21,5/16/18 11:42,0.2997,
22,5/16/18 12:42,0.2997,
23,5/16/18 13:42,0.2997,
24,5/16/18 14:42,0.299,
25,5/16/18 15:42,0.2994,
26,5/16/18 16:42,0.299,
27,5/16/18 17:42,0.2994,
28,5/16/18 18:42,0.299,
29,5/16/18 19:42,0.2987,
30,5/16/18 20:42,0.299,
31,5/16/18 21:42,0.299,
32,5/16/18 22:42,0.299,
33,5/16/18 23:42,0.299,
34,5/17/18 0:42,0.299,
35,5/17/18 1:42,0.299,
36,5/17/18 2:42,0.299,
37,5/17/18 3:42,0.299,
38,5/17/18 4:42,0.299,
39,5/17/18 5:42,0.299,
40,5/17/18 6:42,0.2994,
41,5/17/18 7:42,0.2994,
42,5/17/18 8:42,0.2997,
43,5/17/18 9:42,0.3001,
44,5/17/18 10:42,0.2997,
45,5/17/18 11:42,0.2997,
46,5/17/18 12:42,0.3001,
47,5/17/18 13:42,0.2997,
48,5/17/18 14:42,0.2994,
49,5/17/18 15:42,0.2994,
50,5/17/18 16:42,0.2994,
51,5/17/18 17:42,0.2994,
52,5/17/18 18:42,0.299,
53,5/17/18 19:42,0.2987,
54,5/17/18 20:42,0.2987,
55,5/17/18 21:42,0.2987,
56,5/17/18 22:42,0.2987,
57,5/17/18 23:42,0.2987,
58,5/18/18 0:42,0.2984,
59,5/18/18 1:42,0.2984,
60,5/18/18 2:42,0.2984,
61,5/18/18 3:42,0.299,
62,5/18/18 4:42,0.2987,
63,5/18/18 5:42,0.2987,
64,5/18/18 6:42,0.2987,
65,5/18/18 7:42,0.299,
66,5/18/18 8:42,0.2994,
67,5/18/18 9:42,0.2994,
68,5/18/18 10:42,0.2994,
69,5/18/18 11:42,0.2994,
70,5/18/18 12:42,0.299,
71,5/18/18 13:42,0.2987,
72,5/18/18 14:42,0.2984,
73,5/18/18 15:42,0.2987,
74,5/18/18 16:42,0.2984,
75,5/18/18 17:42,0.2984,
76,5/18/18 18:42,0.2979,
77,5/18/18 19:42,0.2979,
78,5/18/18 20:42,0.2979,
79,5/18/18 21:42,0.2976,
80,5/18/18 22:42,0.2979,
81,5/18/18 23:42,0.2979,
82,5/19/18 0:42,0.2976,
83,5/19/18 1:42,0.2976,
84,5/19/18 2:42,0.2976,
85,5/19/18 3:42,0.2976,
86,5/19/18 4:42,0.2976,
87,5/19/18 5:42,0.2976,
88,5/19/18 6:42,0.2976,
89,5/19/18 7:42,0.2976,
90,5/19/18 8:42,0.2984,
91,5/19/18 9:42,0.2984,
92,5/19/18 10:42,0.2984,
93,5/19/18 11:42,0.2979,
94,5/19/18 12:42,0.2979,
95,5/19/18 13:42,0.2979,
96,5/19/18 14:42,0.2976,
97,5/19/18 15:42,0.2976,
98,5/19/18 16:42,0.2976,
99,5/19/18 17:42,0.297,
100,5/19/18 18:42,0.297,
101,5/19/18 19:42,0.297,
102,5/19/18 20:42,0.297,
103,5/19/18 21:42,0.2973,
104,5/19/18 22:42,0.2973,
105,5/19/18 23:42,0.2973,
106,5/20/18 0:42,0.2973,
107,5/20/18 1:42,0.2973,
108,5/20/18 2:42,0.2973,
109,5/20/18 3:42,0.2973,
110,5/20/18 4:42,0.2973,
111,5/20/18 5:42,0.2976,
112,5/20/18 6:42,0.2976,
113,5/20/18 7:42,0.2976,
114,5/20/18 8:42,0.2979,
115,5/20/18 9:42,0.2979,
116,5/20/18 10:42,0.2979,
117,5/20/18 11:42,0.2976,
118,5/20/18 12:42,0.2973,
119,5/20/18 13:42,0.297,
120,5/20/18 14:42,0.297,
121,5/20/18 15:42,0.297,
122,5/20/18 16:42,0.297,
123,5/20/18 17:42,0.2966,
124,5/20/18 18:42,0.2966,
125,5/20/18 19:42,0.2966,
126,5/20/18 20:42,0.2966,
127,5/20/18 21:42,0.2966,
128,5/20/18 22:42,0.2966,
129,5/20/18 23:42,0.2963,
130,5/21/18 0:42,0.2966,
131,5/21/18 1:42,0.297,
132,5/21/18 2:42,0.2966,
133,5/21/18 3:42,0.2966,
134,5/21/18 4:42,0.297,
135,5/21/18 5:42,0.297,
136,5/21/18 6:42,0.2966,
137,5/21/18 7:42,0.297,
138,5/21/18 8:42,0.2973,
139,5/21/18 9:42,0.2976,
140,5/21/18 10:42,0.2973,
141,5/21/18 11:42,0.2976,
142,5/21/18 12:42,0.2976,
143,5/21/18 13:42,0.2973,
144,5/21/18 14:42,0.2966,
145,5/21/18 15:42,0.2966,
146,5/21/18 16:42,0.2966,
147,5/21/18 17:42,0.2963,
148,5/21/18 18:42,0.2963,
149,5/21/18 19:42,0.2963,
150,5/21/18 20:42,0.2963,
151,5/21/18 21:42,0.2963,
152,5/21/18 22:42,0.2959,
153,5/21/18 23:42,0.2959,
154,5/22/18 0:42,0.2959,
155,5/22/18 1:42,0.2963,
156,5/22/18 2:42,0.2963,
157,5/22/18 3:42,0.2963,
158,5/22/18 4:42,0.2963,
159,5/22/18 5:42,0.2959,
160,5/22/18 6:42,0.2963,
161,5/22/18 7:42,0.2963,
162,5/22/18 8:42,0.2966,
163,5/22/18 9:42,0.2966,
164,5/22/18 10:42,0.2966,
165,5/22/18 11:42,0.2966,
166,5/22/18 12:42,0.2963,
167,5/22/18 13:42,0.2963,
168,5/22/18 14:42,0.2959,
169,5/22/18 15:42,0.2959,
170,5/22/18 16:42,0.2955,
171,5/22/18 17:42,0.2955,
172,5/22/18 18:42,0.2955,
173,5/22/18 19:42,0.2949,
174,5/22/18 20:42,0.2952,
175,5/22/18 21:42,0.2952,
176,5/22/18 22:42,0.2952,
177,5/22/18 23:42,0.2952,
178,5/23/18 0:42,0.2952,
179,5/23/18 1:42,0.2952,
180,5/23/18 2:42,0.2952,
181,5/23/18 3:42,0.2949,
182,5/23/18 4:42,0.2952,
183,5/23/18 5:42,0.2949,
184,5/23/18 6:42,0.2952,
185,5/23/18 7:42,0.2952,
186,5/23/18 8:42,0.2955,
187,5/23/18 9:42,0.2955,
188,5/23/18 10:42,0.2955,
189,5/23/18 11:42,0.2952,
190,5/23/18 12:42,0.2949,
191,5/23/18 13:42,0.2952,
192,5/23/18 14:42,0.2949,
193,5/23/18 15:42,0.2949,
194,5/23/18 16:42,0.2949,
195,5/23/18 17:42,0.2942,
196,5/23/18 18:42,0.2938,
197,5/23/18 19:42,0.2935,
198,5/23/18 20:42,0.2935,
199,5/23/18 21:42,0.2935,
200,5/23/18 22:42,0.2935,
201,5/23/18 23:42,0.2935,
202,5/24/18 0:42,0.2938,
203,5/24/18 1:42,0.2938,
204,5/24/18 2:42,0.2935,
205,5/24/18 3:42,0.2935,
206,5/24/18 4:42,0.2935,
207,5/24/18 5:42,0.2938,
208,5/24/18 6:42,0.2935,
209,5/24/18 7:42,0.2935,
210,5/24/18 8:42,0.2942,
211,5/24/18 9:42,0.2946,
212,5/24/18 10:42,0.2942,
213,5/24/18 11:42,0.2938,
214,5/24/18 12:42,0.2935,
215,5/24/18 13:42,0.2932,
216,5/24/18 14:42,0.2928,
217,5/24/18 15:42,0.2932,
218,5/24/18 16:42,0.2925,
219,5/24/18 17:42,0.2925,
220,5/24/18 18:42,0.2922,
221,5/24/18 19:42,0.2919,
222,5/24/18 20:42,0.2919,
223,5/24/18 21:42,0.2914,
224,5/24/18 22:42,0.2919,
225,5/24/18 23:42,0.2919,
226,5/25/18 0:42,0.2914,
227,5/25/18 1:42,0.2914,
228,5/25/18 2:42,0.2914,
229,5/25/18 3:42,0.2914,
230,5/25/18 4:42,0.2914,
231,5/25/18 5:42,0.2911,
232,5/25/18 6:42,0.2911,
233,5/25/18 7:42,0.2911,
234,5/25/18 8:42,0.2919,
235,5/25/18 9:42,0.2919,
236,5/25/18 10:42,0.2922,
237,5/25/18 11:42,0.2919,
238,5/25/18 12:42,0.2911,
239,5/25/18 13:42,0.2908,
240,5/25/18 14:42,0.2904,
241,5/25/18 15:42,0.2904,
242,5/25/18 16:42,0.2901,
243,5/25/18 17:42,0.2898,
244,5/25/18 18:42,0.2895,
245,5/25/18 19:42,0.2887,
246,5/25/18 20:42,0.2884,
247,5/25/18 21:42,0.2884,
248,5/25/18 22:42,0.2884,
249,5/25/18 23:42,0.2884,
250,5/26/18 0:42,0.2881,
251,5/26/18 1:42,0.2884,
252,5/26/18 2:42,0.2881,
253,5/26/18 3:42,0.2881,
254,5/26/18 4:42,0.2884,
255,5/26/18 5:42,0.2881,
256,5/26/18 6:42,0.2881,
257,5/26/18 7:42,0.2881,
258,5/26/18 8:42,0.2884,
259,5/26/18 9:42,0.2884,
260,5/26/18 10:42,0.2884,
261,5/26/18 11:42,0.2881,
262,5/26/18 12:42,0.2877,
263,5/26/18 13:42,0.2871,
264,5/26/18 14:42,0.2868,
265,5/26/18 15:42,0.2864,
266,5/26/18 16:42,0.2861,
267,5/26/18 17:42,0.2857,
268,5/26/18 18:42,0.285,
269,5/26/18 19:42,0.285,
270,5/26/18 20:42,0.2847,
271,5/26/18 21:42,0.285,
272,5/26/18 22:42,0.285,
273,5/26/18 23:42,0.2847,
274,5/27/18 0:42,0.2847,
275,5/27/18 1:42,0.2847,
276,5/27/18 2:42,0.2847,
277,5/27/18 3:42,0.2847,
278,5/27/18 4:42,0.2847,
279,5/27/18 5:42,0.2847,
280,5/27/18 6:42,0.2847,
281,5/27/18 7:42,0.2847,
282,5/27/18 8:42,0.285,
283,5/27/18 9:42,0.2853,
284,5/27/18 10:42,0.285,
285,5/27/18 11:42,0.285,
286,5/27/18 12:42,0.2844,
287,5/27/18 13:42,0.2837,
288,5/27/18 14:42,0.283,
289,5/27/18 15:42,0.2827,
290,5/27/18 16:42,0.2827,
291,5/27/18 17:42,0.2817,
292,5/27/18 18:42,0.2813,
293,5/27/18 19:42,0.281,
294,5/27/18 20:42,0.2806,
295,5/27/18 21:42,0.2806,
296,5/27/18 22:42,0.2806,
297,5/27/18 23:42,0.2806,
298,5/28/18 0:42,0.2806,
299,5/28/18 1:42,0.2806,
300,5/28/18 2:42,0.2806,
301,5/28/18 3:42,0.2806,
302,5/28/18 4:42,0.2806,
303,5/28/18 5:42,0.2806,
304,5/28/18 6:42,0.2806,
305,5/28/18 7:42,0.2806,
306,5/28/18 8:42,0.2813,
307,5/28/18 9:42,0.281,
308,5/28/18 10:42,0.281,
309,5/28/18 11:42,0.2806,
310,5/28/18 12:42,0.28,
311,5/28/18 13:42,0.2793,
312,5/28/18 14:42,0.279,
313,5/28/18 15:42,0.2786,
314,5/28/18 16:42,0.278,
315,5/28/18 17:42,0.2776,
316,5/28/18 18:42,0.2773,
317,5/28/18 19:42,0.277,
318,5/28/18 20:42,0.277,
319,5/28/18 21:42,0.277,
320,5/28/18 22:42,0.2773,
321,5/28/18 23:42,0.2773,
322,5/29/18 0:42,0.277,
323,5/29/18 1:42,0.277,
324,5/29/18 2:42,0.2773,
325,5/29/18 3:42,0.277,
326,5/29/18 4:42,0.2773,
327,5/29/18 5:42,0.2773,
328,5/29/18 6:42,0.2773,
329,5/29/18 7:42,0.2773,
330,5/29/18 8:42,0.2776,
331,5/29/18 9:42,0.2773,
332,5/29/18 10:42,0.2773,
333,5/29/18 11:42,0.277,
334,5/29/18 12:42,0.2766,
335,5/29/18 13:42,0.2763,
336,5/29/18 14:42,0.2759,
337,5/29/18 15:42,0.2756,
338,5/29/18 16:42,0.2753,
339,5/29/18 17:42,0.2749,
340,5/29/18 18:42,0.2743,
341,5/29/18 19:42,0.2743,
342,5/29/18 20:42,0.2739,
343,5/29/18 21:42,0.2739,
344,5/29/18 22:42,0.2739,
345,5/29/18 23:42,0.2739,
346,5/30/18 0:42,0.2739,
347,5/30/18 1:42,0.2739,
348,5/30/18 2:42,0.2739,
349,5/30/18 3:42,0.2739,
350,5/30/18 4:42,0.2739,
351,5/30/18 5:42,0.2743,
352,5/30/18 6:42,0.2743,
353,5/30/18 7:42,0.2743,
354,5/30/18 8:42,0.2746,
355,5/30/18 9:42,0.2746,
356,5/30/18 10:42,0.2739,
357,5/30/18 11:42,0.2739,
358,5/30/18 12:42,0.2729,
359,5/30/18 13:42,0.2722,
360,5/30/18 14:42,0.2719,
361,5/30/18 15:42,0.2715,
362,5/30/18 16:42,0.2732,
363,5/30/18 17:42,0.2743,
364,5/30/18 18:42,0.2732,
365,5/30/18 19:42,0.2732,
366,5/30/18 20:42,0.2732,
367,5/30/18 21:42,0.2729,
368,5/30/18 22:42,0.2732,
369,5/30/18 23:42,0.2732,
370,5/31/18 0:42,0.2732,
371,5/31/18 1:42,0.2732,
372,5/31/18 2:42,0.2732,
373,5/31/18 3:42,0.2736,
374,5/31/18 4:42,0.2736,
375,5/31/18 5:42,0.2743,
376,5/31/18 6:42,0.2739,
377,5/31/18 7:42,0.2743,
378,5/31/18 8:42,0.2739,
379,5/31/18 9:42,0.2732,
380,5/31/18 10:42,0.2729,
381,5/31/18 11:42,0.2726,
382,5/31/18 12:42,0.2722,
383,5/31/18 13:42,0.2715,
384,5/31/18 14:42,0.2712,
385,5/31/18 15:42,0.2708,
386,5/31/18 16:42,0.2701,
387,5/31/18 17:42,0.2698,
388,5/31/18 18:42,0.2691,
389,5/31/18 19:42,0.2691,
390,5/31/18 20:42,0.2691,
391,5/31/18 21:42,0.2691,
392,5/31/18 22:42,0.2691,
393,5/31/18 23:42,0.2691,
394,6/1/18 0:42,0.2694,
395,6/1/18 1:42,0.2691,
396,6/1/18 2:42,0.2691,
397,6/1/18 3:42,0.2691,
398,6/1/18 4:42,0.2691,
399,6/1/18 5:42,0.2691,
400,6/1/18 6:42,0.2691,
401,6/1/18 7:42,0.2691,
402,6/1/18 8:42,0.2691,
403,6/1/18 9:42,0.2687,
404,6/1/18 10:42,0.2684,
405,6/1/18 11:42,0.268,
406,6/1/18 12:42,0.2673,
407,6/1/18 13:42,0.267,
408,6/1/18 14:42,0.267,
409,6/1/18 15:42,0.266,
410,6/1/18 16:42,0.2657,
411,6/1/18 17:42,0.265,
412,6/1/18 18:42,0.2646,
413,6/1/18 19:42,0.2642,
414,6/1/18 20:42,0.2642,
415,6/1/18 21:42,0.2642,
416,6/1/18 22:42,0.2642,
417,6/1/18 23:42,0.2642,
418,6/2/18 0:42,0.2646,
419,6/2/18 1:42,0.2646,
420,6/2/18 2:42,0.2646,
421,6/2/18 3:42,0.2646,
422,6/2/18 4:42,0.2646,
423,6/2/18 5:42,0.265,
424,6/2/18 6:42,0.2646,
425,6/2/18 7:42,0.265,
426,6/2/18 8:42,0.265,
427,6/2/18 9:42,0.2646,
428,6/2/18 10:42,0.2642,
429,6/2/18 11:42,0.2639,
430,6/2/18 12:42,0.2632,
431,6/2/18 13:42,0.2624,
432,6/2/18 14:42,0.2615,
433,6/2/18 15:42,0.2604,
434,6/2/18 16:42,0.26,
435,6/2/18 17:42,0.2592,
436,6/2/18 18:42,0.2589,
437,6/2/18 19:42,0.2582,
438,6/2/18 20:42,0.2579,
439,6/2/18 21:42,0.2579,
440,6/2/18 22:42,0.2582,
441,6/2/18 23:42,0.2582,
442,6/3/18 0:42,0.2579,
443,6/3/18 1:42,0.2579,
444,6/3/18 2:42,0.2582,
445,6/3/18 3:42,0.2582,
446,6/3/18 4:42,0.2582,
447,6/3/18 5:42,0.2582,
448,6/3/18 6:42,0.2585,
449,6/3/18 7:42,0.2585,
450,6/3/18 8:42,0.2585,
451,6/3/18 9:42,0.2579,
452,6/3/18 10:42,0.2579,
453,6/3/18 11:42,0.2571,
454,6/3/18 12:42,0.2567,
455,6/3/18 13:42,0.2564,
456,6/3/18 14:42,0.2557,
457,6/3/18 15:42,0.2553,
458,6/3/18 16:42,0.255,
459,6/3/18 17:42,0.255,
460,6/3/18 18:42,0.255,
461,6/3/18 19:42,0.255,
462,6/3/18 20:42,0.255,
463,6/3/18 21:42,0.2546,
464,6/3/18 22:42,0.255,
465,6/3/18 23:42,0.255,
466,6/4/18 0:42,0.255,
467,6/4/18 1:42,0.255,
468,6/4/18 2:42,0.2553,
469,6/4/18 3:42,0.2553,
470,6/4/18 4:42,0.255,
471,6/4/18 5:42,0.2553,
472,6/4/18 6:42,0.2557,
473,6/4/18 7:42,0.2557,
474,6/4/18 8:42,0.2557,
475,6/4/18 9:42,0.2557,
476,6/4/18 10:42,0.2553,
477,6/4/18 11:42,0.2546,
478,6/4/18 12:42,0.2534,
479,6/4/18 13:42,0.2528,
480,6/4/18 14:42,0.252,
481,6/4/18 15:42,0.2509,
482,6/4/18 16:42,0.2502,
483,6/4/18 17:42,0.2494,
484,6/4/18 18:42,0.249,
485,6/4/18 19:42,0.2483,
486,6/4/18 20:42,0.2487,
487,6/4/18 21:42,0.2487,
488,6/4/18 22:42,0.2483,
489,6/4/18 23:42,0.2487,
490,6/5/18 0:42,0.2483,
491,6/5/18 1:42,0.2487,
492,6/5/18 2:42,0.2487,
493,6/5/18 3:42,0.2487,
494,6/5/18 4:42,0.2487,
495,6/5/18 5:42,0.2487,
496,6/5/18 6:42,0.2487,
497,6/5/18 7:42,0.2487,
498,6/5/18 8:42,0.249,
499,6/5/18 9:42,0.2487,
500,6/5/18 10:42,0.2479,
501,6/5/18 11:42,0.2475,
502,6/5/18 12:42,0.2464,
503,6/5/18 13:42,0.246,
504,6/5/18 14:42,0.2452,
505,6/5/18 15:42,0.2445,
506,6/5/18 16:42,0.243,
507,6/5/18 17:42,0.2425,
508,6/5/18 18:42,0.2418,
509,6/5/18 19:42,0.2414,
510,6/5/18 20:42,0.2414,
511,6/5/18 21:42,0.2414,
512,6/5/18 22:42,0.2414,
513,6/5/18 23:42,0.2414,
514,6/6/18 0:42,0.241,
515,6/6/18 1:42,0.2414,
516,6/6/18 2:42,0.2414,
517,6/6/18 3:42,0.2414,
518,6/6/18 4:42,0.2414,
519,6/6/18 5:42,0.241,
520,6/6/18 6:42,0.2414,
521,6/6/18 7:42,0.2414,
522,6/6/18 8:42,0.2418,
523,6/6/18 9:42,0.2414,
524,6/6/18 10:42,0.2406,
525,6/6/18 11:42,0.2399,
526,6/6/18 12:42,0.2387,
527,6/6/18 13:42,0.2379,
528,6/6/18 14:42,0.2374,
529,6/6/18 15:42,0.2363,
530,6/6/18 16:42,0.2355,
531,6/6/18 17:42,0.2347,
532,6/6/18 18:42,0.2347,
533,6/6/18 19:42,0.2347,
534,6/6/18 20:42,0.2344,
535,6/6/18 21:42,0.2344,
536,6/6/18 22:42,0.2344,
537,6/6/18 23:42,0.2344,
538,6/7/18 0:42,0.2347,
539,6/7/18 1:42,0.2344,
540,6/7/18 2:42,0.2344,
541,6/7/18 3:42,0.2344,
542,6/7/18 4:42,0.2344,
543,6/7/18 5:42,0.2344,
544,6/7/18 6:42,0.2344,
545,6/7/18 7:42,0.2344,
546,6/7/18 8:42,0.2347,
547,6/7/18 9:42,0.2344,
548,6/7/18 10:42,0.2339,
549,6/7/18 11:42,0.233,
550,6/7/18 12:42,0.2318,
551,6/7/18 13:42,0.2315,
552,6/7/18 14:42,0.2306,
553,6/7/18 15:42,0.2299,
554,6/7/18 16:42,0.2291,
555,6/7/18 17:42,0.2282,
556,6/7/18 18:42,0.2277,
557,6/7/18 19:42,0.2274,
558,6/7/18 20:42,0.2274,
559,6/7/18 21:42,0.2274,
560,6/7/18 22:42,0.2269,
561,6/7/18 23:42,0.2269,
562,6/8/18 0:42,0.2274,
563,6/8/18 1:42,0.2274,
564,6/8/18 2:42,0.2269,
565,6/8/18 3:42,0.2274,
566,6/8/18 4:42,0.2269,
567,6/8/18 5:42,0.2274,
568,6/8/18 6:42,0.2269,
569,6/8/18 7:42,0.2274,
570,6/8/18 8:42,0.2277,
571,6/8/18 9:42,0.2269,
572,6/8/18 10:42,0.2266,
573,6/8/18 11:42,0.2257,
574,6/8/18 12:42,0.2254,
575,6/8/18 13:42,0.2245,
576,6/8/18 14:42,0.2237,
577,6/8/18 15:42,0.2229,
578,6/8/18 16:42,0.2224,
579,6/8/18 17:42,0.2216,
580,6/8/18 18:42,0.2216,
581,6/8/18 19:42,0.2208,
582,6/8/18 20:42,0.2208,
583,6/8/18 21:42,0.2208,
584,6/8/18 22:42,0.2208,
585,6/8/18 23:42,0.2208,
586,6/9/18 0:42,0.2208,
587,6/9/18 1:42,0.2203,
588,6/9/18 2:42,0.2203,
589,6/9/18 3:42,0.2203,
590,6/9/18 4:42,0.2208,
591,6/9/18 5:42,0.2208,
592,6/9/18 6:42,0.2208,
593,6/9/18 7:42,0.2203,
594,6/9/18 8:42,0.2208,
595,6/9/18 9:42,0.2208,
596,6/9/18 10:42,0.2198,
597,6/9/18 11:42,0.2195,
598,6/9/18 12:42,0.2182,
599,6/9/18 13:42,0.2182,
600,6/9/18 14:42,0.2174,
601,6/9/18 15:42,0.2164,
602,6/9/18 16:42,0.2161,
603,6/9/18 17:42,0.2153,
604,6/9/18 18:42,0.2153,
605,6/9/18 19:42,0.2148,
606,6/9/18 20:42,0.2143,
607,6/9/18 21:42,0.2148,
608,6/9/18 22:42,0.2148,
609,6/9/18 23:42,0.2148,
610,6/10/18 0:42,0.2143,
611,6/10/18 1:42,0.2143,
612,6/10/18 2:42,0.2143,
613,6/10/18 3:42,0.2143,
614,6/10/18 4:42,0.2143,
615,6/10/18 5:42,0.2143,
616,6/10/18 6:42,0.2143,
617,6/10/18 7:42,0.2143,
618,6/10/18 8:42,0.2148,
619,6/10/18 9:42,0.2143,
620,6/10/18 10:42,0.2139,
621,6/10/18 11:42,0.2131,
622,6/10/18 12:42,0.2126,
623,6/10/18 13:42,0.2122,
624,6/10/18 14:42,0.2117,
625,6/10/18 15:42,0.2112,
626,6/10/18 16:42,0.2109,
627,6/10/18 17:42,0.2109,
628,6/10/18 18:42,0.2104,
629,6/10/18 19:42,0.21,
630,6/10/18 20:42,0.21,
631,6/10/18 21:42,0.21,
632,6/10/18 22:42,0.21,
633,6/10/18 23:42,0.21,
634,6/11/18 0:42,0.2095,
635,6/11/18 1:42,0.2095,
636,6/11/18 2:42,0.2095,
637,6/11/18 3:42,0.2095,
638,6/11/18 4:42,0.2095,
639,6/11/18 5:42,0.2095,
640,6/11/18 6:42,0.2092,
641,6/11/18 7:42,0.2092,
642,6/11/18 8:42,0.2095,
643,6/11/18 9:42,0.2095,
644,6/11/18 10:42,0.2092,
645,6/11/18 11:42,0.2083,
646,6/11/18 12:42,0.2083,
647,6/11/18 13:42,0.2078,
648,6/11/18 14:42,0.2073,
649,6/11/18 15:42,0.2073,
650,6/11/18 16:42,0.2073,
651,6/11/18 17:42,0.2064,
652,6/11/18 18:42,0.2064,
653,6/11/18 19:42,0.2064,
654,6/11/18 20:42,0.2061,
655,6/11/18 21:42,0.2061,
656,6/11/18 22:42,0.2061,
657,6/11/18 23:42,0.2056,
658,6/12/18 0:42,0.2061,
659,6/12/18 1:42,0.2056,
660,6/12/18 2:42,0.2056,
661,6/12/18 3:42,0.2056,
662,6/12/18 4:42,0.2056,
663,6/12/18 5:42,0.2052,
664,6/12/18 6:42,0.2052,
665,6/12/18 7:42,0.2056,
666,6/12/18 8:42,0.2056,
,6/12/18 11:00,0.2109,60.991
,6/12/18 12:00,0.2104,65.959
,6/12/18 13:00,0.21,69.514
,6/12/18 14:00,0.2095,71.533
,6/12/18 15:00,0.2092,72.007
,6/12/18 16:00,0.2087,71.361
,6/12/18 17:00,0.2083,70.115
,6/12/18 18:00,0.2078,68.698
,6/12/18 19:00,0.2083,67.158
,6/12/18 20:00,0.2087,65.359
,6/12/18 21:00,0.2083,63.09
,6/12/18 22:00,0.2083,60.818
,6/12/18 23:00,0.2078,58.928
,6/13/18 0:00,0.2078,57.376
,6/13/18 1:00,0.2083,55.992
,6/13/18 2:00,0.2078,54.734
,6/13/18 3:00,0.2078,53.559
,6/13/18 4:00,0.2078,52.509
,6/13/18 5:00,0.2078,51.501
,6/13/18 6:00,0.2083,50.664
,6/13/18 7:00,0.2078,50.047
,6/13/18 8:00,0.2083,49.649
,6/13/18 9:00,0.2087,52.072
,6/13/18 10:00,0.2083,56.858
,6/13/18 11:00,0.2078,61.977
,6/13/18 12:00,0.207,66.857
,6/13/18 13:00,0.2064,70.459
,6/13/18 14:00,0.2061,72.61
,6/13/18 15:00,0.2056,73.256
,6/13/18 16:00,0.2056,72.739
,6/13/18 17:00,0.2052,71.361
,6/13/18 18:00,0.2052,69.643
,6/13/18 19:00,0.2047,67.971
,6/13/18 20:00,0.2047,66.214
,6/13/18 21:00,0.2043,64.503
,6/13/18 22:00,0.2043,62.447
,6/13/18 23:00,0.2043,60.991
,6/14/18 0:00,0.2043,59.959
,6/14/18 1:00,0.2038,58.971
,6/14/18 2:00,0.2043,58.066
,6/14/18 3:00,0.2043,57.463
,6/14/18 4:00,0.2043,56.685
,6/14/18 5:00,0.2043,55.992
,6/14/18 6:00,0.2043,55.647
,6/14/18 7:00,0.2043,55.472
,6/14/18 8:00,0.2043,55.819
,6/14/18 9:00,0.2047,57.247
,6/14/18 10:00,0.2043,60.861
,6/14/18 11:00,0.2043,64.674
,6/14/18 12:00,0.2035,68.185
,6/14/18 13:00,0.2035,70.416
,6/14/18 14:00,0.2026,72.178
,6/14/18 15:00,0.202,71.877
,6/14/18 16:00,0.2026,71.533
,6/14/18 17:00,0.2026,70.93
,6/14/18 18:00,0.202,69.901
,6/14/18 19:00,0.2017,68.185
,6/14/18 20:00,0.2017,66.258
,6/14/18 21:00,0.2017,64.459
,6/14/18 22:00,0.2017,62.875
,6/14/18 23:00,0.2012,61.248
,6/15/18 0:00,0.2017,59.83
,6/15/18 1:00,0.2017,58.455
,6/15/18 2:00,0.2012,57.16
,6/15/18 3:00,0.2017,56.165
,6/15/18 4:00,0.2017,55.213
,6/15/18 5:00,0.2017,54.343
,6/15/18 6:00,0.2017,53.472
,6/15/18 7:00,0.2012,52.817
,6/15/18 8:00,0.2017,52.423
,6/15/18 9:00,0.202,54.734
,6/15/18 10:00,0.2017,59.056
,6/15/18 11:00,0.2012,62.533
,6/15/18 12:00,0.2008,67.028
,6/15/18 13:00,0.2008,70.029
,6/15/18 14:00,0.2003,71.103
,6/15/18 15:00,0.1999,71.704
,6/15/18 16:00,0.1999,71.317
,6/15/18 17:00,0.1999,70.243
,6/15/18 18:00,0.1999,69.129
,6/15/18 19:00,0.1999,67.372
,6/15/18 20:00,0.1994,65.829
,6/15/18 21:00,0.1994,63.99
,6/15/18 22:00,0.1994,62.49
,6/15/18 23:00,0.1994,61.419
,6/16/18 0:00,0.1994,60.474
,6/16/18 1:00,0.1994,59.616
,6/16/18 2:00,0.1994,58.842
,6/16/18 3:00,0.199,58.066
,6/16/18 4:00,0.199,57.506
,6/16/18 5:00,0.1994,56.988
,6/16/18 6:00,0.1994,56.251
,6/16/18 7:00,0.199,55.647
,6/16/18 8:00,0.199,55.863
,6/16/18 9:00,0.1994,57.549
,6/16/18 10:00,0.199,58.325
,6/16/18 11:00,0.199,58.971
,6/16/18 12:00,0.1985,60.217
,6/16/18 13:00,0.199,60.561
,6/16/18 14:00,0.1999,59.788
,6/16/18 15:00,0.1994,60.517
,6/16/18 16:00,0.1994,61.677
,6/16/18 17:00,0.1994,62.362
,6/16/18 18:00,0.1994,61.506
,6/16/18 19:00,0.1994,60.39
,6/16/18 20:00,0.1999,59.358
,6/16/18 21:00,0.1994,58.282
,6/16/18 22:00,0.1994,57.376
,6/16/18 23:00,0.1994,56.642
,6/17/18 0:00,0.1999,56.079
,6/17/18 1:00,0.1985,55.429
,6/17/18 2:00,0.199,54.952
,6/17/18 3:00,0.2008,54.255
,6/17/18 4:00,0.2232,53.602
,6/17/18 5:00,0.2269,53.166
,6/17/18 6:00,0.2245,52.686
,6/17/18 7:00,0.2237,52.466
,6/17/18 8:00,0.2224,52.597
,6/17/18 9:00,0.2245,53.121
,6/17/18 10:00,0.2254,53.472
,6/17/18 11:00,0.2241,54.604
,6/17/18 12:00,0.2229,56.383
,6/17/18 13:00,0.2224,57.893
,6/17/18 14:00,0.2224,59.788
,6/17/18 15:00,0.2224,60.733
,6/17/18 16:00,0.2208,59.959
,6/17/18 17:00,0.2277,58.842
,6/17/18 18:00,0.2303,58.239
,6/17/18 19:00,0.2323,58.152
,6/17/18 20:00,0.2335,57.722
,6/17/18 21:00,0.2335,56.901
,6/17/18 22:00,0.2327,56.079
,6/17/18 23:00,0.2335,55.342
,6/18/18 0:00,0.2367,54.604
,6/18/18 1:00,0.2379,53.776
,6/18/18 2:00,0.2387,53.209
,6/18/18 3:00,0.239,52.729
,6/18/18 4:00,0.2394,51.895
,6/18/18 5:00,0.2394,51.017
,6/18/18 6:00,0.2406,50.488
,6/18/18 7:00,0.2399,50.4
,6/18/18 8:00,0.2399,50.576
,6/18/18 9:00,0.2394,51.062
,6/18/18 10:00,0.2394,51.544
,6/18/18 11:00,0.2394,53.121
,6/18/18 12:00,0.2399,56.34
,6/18/18 13:00,0.2399,60.26
,6/18/18 14:00,0.2399,62.533
,6/18/18 15:00,0.2403,64.074
,6/18/18 16:00,0.2406,64.418
,6/18/18 17:00,0.2414,63.604
,6/18/18 18:00,0.2414,62.62
,6/18/18 19:00,0.2418,61.462
,6/18/18 20:00,0.2418,60.003
,6/18/18 21:00,0.2421,58.411
,6/18/18 22:00,0.2421,56.772
,6/18/18 23:00,0.2425,55.342
,6/19/18 0:00,0.2425,54.037
,6/19/18 1:00,0.2425,52.86
,6/19/18 2:00,0.2425,51.721
,6/19/18 3:00,0.243,50.664
,6/19/18 4:00,0.243,49.692
,6/19/18 5:00,0.243,48.805
,6/19/18 6:00,0.243,48.004
,6/19/18 7:00,0.243,47.289
,6/19/18 8:00,0.2434,46.751
,6/19/18 9:00,0.2434,48.094
,6/19/18 10:00,0.2434,52.16
,6/19/18 11:00,0.243,56.383
,6/19/18 12:00,0.2425,60.474
,6/19/18 13:00,0.2421,63.518
,6/19/18 14:00,0.2418,65.359
,6/19/18 15:00,0.2418,65.788
,6/19/18 16:00,0.2414,65.615
,6/19/18 17:00,0.241,64.632
,6/19/18 18:00,0.2414,63.262
,6/19/18 19:00,0.2414,61.677
,6/19/18 20:00,0.2414,59.788
,6/19/18 21:00,0.241,57.979
,6/19/18 22:00,0.241,56.383
,6/19/18 23:00,0.2414,54.952
,6/20/18 0:00,0.241,53.602
,6/20/18 1:00,0.241,52.335
,6/20/18 2:00,0.2414,51.282
,6/20/18 3:00,0.2414,50.223
,6/20/18 4:00,0.2414,49.383
,6/20/18 5:00,0.2414,48.538
,6/20/18 6:00,0.2414,47.736
,6/20/18 7:00,0.2414,47.019
,6/20/18 8:00,0.2414,46.481
,6/20/18 9:00,0.2414,48.004
,6/20/18 10:00,0.2414,52.466
,6/20/18 11:00,0.2406,57.117
,6/20/18 12:00,0.2399,61.333
,6/20/18 13:00,0.239,64.674
,6/20/18 14:00,0.2387,66.515
,6/20/18 15:00,0.2379,67.372
,6/20/18 16:00,0.2374,67.329
,6/20/18 17:00,0.2374,66.472
,6/20/18 18:00,0.2374,65.273
,6/20/18 19:00,0.2374,63.775
,6/20/18 20:00,0.2374,61.934
,6/20/18 21:00,0.2374,60.046
,6/20/18 22:00,0.2374,58.239
,6/20/18 23:00,0.2374,56.685
,6/21/18 0:00,0.2374,55.299
,6/21/18 1:00,0.2374,54.082
,6/21/18 2:00,0.2374,53.035
,6/21/18 3:00,0.2374,52.115
,6/21/18 4:00,0.2374,51.237
,6/21/18 5:00,0.2374,50.356
,6/21/18 6:00,0.2379,49.471
,6/21/18 7:00,0.2379,48.717
,6/21/18 8:00,0.2379,48.182
,6/21/18 9:00,0.2379,49.87
,6/21/18 10:00,0.2371,54.604
,6/21/18 11:00,0.2363,59.315
,6/21/18 12:00,0.2355,63.819
,6/21/18 13:00,0.2344,67.5
,6/21/18 14:00,0.2335,69.343
,6/21/18 15:00,0.233,69.901
,6/21/18 16:00,0.2323,69.643
,6/21/18 17:00,0.2315,68.614
,6/21/18 18:00,0.2315,67.329
,6/21/18 19:00,0.2311,65.745
,6/21/18 20:00,0.2311,63.903
,6/21/18 21:00,0.2311,61.977
,6/21/18 22:00,0.2311,60.174
,6/21/18 23:00,0.2311,58.755
,6/22/18 0:00,0.2311,57.722
,6/22/18 1:00,0.2311,56.988
,6/22/18 2:00,0.2311,56.208
,6/22/18 3:00,0.2315,55.213
,6/22/18 4:00,0.2311,53.994
,6/22/18 5:00,0.2311,52.772
,6/22/18 6:00,0.2311,51.721
,6/22/18 7:00,0.2315,50.929
,6/22/18 8:00,0.2315,50.621
,6/22/18 9:00,0.2311,52.072
,6/22/18 10:00,0.2306,54.255
,6/22/18 11:00,0.2299,57.204
,6/22/18 12:00,0.2286,62.748
,6/22/18 13:00,0.2277,64.931
,6/22/18 14:00,0.2269,64.888
,6/22/18 15:00,0.2266,64.332
,6/22/18 16:00,0.2257,63.99
,6/22/18 17:00,0.2257,63.39
,6/22/18 18:00,0.2254,62.276
,6/22/18 19:00,0.2254,61.162
,6/22/18 20:00,0.2249,59.873
,6/22/18 21:00,0.2254,58.109
,6/22/18 22:00,0.2254,56.383
,6/22/18 23:00,0.2254,54.995
,6/23/18 0:00,0.2249,53.908
,6/23/18 1:00,0.2249,52.772
,6/23/18 2:00,0.2249,51.678
,6/23/18 3:00,0.2249,50.664
,6/23/18 4:00,0.2249,49.87
,6/23/18 5:00,0.2249,48.983
,6/23/18 6:00,0.2254,48.137
,6/23/18 7:00,0.2254,47.377
,6/23/18 8:00,0.2254,46.886
,6/23/18 9:00,0.2254,48.717
,6/23/18 10:00,0.2232,53.602
,6/23/18 11:00,0.2224,58.455
,6/23/18 12:00,0.2216,63.133
,6/23/18 13:00,0.2211,66.985
,6/23/18 14:00,0.2203,69.085
,6/23/18 15:00,0.2195,69.386
,6/23/18 16:00,0.219,69.129
,6/23/18 17:00,0.2182,67.842
,6/23/18 18:00,0.2182,66.344
,6/23/18 19:00,0.2177,64.76
,6/23/18 20:00,0.2177,62.962
,6/23/18 21:00,0.2177,61.248
,6/23/18 22:00,0.2177,59.788
,6/23/18 23:00,0.2174,58.582
,6/24/18 0:00,0.2182,57.636
,6/24/18 1:00,0.2177,56.944
,6/24/18 2:00,0.2177,56.165
,6/24/18 3:00,0.2182,55.472
,6/24/18 4:00,0.2177,54.648
,6/24/18 5:00,0.2174,53.733
,6/24/18 6:00,0.2182,53.253
,6/24/18 7:00,0.2177,52.947
,6/24/18 8:00,0.2177,52.597
,6/24/18 9:00,0.2177,53.994
,6/24/18 10:00,0.2169,57.936
,6/24/18 11:00,0.2156,61.848
,6/24/18 12:00,0.2156,63.648
,6/24/18 13:00,0.2153,64.632
,6/24/18 14:00,0.2143,65.872
,6/24/18 15:00,0.2143,64.931
,6/24/18 16:00,0.2139,65.359
,6/24/18 17:00,0.2134,65.359
,6/24/18 18:00,0.2131,64.503
,6/24/18 19:00,0.2126,63.048
,6/24/18 20:00,0.2126,61.205
,6/24/18 21:00,0.2126,59.272
,6/24/18 22:00,0.2126,57.549
,6/24/18 23:00,0.2126,56.165
,6/25/18 0:00,0.2126,54.777
,6/25/18 1:00,0.2126,53.559
,6/25/18 2:00,0.2131,52.423
,6/25/18 3:00,0.2131,51.325
,6/25/18 4:00,0.2126,50.4
,6/25/18 5:00,0.2126,49.561
,6/25/18 6:00,0.2143,48.717
,6/25/18 7:00,0.2139,48.094
,6/25/18 8:00,0.2139,47.557
,6/25/18 9:00,0.2143,49.825
,6/25/18 10:00,0.2134,54.995
,6/25/18 11:00,0.2126,59.486
,6/25/18 12:00,0.2117,63.775
,6/25/18 13:00,0.2109,67.671
,6/25/18 14:00,0.2104,69.901
,6/25/18 15:00,0.2095,70.329
,6/25/18 16:00,0.2095,69.985
,6/25/18 17:00,0.2092,68.828
,6/25/18 18:00,0.2087,67.543
,6/25/18 19:00,0.2087,65.959
,6/25/18 20:00,0.2087,63.946
,6/25/18 21:00,0.2087,61.761
,6/25/18 22:00,0.2087,59.745
,6/25/18 23:00,0.2087,57.979
,6/26/18 0:00,0.2083,56.512
,6/26/18 1:00,0.2083,55.299
,6/26/18 2:00,0.2083,54.255
,6/26/18 3:00,0.2087,53.298
,6/26/18 4:00,0.2083,52.378
,6/26/18 5:00,0.2087,51.501
,6/26/18 6:00,0.2083,50.621
,6/26/18 7:00,0.2083,49.914
,6/26/18 8:00,0.2083,49.383
,6/26/18 9:00,0.2087,51.721
,6/26/18 10:00,0.2078,57.031
,6/26/18 11:00,0.2073,61.547
,6/26/18 12:00,0.2064,65.701
,6/26/18 13:00,0.2056,69.514
,6/26/18 14:00,0.2047,71.791
,6/26/18 15:00,0.2043,72.48
,6/26/18 16:00,0.2038,72.136
,6/26/18 17:00,0.2035,70.974
,6/26/18 18:00,0.2035,69.643
,6/26/18 19:00,0.2035,68.056
,6/26/18 20:00,0.2035,66.087
,6/26/18 21:00,0.2035,63.946
,6/26/18 22:00,0.2035,62.019
,6/26/18 23:00,0.2035,60.39
,6/27/18 0:00,0.2035,59.014
,6/27/18 1:00,0.2035,57.592
,6/27/18 2:00,0.2035,56.251
,6/27/18 3:00,0.2035,55.038
,6/27/18 4:00,0.2035,53.951
,6/27/18 5:00,0.2035,53.035
,6/27/18 6:00,0.2035,52.203
,6/27/18 7:00,0.2035,51.544
,6/27/18 8:00,0.2035,51.105
,6/27/18 9:00,0.2038,53.427
,6/27/18 10:00,0.2029,58.455
,6/27/18 11:00,0.202,62.919
,6/27/18 12:00,0.2017,66.515
,6/27/18 13:00,0.2008,69.643
,6/27/18 14:00,0.2003,70.846
,6/27/18 15:00,0.1999,72.48
,6/27/18 16:00,0.1994,72.696
,6/27/18 17:00,0.1994,71.704
,6/27/18 18:00,0.1994,70.502
,6/27/18 19:00,0.199,68.871
,6/27/18 20:00,0.1994,66.9
,6/27/18 21:00,0.199,64.76
,6/27/18 22:00,0.199,62.791
,6/27/18 23:00,0.199,61.032
,6/28/18 0:00,0.199,59.445
,6/28/18 1:00,0.199,58.066
,6/28/18 2:00,0.1985,56.858
,6/28/18 3:00,0.1985,55.819
,6/28/18 4:00,0.1985,54.82
,6/28/18 5:00,0.1985,53.865
,6/28/18 6:00,0.1985,52.947
,6/28/18 7:00,0.1985,52.16
,6/28/18 8:00,0.1985,51.678
,6/28/18 9:00,0.199,53.994
,6/28/18 10:00,0.1985,59.099
,6/28/18 11:00,0.1972,63.604
,6/28/18 12:00,0.1972,67.757
,6/28/18 13:00,0.1967,71.533
,6/28/18 14:00,0.1954,74.163
,6/28/18 15:00,0.1954,74.813
,6/28/18 16:00,0.1948,74.554
,6/28/18 17:00,0.1948,73.299
,6/28/18 18:00,0.1945,72.05
,6/28/18 19:00,0.1948,70.286
,6/28/18 20:00,0.1945,68.313
,6/28/18 21:00,0.1948,66.429
,6/28/18 22:00,0.1948,64.674
,6/28/18 23:00,0.1945,63.176
,6/29/18 0:00,0.1945,61.977
,6/29/18 1:00,0.1945,60.733
,6/29/18 2:00,0.1945,59.315
,6/29/18 3:00,0.1939,57.807
,6/29/18 4:00,0.1945,56.383
,6/29/18 5:00,0.1939,55.168
,6/29/18 6:00,0.1939,54.037
,6/29/18 7:00,0.1939,53.078
,6/29/18 8:00,0.1939,52.423
,6/29/18 9:00,0.1945,54.604
,6/29/18 10:00,0.1939,59.702
,6/29/18 11:00,0.1935,64.247
,6/29/18 12:00,0.1923,68.527
,6/29/18 13:00,0.1917,72.136
,6/29/18 14:00,0.1913,74.424
,6/29/18 15:00,0.1913,75.029
,6/29/18 16:00,0.1913,74.77
,6/29/18 17:00,0.1913,73.256
,6/29/18 18:00,0.1913,71.49
,6/29/18 19:00,0.1908,69.557
,6/29/18 20:00,0.1908,67.372
,6/29/18 21:00,0.1904,65.145
,6/29/18 22:00,0.1904,63.005
,6/29/18 23:00,0.1904,61.205
,6/30/18 0:00,0.1904,59.529
,6/30/18 1:00,0.1898,58.066
,6/30/18 2:00,0.1898,56.728
,6/30/18 3:00,0.1904,55.472
,6/30/18 4:00,0.1898,54.3
,6/30/18 5:00,0.1898,53.298
,6/30/18 6:00,0.1898,52.335
,6/30/18 7:00,0.1898,51.544
,6/30/18 8:00,0.1898,51.105
,6/30/18 9:00,0.1898,53.559
,6/30/18 10:00,0.1895,58.712
,6/30/18 11:00,0.1891,63.347
,6/30/18 12:00,0.1885,67.5
,6/30/18 13:00,0.1881,70.93
,6/30/18 14:00,0.1881,73.256
,6/30/18 15:00,0.1876,73.818
,6/30/18 16:00,0.1881,73.299
,6/30/18 17:00,0.1876,71.62
,6/30/18 18:00,0.1876,70.115
,6/30/18 19:00,0.1876,68.185
,6/30/18 20:00,0.1876,66.043
,6/30/18 21:00,0.1872,64.074
,6/30/18 22:00,0.1872,62.233
,6/30/18 23:00,0.1872,60.604
,7/1/18 0:00,0.1866,59.014
,7/1/18 1:00,0.1866,57.636
,7/1/18 2:00,0.1866,56.34
,7/1/18 3:00,0.1866,55.125
,7/1/18 4:00,0.1866,53.994
,7/1/18 5:00,0.1866,52.903
,7/1/18 6:00,0.1866,51.94
,7/1/18 7:00,0.1866,51.193
,7/1/18 8:00,0.1862,50.752
,7/1/18 9:00,0.1866,53.121
,7/1/18 10:00,0.1866,58.411
,7/1/18 11:00,0.1859,63.304
,7/1/18 12:00,0.1853,67.798
,7/1/18 13:00,0.1849,71.49
,7/1/18 14:00,0.1849,74.077
,7/1/18 15:00,0.1843,74.943
,7/1/18 16:00,0.1843,74.77
,7/1/18 17:00,0.1849,73.213
,7/1/18 18:00,0.184,71.49
,7/1/18 19:00,0.1843,69.471
,7/1/18 20:00,0.1843,67.158
,7/1/18 21:00,0.184,64.717
,7/1/18 22:00,0.1836,62.362
,7/1/18 23:00,0.1836,60.39
,7/2/18 0:00,0.1836,58.626
,7/2/18 1:00,0.1836,57.031
,7/2/18 2:00,0.183,55.69
,7/2/18 3:00,0.183,54.516
,7/2/18 4:00,0.183,53.427
,7/2/18 5:00,0.1826,52.335
,7/2/18 6:00,0.1826,51.37
,7/2/18 7:00,0.1826,50.621
,7/2/18 8:00,0.1826,50.223
,7/2/18 9:00,0.184,52.817
,7/2/18 10:00,0.183,58.239
,7/2/18 11:00,0.1826,63.433
,7/2/18 12:00,0.182,68.185
,7/2/18 13:00,0.1816,72.307
,7/2/18 14:00,0.1813,74.899
,7/2/18 15:00,0.1816,75.594
,7/2/18 16:00,0.1813,75.247
,7/2/18 17:00,0.1813,73.645
,7/2/18 18:00,0.1813,71.877
,7/2/18 19:00,0.1807,69.901
,7/2/18 20:00,0.1807,67.586
,7/2/18 21:00,0.1807,65.145
,7/2/18 22:00,0.1803,62.875
,7/2/18 23:00,0.1803,60.991
,7/3/18 0:00,0.1803,59.358
,7/3/18 1:00,0.1803,57.936
,7/3/18 2:00,0.1803,56.599
,7/3/18 3:00,0.1797,55.429
,7/3/18 4:00,0.1797,54.43
,7/3/18 5:00,0.1797,53.472
,7/3/18 6:00,0.1797,52.772
,7/3/18 7:00,0.1797,52.378
,7/3/18 8:00,0.1797,51.94
,7/3/18 9:00,0.1803,54.43
,7/3/18 10:00,0.1793,59.788
,7/3/18 11:00,0.1789,63.648
,7/3/18 12:00,0.1783,68.142
,7/3/18 13:00,0.1783,72.351
,7/3/18 14:00,0.1779,75.508
,7/3/18 15:00,0.1779,76.375
,7/3/18 16:00,0.1783,75.508
,7/3/18 17:00,0.1775,72.351
,7/3/18 18:00,0.1779,70.372
,7/3/18 19:00,0.1779,68.913
,7/3/18 20:00,0.1783,67.329
,7/3/18 21:00,0.1783,65.615
,7/3/18 22:00,0.1779,63.946
,7/3/18 23:00,0.1779,62.233
,7/4/18 0:00,0.1775,60.517
,7/4/18 1:00,0.1779,59.014
,7/4/18 2:00,0.1775,57.722
,7/4/18 3:00,0.1775,56.556
,7/4/18 4:00,0.1775,55.429
,7/4/18 5:00,0.1769,54.516
,7/4/18 6:00,0.1769,53.602
,7/4/18 7:00,0.1769,52.86
,7/4/18 8:00,0.1769,52.378
,7/4/18 9:00,0.1775,54.865
,7/4/18 10:00,0.1769,60.089
,7/4/18 11:00,0.1765,64.76
,7/4/18 12:00,0.1765,68.999
,7/4/18 13:00,0.1762,70.115
,7/4/18 14:00,0.1762,70.416
,7/4/18 15:00,0.1762,70.372
,7/4/18 16:00,0.1762,71.231
,7/4/18 17:00,0.1756,71.317
,7/4/18 18:00,0.1756,70.587
,7/4/18 19:00,0.1756,69.085
,7/4/18 20:00,0.1762,67.028
,7/4/18 21:00,0.1756,64.717
,7/4/18 22:00,0.1756,62.875
,7/4/18 23:00,0.1752,61.419
,7/5/18 0:00,0.1752,60.474
,7/5/18 1:00,0.1752,59.616
,7/5/18 2:00,0.1746,58.411
,7/5/18 3:00,0.1746,57.16
,7/5/18 4:00,0.1742,55.992
,7/5/18 5:00,0.1746,54.952
,7/5/18 6:00,0.1746,54.082
,7/5/18 7:00,0.1742,53.559
,7/5/18 8:00,0.1746,53.733
,7/5/18 9:00,0.1746,56.122
,7/5/18 10:00,0.1746,60.346
,7/5/18 11:00,0.1738,65.359
,7/5/18 12:00,0.1738,68.871
,7/5/18 13:00,0.1738,67.5
,7/5/18 14:00,0.1738,68.443
,7/5/18 15:00,0.1738,69.471
,7/5/18 16:00,0.1738,67.671
,7/5/18 17:00,0.1738,66.6
,7/5/18 18:00,0.1742,66.301
,7/5/18 19:00,0.1732,65.788
,7/5/18 20:00,0.1738,64.76
,7/5/18 21:00,0.1738,63.433
,7/5/18 22:00,0.1732,62.062
,7/5/18 23:00,0.1732,60.647
,7/6/18 0:00,0.1732,59.185
,7/6/18 1:00,0.1732,57.85
,7/6/18 2:00,0.1732,56.642
,7/6/18 3:00,0.1728,55.733
,7/6/18 4:00,0.1728,54.82
,7/6/18 5:00,0.1728,53.951
,7/6/18 6:00,0.1728,53.121
,7/6/18 7:00,0.1728,52.466
,7/6/18 8:00,0.1724,52.16
,7/6/18 9:00,0.1724,54.648
,7/6/18 10:00,0.1724,59.702
,7/6/18 11:00,0.1724,64.589
,7/6/18 12:00,0.1718,68.999
,7/6/18 13:00,0.1724,69.557
,7/6/18 14:00,0.1724,70.286
,7/6/18 15:00,0.1718,71.317
,7/6/18 16:00,0.1724,72.136
,7/6/18 17:00,0.1718,71.704
,7/6/18 18:00,0.1718,70.243
,7/6/18 19:00,0.1724,68.785
,7/6/18 20:00,0.1718,67.329
,7/6/18 21:00,0.1728,65.574
,7/6/18 22:00,0.1732,63.433
,7/6/18 23:00,0.1728,61.376
,7/7/18 0:00,0.1732,59.659
,7/7/18 1:00,0.1728,58.239
,7/7/18 2:00,0.1728,56.944
,7/7/18 3:00,0.1728,55.863
,7/7/18 4:00,0.1724,54.865
,7/7/18 5:00,0.1724,53.994
,7/7/18 6:00,0.1724,53.253
,7/7/18 7:00,0.1724,52.686
,7/7/18 8:00,0.1724,52.554
,7/7/18 9:00,0.1724,54.777
,7/7/18 10:00,0.1718,59.529
,7/7/18 11:00,0.1714,63.433
,7/7/18 12:00,0.1714,64.418
,7/7/18 13:00,0.1709,66.686
,7/7/18 14:00,0.1709,69.557
,7/7/18 15:00,0.1709,71.748
,7/7/18 16:00,0.1699,71.103
,7/7/18 17:00,0.1709,68.571
,7/7/18 18:00,0.1714,66.429
,7/7/18 19:00,0.1728,64.161
,7/7/18 20:00,0.1714,62.019
,7/7/18 21:00,0.1709,60.69
,7/7/18 22:00,0.1714,59.401
,7/7/18 23:00,0.1714,57.936
,7/8/18 0:00,0.1714,56.556
,7/8/18 1:00,0.1718,55.342
,7/8/18 2:00,0.1718,54.43
,7/8/18 3:00,0.1714,53.559
,7/8/18 4:00,0.1714,52.686
,7/8/18 5:00,0.1718,51.895
,7/8/18 6:00,0.1714,51.237
,7/8/18 7:00,0.1714,50.709
,7/8/18 8:00,0.1714,50.4
,7/8/18 9:00,0.1714,51.282
,7/8/18 10:00,0.1709,56.251
,7/8/18 11:00,0.1703,62.406
,7/8/18 12:00,0.1709,66.772
,7/8/18 13:00,0.1709,70.459
,7/8/18 14:00,0.1718,70.974
,7/8/18 15:00,0.1714,68.313
,7/8/18 16:00,0.1718,64.632
,7/8/18 17:00,0.1718,62.748
,7/8/18 18:00,0.1695,61.119
,7/8/18 19:00,0.1699,60.003
,7/8/18 20:00,0.1703,59.185
,7/8/18 21:00,0.1699,58.239
,7/8/18 22:00,0.1695,57.29
,7/8/18 23:00,0.1699,56.556
,7/9/18 0:00,0.1699,55.69
,7/9/18 1:00,0.1699,54.995
,7/9/18 2:00,0.1703,54.255
,7/9/18 3:00,0.1703,53.209
,7/9/18 4:00,0.1709,52.203
,7/9/18 5:00,0.1709,51.237
,7/9/18 6:00,0.1714,50.311
,7/9/18 7:00,0.1714,49.561
,7/9/18 8:00,0.1714,49.073
,7/9/18 9:00,0.1714,50.752
,7/9/18 10:00,0.1709,56.512
,7/9/18 11:00,0.1709,62.191
,7/9/18 12:00,0.1709,67.071
,7/9/18 13:00,0.1718,70.543
,7/9/18 14:00,0.1718,72.523
,7/9/18 15:00,0.1724,73.256
,7/9/18 16:00,0.1732,72.997
,7/9/18 17:00,0.1738,71.661
,7/9/18 18:00,0.1742,69.901
,7/9/18 19:00,0.1738,68.056
,7/9/18 20:00,0.1742,65.959
,7/9/18 21:00,0.1746,64.375
,7/9/18 22:00,0.1746,62.62
,7/9/18 23:00,0.1742,60.818
,7/10/18 0:00,0.1742,59.142
,7/10/18 1:00,0.1742,57.765
,7/10/18 2:00,0.1742,56.642
,7/10/18 3:00,0.1742,55.558
,7/10/18 4:00,0.1742,54.648
,7/10/18 5:00,0.1742,53.776
,7/10/18 6:00,0.1742,53.078
,7/10/18 7:00,0.1742,52.686
,7/10/18 8:00,0.1742,52.554
,7/10/18 9:00,0.1746,54.82
,7/10/18 10:00,0.1738,59.959
,7/10/18 11:00,0.1732,64.931
,7/10/18 12:00,0.1738,69.427
,7/10/18 13:00,0.1738,72.05
,7/10/18 14:00,0.1738,73.688
,7/10/18 15:00,0.1738,70.93
,7/10/18 16:00,0.2445,62.791
,7/10/18 17:00,0.2383,60.861
,7/10/18 18:00,0.2347,60.474
,7/10/18 19:00,0.2318,60.26
,7/10/18 20:00,0.2299,59.916
,7/10/18 21:00,0.2282,59.229
,7/10/18 22:00,0.2286,58.239
,7/10/18 23:00,0.2269,57.29
,7/11/18 0:00,0.2257,56.208
,7/11/18 1:00,0.2245,55.168
,7/11/18 2:00,0.2237,54.255
,7/11/18 3:00,0.2229,53.341
,7/11/18 4:00,0.2219,52.509
,7/11/18 5:00,0.2211,51.809
,7/11/18 6:00,0.2203,51.193
,7/11/18 7:00,0.2198,50.664
,7/11/18 8:00,0.219,50.356
,7/11/18 9:00,0.219,51.544
,7/11/18 10:00,0.219,55.906
,7/11/18 11:00,0.2174,60.818
,7/11/18 12:00,0.2161,61.848
,7/11/18 13:00,0.2148,61.977
,7/11/18 14:00,0.2143,63.433
,7/11/18 15:00,0.2134,62.875
,7/11/18 16:00,0.2131,61.419
,7/11/18 17:00,0.2126,60.904
,7/11/18 18:00,0.2126,60.561
,7/11/18 19:00,0.2117,60.046
,7/11/18 20:00,0.2112,59.014
,7/11/18 21:00,0.2112,57.979
,7/11/18 22:00,0.2109,57.117
,7/11/18 23:00,0.2109,56.251
,7/12/18 0:00,0.21,55.558
,7/12/18 1:00,0.21,54.952
,7/12/18 2:00,0.2095,54.343
,7/12/18 3:00,0.2095,53.908
,7/12/18 4:00,0.2095,53.427
,7/12/18 5:00,0.2095,52.772
,7/12/18 6:00,0.2095,52.16
,7/12/18 7:00,0.2092,51.544
,7/12/18 8:00,0.2092,51.544
,7/12/18 9:00,0.2092,52.597
,7/12/18 10:00,0.2087,54.865
,7/12/18 11:00,0.2078,58.325
,7/12/18 12:00,0.2073,60.861
,7/12/18 13:00,0.207,62.875
,7/12/18 14:00,0.2064,62.748
,7/12/18 15:00,0.2064,63.732
,7/12/18 16:00,0.2043,63.946
,7/12/18 17:00,0.2052,63.475
,7/12/18 18:00,0.2047,63.518
,7/12/18 19:00,0.2043,62.748
,7/12/18 20:00,0.2038,61.506
,7/12/18 21:00,0.2038,60.26
,7/12/18 22:00,0.2073,58.928
,7/12/18 23:00,0.2073,57.807
,7/13/18 0:00,0.207,56.858
,7/13/18 1:00,0.2073,55.863
,7/13/18 2:00,0.207,54.952
,7/13/18 3:00,0.207,54.037
,7/13/18 4:00,0.207,53.472
,7/13/18 5:00,0.207,52.686
,7/13/18 6:00,0.207,51.809
,7/13/18 7:00,0.2073,51.062
,7/13/18 8:00,0.2073,50.576
,7/13/18 9:00,0.2092,51.501
,7/13/18 10:00,0.2083,55.558
,7/13/18 11:00,0.2078,59.83
,7/13/18 12:00,0.207,60.991
,7/13/18 13:00,0.2064,63.604
,7/13/18 14:00,0.2061,65.316
,7/13/18 15:00,0.2047,65.745
,7/13/18 16:00,0.2047,65.273
,7/13/18 17:00,0.2038,64.974
,7/13/18 18:00,0.2043,64.161
,7/13/18 19:00,0.2043,63.219
,7/13/18 20:00,0.2043,62.148
,7/13/18 21:00,0.2043,60.991
,7/13/18 22:00,0.2047,59.916
,7/13/18 23:00,0.2047,58.928
,7/14/18 0:00,0.2043,57.936
,7/14/18 1:00,0.2047,57.16
,7/14/18 2:00,0.2047,56.079
,7/14/18 3:00,0.2047,55.125
,7/14/18 4:00,0.2047,54.516
,7/14/18 5:00,0.2047,53.733
,7/14/18 6:00,0.2047,52.86
,7/14/18 7:00,0.2043,52.072
,7/14/18 8:00,0.2043,51.633
,7/14/18 9:00,0.2047,52.772
,7/14/18 10:00,0.2043,57.074
,7/14/18 11:00,0.2043,61.934
,7/14/18 12:00,0.2029,65.916
,7/14/18 13:00,0.2029,69.042
,7/14/18 14:00,0.2026,70.974
,7/14/18 15:00,0.2017,71.877
,7/14/18 16:00,0.2008,72.136
,7/14/18 17:00,0.2008,71.49
,7/14/18 18:00,0.2012,69.942
,7/14/18 19:00,0.2012,68.227
,7/14/18 20:00,0.2008,66.344
,7/14/18 21:00,0.2008,64.803
,7/14/18 22:00,0.2008,63.433
,7/14/18 23:00,0.2008,62.276
,7/15/18 0:00,0.2008,61.462
,7/15/18 1:00,0.2012,60.69
,7/15/18 2:00,0.2008,59.873
,7/15/18 3:00,0.2012,59.272
,7/15/18 4:00,0.2012,58.755
,7/15/18 5:00,0.2012,58.239
,7/15/18 6:00,0.2012,57.722
,7/15/18 7:00,0.2008,57.376
,7/15/18 8:00,0.2003,57.204
,7/15/18 9:00,0.2003,57.247
,7/15/18 10:00,0.2003,57.936
,7/15/18 11:00,0.2003,58.109
,7/15/18 12:00,0.1994,59.659
,7/15/18 13:00,0.199,61.032
,7/15/18 14:00,0.1985,63.048
,7/15/18 15:00,0.1976,64.717
,7/15/18 16:00,0.1976,66.043
,7/15/18 17:00,0.1976,65.017
,7/15/18 18:00,0.1981,63.262
,7/15/18 19:00,0.1945,61.934
,7/15/18 20:00,0.1935,60.991
,7/15/18 21:00,0.1932,60.132
,7/15/18 22:00,0.1932,59.014
,7/15/18 23:00,0.1932,57.765
,7/16/18 0:00,0.1926,56.642
,7/16/18 1:00,0.1926,55.647
,7/16/18 2:00,0.1926,55.081
,7/16/18 3:00,0.1926,54.3
,7/16/18 4:00,0.1926,53.384
,7/16/18 5:00,0.1923,52.423
,7/16/18 6:00,0.1923,51.589
,7/16/18 7:00,0.1923,50.974
,7/16/18 8:00,0.1923,50.621
,7/16/18 9:00,0.1932,52.029
,7/16/18 10:00,0.1939,56.599
,7/16/18 11:00,0.1935,61.59
,7/16/18 12:00,0.1926,64.459
,7/16/18 13:00,0.1926,63.819
,7/16/18 14:00,0.1917,64.76
,7/16/18 15:00,0.1923,66.13
,7/16/18 16:00,0.1913,66.087
,7/16/18 17:00,0.1913,65.273
,7/16/18 18:00,0.1917,64.332
,7/16/18 19:00,0.1908,63.133
,7/16/18 20:00,0.1908,61.891
,7/16/18 21:00,0.1908,60.517
,7/16/18 22:00,0.1913,58.971
,7/16/18 23:00,0.1913,57.722
,7/17/18 0:00,0.1913,56.858
,7/17/18 1:00,0.1913,56.34
,7/17/18 2:00,0.1913,55.558
,7/17/18 3:00,0.1913,54.952
,7/17/18 4:00,0.1913,54.3
,7/17/18 5:00,0.1913,53.776
,7/17/18 6:00,0.1913,53.166
,7/17/18 7:00,0.1917,52.686
,7/17/18 8:00,0.1913,52.686
,7/17/18 9:00,0.1913,54.343
,7/17/18 10:00,0.1908,57.893
,7/17/18 11:00,0.1908,62.233
,7/17/18 12:00,0.1908,65.658
,7/17/18 13:00,0.1904,69.728
,7/17/18 14:00,0.1898,72.955
,7/17/18 15:00,0.1895,73.99
,7/17/18 16:00,0.1898,73.299
,7/17/18 17:00,0.1898,71.661
,7/17/18 18:00,0.1895,69.514
,7/17/18 19:00,0.1891,67.114
,7/17/18 20:00,0.1891,65.403
,7/17/18 21:00,0.1895,63.347
,7/17/18 22:00,0.1895,61.506
,7/17/18 23:00,0.1895,59.83
,7/18/18 0:00,0.1895,58.411
,7/18/18 1:00,0.1895,57.204
,7/18/18 2:00,0.1895,56.208
,7/18/18 3:00,0.1895,55.386
,7/18/18 4:00,0.1895,54.604
,7/18/18 5:00,0.1895,53.951
,7/18/18 6:00,0.1895,53.341
,7/18/18 7:00,0.1895,52.86
,7/18/18 8:00,0.1895,52.686
,7/18/18 9:00,0.1885,54.255
,7/18/18 10:00,0.1876,58.411
,7/18/18 11:00,0.1872,63.048
,7/18/18 12:00,0.1866,67.757
,7/18/18 13:00,0.1862,71.834
,7/18/18 14:00,0.1908,72.61
,7/18/18 15:00,0.1917,73.558
,7/18/18 16:00,0.1926,73.904
,7/18/18 17:00,0.1913,72.61
,7/18/18 18:00,0.1913,71.103
,7/18/18 19:00,0.1908,69.256
,7/18/18 20:00,0.1904,67.329
,7/18/18 21:00,0.1904,65.359
,7/18/18 22:00,0.1904,63.475
,7/18/18 23:00,0.1898,61.848
,7/19/18 0:00,0.1898,60.39
,7/19/18 1:00,0.1898,59.272
,7/19/18 2:00,0.1895,58.325
,7/19/18 3:00,0.1891,57.506
,7/19/18 4:00,0.1891,56.728
,7/19/18 5:00,0.1891,55.863
,7/19/18 6:00,0.1891,55.081
,7/19/18 7:00,0.1885,54.516
,7/19/18 8:00,0.1891,54.561
,7/19/18 9:00,0.1885,56.469
,7/19/18 10:00,0.1885,60.561
,7/19/18 11:00,0.1876,65.444
,7/19/18 12:00,0.1872,70.158
,7/19/18 13:00,0.1866,73.947
,7/19/18 14:00,0.1862,75.508
,7/19/18 15:00,0.1859,76.811
,7/19/18 16:00,0.1853,76.854
,7/19/18 17:00,0.1853,75.551
,7/19/18 18:00,0.1853,73.904
,7/19/18 19:00,0.1843,72.007
,7/19/18 20:00,0.1843,69.942
,7/19/18 21:00,0.184,67.757
,7/19/18 22:00,0.184,65.959
,7/19/18 23:00,0.1836,64.375
,7/20/18 0:00,0.1836,62.919
,7/20/18 1:00,0.1836,61.59
,7/20/18 2:00,0.183,60.346
,7/20/18 3:00,0.183,59.272
,7/20/18 4:00,0.183,58.152
,7/20/18 5:00,0.1826,57.247
,7/20/18 6:00,0.1826,56.512
,7/20/18 7:00,0.1826,56.079
,7/20/18 8:00,0.182,56.685
,7/20/18 9:00,0.1826,58.626
,7/20/18 10:00,0.182,61.848
,7/20/18 11:00,0.1816,65.574
,7/20/18 12:00,0.1813,68.871
,7/20/18 13:00,0.1813,72.653
,7/20/18 14:00,0.1803,74.12
,7/20/18 15:00,0.1803,73.083
,7/20/18 16:00,0.1803,71.231
,7/20/18 17:00,0.1803,69.728
,7/20/18 18:00,0.1797,68.698
,7/20/18 19:00,0.1797,67.671
,7/20/18 20:00,0.1797,66.472
,7/20/18 21:00,0.1793,64.674
,7/20/18 22:00,0.1789,62.962
,7/20/18 23:00,0.1789,61.376
,7/21/18 0:00,0.1789,60.089
,7/21/18 1:00,0.1789,58.885
,7/21/18 2:00,0.1783,57.85
,7/21/18 3:00,0.1779,56.944
,7/21/18 4:00,0.1783,56.122
,7/21/18 5:00,0.1783,55.299
,7/21/18 6:00,0.1779,54.604
,7/21/18 7:00,0.1779,54.037
,7/21/18 8:00,0.1779,53.776
,7/21/18 9:00,0.1779,55.558
,7/21/18 10:00,0.1779,60.217
,7/21/18 11:00,0.1775,65.53
,7/21/18 12:00,0.1769,71.447
,7/21/18 13:00,0.1765,75.985
,7/21/18 14:00,0.1765,78.471
,7/21/18 15:00,0.1765,79.261
,7/21/18 16:00,0.1765,78.471
,7/21/18 17:00,0.1765,77.029
,7/21/18 18:00,0.1765,74.554
,7/21/18 19:00,0.1762,72.48
,7/21/18 20:00,0.1762,70.502
,7/21/18 21:00,0.1756,68.614
,7/21/18 22:00,0.1756,66.558
,7/21/18 23:00,0.1752,64.931
,7/22/18 0:00,0.1746,63.518
,7/22/18 1:00,0.1746,62.533
,7/22/18 2:00,0.1746,62.019
,7/22/18 3:00,0.1742,61.59
,7/22/18 4:00,0.1746,61.032
,7/22/18 5:00,0.1746,60.26
,7/22/18 6:00,0.1742,59.142
,7/22/18 7:00,0.1738,58.152
,7/22/18 8:00,0.1738,57.592
,7/22/18 9:00,0.1742,59.445
,7/22/18 10:00,0.1742,63.819
,7/22/18 11:00,0.1738,68.785
,7/22/18 12:00,0.1732,74.25
,7/22/18 13:00,0.1732,78.69
,7/22/18 14:00,0.1728,80.89
,7/22/18 15:00,0.1732,81.288
,7/22/18 16:00,0.1732,80.58
,7/22/18 17:00,0.1728,79.084
,7/22/18 18:00,0.1732,77.072
,7/22/18 19:00,0.1724,74.899
,7/22/18 20:00,0.1728,73.04
,7/22/18 21:00,0.1718,71.06
,7/22/18 22:00,0.1728,69.129
,7/22/18 23:00,0.1728,67.158
,7/23/18 0:00,0.1728,65.701
,7/23/18 1:00,0.1724,64.161
,7/23/18 2:00,0.1728,62.875
,7/23/18 3:00,0.1724,61.59
,7/23/18 4:00,0.1718,60.217
,7/23/18 5:00,0.1718,59.014
,7/23/18 6:00,0.1718,57.936
,7/23/18 7:00,0.1714,57.031
,7/23/18 8:00,0.1714,56.426
,7/23/18 9:00,0.1714,57.807
,7/23/18 10:00,0.1709,62.62
,7/23/18 11:00,0.1703,67.372
,7/23/18 12:00,0.1699,71.964
,7/23/18 13:00,0.1699,73.818
,7/23/18 14:00,0.1699,75.42
,7/23/18 15:00,0.1699,75.767
,7/23/18 16:00,0.1699,75.204
,7/23/18 17:00,0.1703,74.206
,7/23/18 18:00,0.1703,72.437
,7/23/18 19:00,0.1703,70.716
,7/23/18 20:00,0.1703,69.3
,7/23/18 21:00,0.1703,67.671
,7/23/18 22:00,0.1703,66
,7/23/18 23:00,0.1699,64.546
,7/24/18 0:00,0.1699,63.176
,7/24/18 1:00,0.1695,61.761
,7/24/18 2:00,0.1695,60.733
,7/24/18 3:00,0.1695,59.616
,7/24/18 4:00,0.1689,58.755
,7/24/18 5:00,0.1689,58.239
,7/24/18 6:00,0.1685,57.765
,7/24/18 7:00,0.1685,57.204
,7/24/18 8:00,0.1685,56.685
,7/24/18 9:00,0.1689,58.066
,7/24/18 10:00,0.1689,62.019
,7/24/18 11:00,0.1685,65.701
,7/24/18 12:00,0.1685,70.887
,7/24/18 13:00,0.1685,75.985
,7/24/18 14:00,0.1681,78.382
,7/24/18 15:00,0.1681,79.48
,7/24/18 16:00,0.1689,77.335
,7/24/18 17:00,0.1685,75.681
,7/24/18 18:00,0.1689,74.12
,7/24/18 19:00,0.1685,72.05
,7/24/18 20:00,0.1685,70.072
,7/24/18 21:00,0.1685,68.013
,7/24/18 22:00,0.1681,66.344
,7/24/18 23:00,0.1681,65.017
,7/25/18 0:00,0.1681,63.99
,7/25/18 1:00,0.1677,63.09
,7/25/18 2:00,0.1677,62.148
,7/25/18 3:00,0.1677,61.032
,7/25/18 4:00,0.1677,59.788
,7/25/18 5:00,0.1671,58.582
,7/25/18 6:00,0.1671,57.463
,7/25/18 7:00,0.1671,56.642
,7/25/18 8:00,0.1671,56.251
,7/25/18 9:00,0.1671,57.074
,7/25/18 10:00,0.1671,58.928
,7/25/18 11:00,0.1667,61.032
,7/25/18 12:00,0.1671,67.071
,7/25/18 13:00,0.1667,69.042
,7/25/18 14:00,0.1667,70.329
,7/25/18 15:00,0.1667,73.256
,7/25/18 16:00,0.1667,74.424
,7/25/18 17:00,0.1677,71.791
,7/25/18 18:00,0.1677,69.728
,7/25/18 19:00,0.1677,68.27
,7/25/18 20:00,0.1677,66.344
,7/25/18 21:00,0.1677,64.589
,7/25/18 22:00,0.1671,63.133
,7/25/18 23:00,0.1667,62.233
,7/26/18 0:00,0.1663,61.205
,7/26/18 1:00,0.1667,59.788
,7/26/18 2:00,0.1663,58.455
,7/26/18 3:00,0.1663,57.29
,7/26/18 4:00,0.1663,56.251
,7/26/18 5:00,0.1656,55.299
,7/26/18 6:00,0.1652,54.516
,7/26/18 7:00,0.1652,53.865
,7/26/18 8:00,0.1652,53.733
,7/26/18 9:00,0.1656,55.515
,7/26/18 10:00,0.1663,59.401
,7/26/18 11:00,0.1656,62.577
,7/26/18 12:00,0.1652,65.745
,7/26/18 13:00,0.1652,66.472
,7/26/18 14:00,0.1652,69.085
,7/26/18 15:00,0.1652,70.372
,7/26/18 16:00,0.1652,70.93
,7/26/18 17:00,0.1656,70.974
,7/26/18 18:00,0.1656,70.158
,7/26/18 19:00,0.1656,68.527
,7/26/18 20:00,0.1656,66.515
,7/26/18 21:00,0.1648,64.332
,7/26/18 22:00,0.1648,62.276
,7/26/18 23:00,0.1648,60.474
,7/27/18 0:00,0.1648,59.014
,7/27/18 1:00,0.1648,57.765
,7/27/18 2:00,0.1652,56.599
,7/27/18 3:00,0.1642,55.558
,7/27/18 4:00,0.1642,54.604
,7/27/18 5:00,0.1638,53.733
,7/27/18 6:00,0.1634,52.947
,7/27/18 7:00,0.1629,52.291
,7/27/18 8:00,0.1634,52.072
,7/27/18 9:00,0.1638,53.994
,7/27/18 10:00,0.1638,58.755
,7/27/18 11:00,0.1638,64.247
,7/27/18 12:00,0.1638,67.242
,7/27/18 13:00,0.1638,66.985
,7/27/18 14:00,0.1638,70.372
,7/27/18 15:00,0.1638,72.523
,7/27/18 16:00,0.1638,73.083
,7/27/18 17:00,0.1648,70.329
,7/27/18 18:00,0.1656,67.928
,7/27/18 19:00,0.1656,66.301
,7/27/18 20:00,0.1652,64.375
,7/27/18 21:00,0.1663,62.191
,7/27/18 22:00,0.1656,60.474
,7/27/18 23:00,0.1656,58.885
,7/28/18 0:00,0.1656,57.333
,7/28/18 1:00,0.1652,55.949
,7/28/18 2:00,0.1652,54.734
,7/28/18 3:00,0.1648,53.645
,7/28/18 4:00,0.1642,52.686
,7/28/18 5:00,0.1648,51.809
,7/28/18 6:00,0.1642,51.017
,7/28/18 7:00,0.1642,50.4
,7/28/18 8:00,0.1642,50.223
,7/28/18 9:00,0.1642,51.809
,7/28/18 10:00,0.1642,56.599
,7/28/18 11:00,0.1638,61.032
,7/28/18 12:00,0.1638,63.819
,7/28/18 13:00,0.1642,62.533
,7/28/18 14:00,0.1638,63.518
,7/28/18 15:00,0.1642,66.772
,7/28/18 16:00,0.1642,67.885
,7/28/18 17:00,0.1638,67.5
,7/28/18 18:00,0.1648,65.53
,7/28/18 19:00,0.1663,62.019
,7/28/18 20:00,0.1663,60.517
,7/28/18 21:00,0.1656,59.229
,7/28/18 22:00,0.1656,57.463
,7/28/18 23:00,0.1652,55.776
,7/29/18 0:00,0.1652,54.343
,7/29/18 1:00,0.1652,52.947
,7/29/18 2:00,0.1648,51.809
,7/29/18 3:00,0.1648,50.752
,7/29/18 4:00,0.1642,49.87
,7/29/18 5:00,0.1648,49.073
,7/29/18 6:00,0.1642,48.45
,7/29/18 7:00,0.1642,47.914
,7/29/18 8:00,0.1642,47.871
,7/29/18 9:00,0.1642,49.471
,7/29/18 10:00,0.1642,54.169
,7/29/18 11:00,0.1638,59.959
,7/29/18 12:00,0.1642,65.615
,7/29/18 13:00,0.1638,69.771
,7/29/18 14:00,0.1638,70.158
,7/29/18 15:00,0.1642,70.029
,7/29/18 16:00,0.1642,67.671
,7/29/18 17:00,0.1652,65.273
,7/29/18 18:00,0.1648,64.074
,7/29/18 19:00,0.1648,62.533
,7/29/18 20:00,0.1642,61.119
,7/29/18 21:00,0.1642,59.445
,7/29/18 22:00,0.1638,57.722
,7/29/18 23:00,0.1638,56.165
,7/30/18 0:00,0.1634,54.865
,7/30/18 1:00,0.1638,53.776
,7/30/18 2:00,0.1638,52.772
,7/30/18 3:00,0.1634,51.764
,7/30/18 4:00,0.1634,50.797
,7/30/18 5:00,0.1629,49.959
,7/30/18 6:00,0.1634,49.338
,7/30/18 7:00,0.1634,48.85
,7/30/18 8:00,0.1629,48.538
,7/30/18 9:00,0.1634,50.135
,7/30/18 10:00,0.1634,54.648
,7/30/18 11:00,0.1629,59.873
,7/30/18 12:00,0.1638,65.658
,7/30/18 13:00,0.1634,70.329
,7/30/18 14:00,0.1638,72.696
,7/30/18 15:00,0.1638,74.295
,7/30/18 16:00,0.1642,74.206
,7/30/18 17:00,0.1648,72.826
,7/30/18 18:00,0.1648,70.846
,7/30/18 19:00,0.1648,68.614
,7/30/18 20:00,0.1642,66.13
,7/30/18 21:00,0.1642,63.433
,7/30/18 22:00,0.1634,60.991
,7/30/18 23:00,0.1634,59.142
,7/31/18 0:00,0.1634,57.722
,7/31/18 1:00,0.1629,56.34
,7/31/18 2:00,0.1629,54.952
,7/31/18 3:00,0.1623,53.515
,7/31/18 4:00,0.1623,52.203
,7/31/18 5:00,0.1623,51.017
,7/31/18 6:00,0.1619,50.047
,7/31/18 7:00,0.1619,49.204
,7/31/18 8:00,0.1619,48.717
,7/31/18 9:00,0.1623,50.445
,7/31/18 10:00,0.1623,55.69
,7/31/18 11:00,0.1623,61.977
,7/31/18 12:00,0.1623,68.785
,7/31/18 13:00,0.1629,73.558
,7/31/18 14:00,0.1623,75.42
,7/31/18 15:00,0.1629,75.942
,7/31/18 16:00,0.1629,74.943
,7/31/18 17:00,0.1634,73.429
,7/31/18 18:00,0.1634,71.447
,7/31/18 19:00,0.1634,69.471
,7/31/18 20:00,0.1629,67.158
,7/31/18 21:00,0.1629,64.589
,7/31/18 22:00,0.1623,62.319
,7/31/18 23:00,0.1619,60.474
,8/1/18 0:00,0.1615,58.928
,8/1/18 1:00,0.1615,57.506
,8/1/18 2:00,0.1615,56.208
,8/1/18 3:00,0.1608,54.995
,8/1/18 4:00,0.1608,53.908
,8/1/18 5:00,0.1604,52.947
,8/1/18 6:00,0.1604,52.029
,8/1/18 7:00,0.1604,51.413
,8/1/18 8:00,0.1604,51.501
,8/1/18 9:00,0.1604,53.298
,8/1/18 10:00,0.1608,57.636
,8/1/18 11:00,0.1608,62.875
,8/1/18 12:00,0.1604,67.413
,8/1/18 13:00,0.1608,69.514
,8/1/18 14:00,0.1608,69.685
,8/1/18 15:00,0.1615,68.527
,8/1/18 16:00,0.1615,68.185
,8/1/18 17:00,0.1615,68.443
,8/1/18 18:00,0.1608,67.543
,8/1/18 19:00,0.1615,66
,8/1/18 20:00,0.1608,64.418
,8/1/18 21:00,0.1604,62.533
,8/1/18 22:00,0.1604,60.818
,8/1/18 23:00,0.16,59.788
,8/2/18 0:00,0.1596,58.582
,8/2/18 1:00,0.1596,57.29
,8/2/18 2:00,0.159,56.165
,8/2/18 3:00,0.1596,55.125
,8/2/18 4:00,0.1596,54.082
,8/2/18 5:00,0.159,53.121
,8/2/18 6:00,0.1585,52.291
,8/2/18 7:00,0.159,51.678
,8/2/18 8:00,0.1585,51.544
,8/2/18 9:00,0.159,53.427
,8/2/18 10:00,0.159,58.195
,8/2/18 11:00,0.159,63.903
,8/2/18 12:00,0.1596,69.471
,8/2/18 13:00,0.159,70.846
,8/2/18 14:00,0.1596,71.704
,8/2/18 15:00,0.1596,72.437
,8/2/18 16:00,0.16,72.997
,8/2/18 17:00,0.16,72.394
,8/2/18 18:00,0.16,71.19
,8/2/18 19:00,0.1604,69.643
,8/2/18 20:00,0.16,67.5
,8/2/18 21:00,0.1596,65.444
,8/2/18 22:00,0.1596,63.732
,8/2/18 23:00,0.159,62.447
,8/3/18 0:00,0.1585,61.59
,8/3/18 1:00,0.159,60.861
,8/3/18 2:00,0.1585,60.132
,8/3/18 3:00,0.1581,59.529
,8/3/18 4:00,0.1585,59.014
,8/3/18 5:00,0.1581,58.541
,8/3/18 6:00,0.1577,58.066
,8/3/18 7:00,0.1577,57.636
,8/3/18 8:00,0.1581,57.463
,8/3/18 9:00,0.1581,57.549
,8/3/18 10:00,0.1577,58.239
,8/3/18 11:00,0.1581,59.099
,8/3/18 12:00,0.1581,59.745
,8/3/18 13:00,0.1581,59.873
,8/3/18 14:00,0.1596,59.272
,8/3/18 15:00,0.1596,59.486
,8/3/18 16:00,0.159,62.875
,8/3/18 17:00,0.1596,64.632
,8/3/18 18:00,0.1596,63.732
,8/3/18 19:00,0.1596,62.233
,8/3/18 20:00,0.1596,60.818
,8/3/18 21:00,0.159,58.971
,8/3/18 22:00,0.159,57.117
,8/3/18 23:00,0.159,55.558
,8/4/18 0:00,0.159,54.126
,8/4/18 1:00,0.159,52.86
,8/4/18 2:00,0.159,51.809
,8/4/18 3:00,0.1585,50.752
,8/4/18 4:00,0.1585,49.87
,8/4/18 5:00,0.1581,49.338
,8/4/18 6:00,0.1581,48.805
,8/4/18 7:00,0.1581,48.182
,8/4/18 8:00,0.1581,48.049
,8/4/18 9:00,0.1581,49.604
,8/4/18 10:00,0.1581,54.995
,8/4/18 11:00,0.1577,59.745
,8/4/18 12:00,0.1581,62.661
,8/4/18 13:00,0.1581,66.472
,8/4/18 14:00,0.1581,67.199
,8/4/18 15:00,0.1585,69.814
,8/4/18 16:00,0.159,70.587
,8/4/18 17:00,0.159,68.956
,8/4/18 18:00,0.159,67.028
,8/4/18 19:00,0.159,64.76
,8/4/18 20:00,0.1596,62.233
,8/4/18 21:00,0.1596,59.745
,8/4/18 22:00,0.1596,57.765
,8/4/18 23:00,0.1596,56.035
,8/5/18 0:00,0.159,54.561
,8/5/18 1:00,0.159,53.427
,8/5/18 2:00,0.159,52.466
,8/5/18 3:00,0.159,51.501
,8/5/18 4:00,0.159,51.193
,8/5/18 5:00,0.159,51.325
,8/5/18 6:00,0.159,51.458
,8/5/18 7:00,0.16,51.37
,8/5/18 8:00,0.1596,51.501
,8/5/18 9:00,0.1596,52.772
,8/5/18 10:00,0.159,56.988
,8/5/18 11:00,0.159,61.506
,8/5/18 12:00,0.159,63.561
,8/5/18 13:00,0.1596,64.931
,8/5/18 14:00,0.159,66.9
,8/5/18 15:00,0.159,67.971
,8/5/18 16:00,0.1596,67.971
,8/5/18 17:00,0.1596,67.714
,8/5/18 18:00,0.16,66.043
,8/5/18 19:00,0.16,64.418
,8/5/18 20:00,0.1596,62.62
,8/5/18 21:00,0.1596,60.733
,8/5/18 22:00,0.159,59.445
,8/5/18 23:00,0.159,57.893
,8/6/18 0:00,0.159,56.512
,8/6/18 1:00,0.159,55.125
,8/6/18 2:00,0.1585,54.169
,8/6/18 3:00,0.1585,53.209
,8/6/18 4:00,0.1585,52.291
,8/6/18 5:00,0.1585,51.678
,8/6/18 6:00,0.1585,50.752
,8/6/18 7:00,0.1581,49.959
,8/6/18 8:00,0.1581,49.516
,8/6/18 9:00,0.1585,50.709
,8/6/18 10:00,0.1585,56.079
,8/6/18 11:00,0.1581,61.891
,8/6/18 12:00,0.1585,68.484
,8/6/18 13:00,0.1585,73.126
,8/6/18 14:00,0.1585,74.467
,8/6/18 15:00,0.159,75.42
,8/6/18 16:00,0.16,75.333
,8/6/18 17:00,0.16,73.515
,8/6/18 18:00,0.1604,71.62
,8/6/18 19:00,0.16,69.685
,8/6/18 20:00,0.16,67.242
,8/6/18 21:00,0.16,64.632
,8/6/18 22:00,0.1596,62.447
,8/6/18 23:00,0.159,60.647
,8/7/18 0:00,0.159,59.099
,8/7/18 1:00,0.159,57.722
,8/7/18 2:00,0.1585,56.208
,8/7/18 3:00,0.1585,54.952
,8/7/18 4:00,0.1585,53.733
,8/7/18 5:00,0.1581,52.686
,8/7/18 6:00,0.1581,51.721
,8/7/18 7:00,0.1581,50.974
,8/7/18 8:00,0.1577,50.664
,8/7/18 9:00,0.1577,52.072
,8/7/18 10:00,0.1581,57.031
,8/7/18 11:00,0.1581,62.875
,8/7/18 12:00,0.1581,69.129
,8/7/18 13:00,0.1585,73.558
,8/7/18 14:00,0.1585,75.117
,8/7/18 15:00,0.159,76.636
,8/7/18 16:00,0.16,76.464
,8/7/18 17:00,0.16,75.247
,8/7/18 18:00,0.16,72.869
,8/7/18 19:00,0.1596,70.329
,8/7/18 20:00,0.1596,67.714
,8/7/18 21:00,0.1596,65.102
,8/7/18 22:00,0.159,62.919
,8/7/18 23:00,0.1585,61.248
,8/8/18 0:00,0.1585,59.83
,8/8/18 1:00,0.1581,58.411
,8/8/18 2:00,0.1581,56.944
,8/8/18 3:00,0.1581,55.647
,8/8/18 4:00,0.1581,54.473
,8/8/18 5:00,0.1577,53.427
,8/8/18 6:00,0.1577,52.423
,8/8/18 7:00,0.157,51.589
,8/8/18 8:00,0.157,51.237
,8/8/18 9:00,0.157,52.597
,8/8/18 10:00,0.157,57.463
,8/8/18 11:00,0.157,63.304
,8/8/18 12:00,0.1566,69.427
,8/8/18 13:00,0.157,73.861
,8/8/18 14:00,0.157,75.508
,8/8/18 15:00,0.1577,77.247
,8/8/18 16:00,0.1581,77.509
,8/8/18 17:00,0.1585,76.158
,8/8/18 18:00,0.1585,74.034
,8/8/18 19:00,0.1585,71.577
,8/8/18 20:00,0.1585,68.785
,8/8/18 21:00,0.1581,66.087
,8/8/18 22:00,0.1577,63.819
,8/8/18 23:00,0.1577,61.761
,8/9/18 0:00,0.157,59.959
,8/9/18 1:00,0.157,58.411
,8/9/18 2:00,0.157,57.117
,8/9/18 3:00,0.1566,56.079
,8/9/18 4:00,0.1566,55.081
,8/9/18 5:00,0.1558,54.212
,8/9/18 6:00,0.1562,53.384
,8/9/18 7:00,0.1558,52.597
,8/9/18 8:00,0.1551,52.291
,8/9/18 9:00,0.1558,53.645
,8/9/18 10:00,0.1558,58.582
,8/9/18 11:00,0.1558,64.418
,8/9/18 12:00,0.1562,68.27
,8/9/18 13:00,0.1558,70.201
,8/9/18 14:00,0.1562,71.404
,8/9/18 15:00,0.1562,71.447
,8/9/18 16:00,0.1562,71.62
,8/9/18 17:00,0.1566,72.351
,8/9/18 18:00,0.1562,71.103
,8/9/18 19:00,0.1566,69.256
,8/9/18 20:00,0.1585,67.372
,8/9/18 21:00,0.1566,65.487
,8/9/18 22:00,0.1562,63.475
,8/9/18 23:00,0.1562,61.419
,8/10/18 0:00,0.1558,59.659
,8/10/18 1:00,0.1551,58.325
,8/10/18 2:00,0.1547,57.463
,8/10/18 3:00,0.1547,56.383
,8/10/18 4:00,0.1542,55.256
,8/10/18 5:00,0.1547,54.255
,8/10/18 6:00,0.1542,53.384
,8/10/18 7:00,0.1542,52.641
,8/10/18 8:00,0.1547,52.203
,8/10/18 9:00,0.1542,53.472
,8/10/18 10:00,0.1547,58.498
,8/10/18 11:00,0.1547,62.019
,8/10/18 12:00,0.1547,63.262
,8/10/18 13:00,0.1547,65.872
,8/10/18 14:00,0.1547,66.643
,8/10/18 15:00,0.1547,67.329
,8/10/18 16:00,0.1547,66.214
,8/10/18 17:00,0.1551,65.188
,8/10/18 18:00,0.1547,65.017
,8/10/18 19:00,0.1547,64.674
,8/10/18 20:00,0.1547,63.39
,8/10/18 21:00,0.1547,61.848
,8/10/18 22:00,0.1551,60.26
,8/10/18 23:00,0.1542,58.325
,8/11/18 0:00,0.1538,56.556
,8/11/18 1:00,0.1538,55.038
,8/11/18 2:00,0.1532,53.733
,8/11/18 3:00,0.1527,52.597
,8/11/18 4:00,0.1527,51.544
,8/11/18 5:00,0.1523,50.621
,8/11/18 6:00,0.1527,49.782
,8/11/18 7:00,0.1523,49.073
,8/11/18 8:00,0.1523,48.538
,8/11/18 9:00,0.1527,49.737
,8/11/18 10:00,0.1527,55.168
,8/11/18 11:00,0.1527,61.72
,8/11/18 12:00,0.1532,68.099
,8/11/18 13:00,0.1532,69.343
,8/11/18 14:00,0.1538,69.386
,8/11/18 15:00,0.1538,69.256
,8/11/18 16:00,0.1542,69.985
,8/11/18 17:00,0.1547,69.17
,8/11/18 18:00,0.1542,67.329
,8/11/18 19:00,0.1542,65.788
,8/11/18 20:00,0.1542,64.589
,8/11/18 21:00,0.1538,62.661
,8/11/18 22:00,0.1532,60.647
,8/11/18 23:00,0.1527,58.798
,8/12/18 0:00,0.1532,57.16
,8/12/18 1:00,0.1527,55.733
,8/12/18 2:00,0.1527,54.516
,8/12/18 3:00,0.1523,53.427
,8/12/18 4:00,0.1519,52.423
,8/12/18 5:00,0.1519,51.544
,8/12/18 6:00,0.1519,50.752
,8/12/18 7:00,0.1514,50.047
,8/12/18 8:00,0.1514,49.782
,8/12/18 9:00,0.1519,51.105
,8/12/18 10:00,0.1519,56.251
,8/12/18 11:00,0.1523,62.406
,8/12/18 12:00,0.1523,68.913
,8/12/18 13:00,0.1527,73.429
,8/12/18 14:00,0.1527,75.376
,8/12/18 15:00,0.1527,77.553
,8/12/18 16:00,0.1538,77.16
,8/12/18 17:00,0.1542,75.681
,8/12/18 18:00,0.1542,73.515
,8/12/18 19:00,0.1538,70.887
,8/12/18 20:00,0.1538,68.313
,8/12/18 21:00,0.1542,66.173
,8/12/18 22:00,0.1527,64.247
,8/12/18 23:00,0.1527,62.148
,8/13/18 0:00,0.1523,60.217
,8/13/18 1:00,0.1519,58.798
,8/13/18 2:00,0.1514,57.549
,8/13/18 3:00,0.1514,56.34
,8/13/18 4:00,0.1514,55.299
,8/13/18 5:00,0.1508,54.43
,8/13/18 6:00,0.1508,53.559
,8/13/18 7:00,0.1503,52.86
,8/13/18 8:00,0.1503,52.554
,8/13/18 9:00,0.1503,53.951
,8/13/18 10:00,0.1508,58.712
,8/13/18 11:00,0.1508,64.589
,8/13/18 12:00,0.1519,70.846
,8/13/18 13:00,0.1519,75.333
,8/13/18 14:00,0.1523,75.594
,8/13/18 15:00,0.1527,77.247
,8/13/18 16:00,0.1523,77.335
,8/13/18 17:00,0.1532,76.028
,8/13/18 18:00,0.1527,73.774
,8/13/18 19:00,0.1527,71.533
,8/13/18 20:00,0.1523,69.343
,8/13/18 21:00,0.1519,67.242
,8/13/18 22:00,0.1514,65.574
,8/13/18 23:00,0.1519,64.332
,8/14/18 0:00,0.1514,62.704
,8/14/18 1:00,0.1508,60.904
,8/14/18 2:00,0.1508,59.229
,8/14/18 3:00,0.1503,57.807
,8/14/18 4:00,0.1499,56.512
,8/14/18 5:00,0.1499,55.429
,8/14/18 6:00,0.1495,54.43
,8/14/18 7:00,0.1495,53.559
,8/14/18 8:00,0.1495,53.253
,8/14/18 9:00,0.1499,54.516
,8/14/18 10:00,0.1499,59.185
,8/14/18 11:00,0.1499,64.418
,8/14/18 12:00,0.1495,66.985
,8/14/18 13:00,0.1508,69.427
,8/14/18 14:00,0.1503,71.577
,8/14/18 15:00,0.1508,73.04
,8/14/18 16:00,0.1508,73.256
,8/14/18 17:00,0.1514,72.61
,8/14/18 18:00,0.1514,71.62
,8/14/18 19:00,0.1508,69.728
,8/14/18 20:00,0.1508,67.671
,8/14/18 21:00,0.1503,65.658
,8/14/18 22:00,0.1499,63.862
,8/14/18 23:00,0.1499,62.062
,8/15/18 0:00,0.1495,60.303
,8/15/18 1:00,0.1495,58.928
,8/15/18 2:00,0.149,57.636
,8/15/18 3:00,0.149,56.685
,8/15/18 4:00,0.149,55.949
,8/15/18 5:00,0.1484,55.299
,8/15/18 6:00,0.1484,54.516
,8/15/18 7:00,0.1479,53.645
,8/15/18 8:00,0.1475,53.298
,8/15/18 9:00,0.1479,54.343
,8/15/18 10:00,0.1484,59.099
,8/15/18 11:00,0.1484,63.775
,8/15/18 12:00,0.149,67.071
,8/15/18 13:00,0.149,70.887
,8/15/18 14:00,0.1495,71.92
,8/15/18 15:00,0.1495,72.48
,8/15/18 16:00,0.1499,73.126
,8/15/18 17:00,0.1499,72.567
,8/15/18 18:00,0.1499,71.231
,8/15/18 19:00,0.1499,69.213
,8/15/18 20:00,0.1495,67.071
,8/15/18 21:00,0.1503,64.76
,8/15/18 22:00,0.1499,62.661
,8/15/18 23:00,0.1495,60.904
,8/16/18 0:00,0.1495,59.529
,8/16/18 1:00,0.149,58.282
,8/16/18 2:00,0.1484,57.549
,8/16/18 3:00,0.1484,56.944
,8/16/18 4:00,0.1475,56.251
,8/16/18 5:00,0.1475,55.342
,8/16/18 6:00,0.1475,54.995
,8/16/18 7:00,0.1475,54.952
,8/16/18 8:00,0.1475,55.342
,8/16/18 9:00,0.1479,56.426
,8/16/18 10:00,0.1484,59.229
,8/16/18 11:00,0.1479,64.332
,8/16/18 12:00,0.1479,68.871
,8/16/18 13:00,0.1479,71.447
,8/16/18 14:00,0.1484,70.887
,8/16/18 15:00,0.149,69.256
,8/16/18 16:00,0.1484,69.3
,8/16/18 17:00,0.1495,67.928
,8/16/18 18:00,0.1495,66.173
,8/16/18 19:00,0.149,64.288
,8/16/18 20:00,0.1495,62.577
,8/16/18 21:00,0.1495,60.904
,8/16/18 22:00,0.1484,59.272
,8/16/18 23:00,0.1479,58.239
,8/17/18 0:00,0.1479,56.901
,8/17/18 1:00,0.1475,55.386
,8/17/18 2:00,0.147,53.951
,8/17/18 3:00,0.147,52.729
,8/17/18 4:00,0.147,51.678
,8/17/18 5:00,0.1466,50.752
,8/17/18 6:00,0.1466,49.914
,8/17/18 7:00,0.1459,49.383
,8/17/18 8:00,0.1459,49.782
,8/17/18 9:00,0.1455,51.237
,8/17/18 10:00,0.1459,55.168
,8/17/18 11:00,0.1459,60.217
,8/17/18 12:00,0.1466,61.848
,8/17/18 13:00,0.1466,65.188
,8/17/18 14:00,0.147,66
,8/17/18 15:00,0.147,65.145
,8/17/18 16:00,0.1475,64.418
,8/17/18 17:00,0.1475,64.974
,8/17/18 18:00,0.1475,64.247
,8/17/18 19:00,0.1475,62.875
,8/17/18 20:00,0.1479,61.506
,8/17/18 21:00,0.1475,59.916
,8/17/18 22:00,0.1475,58.066
,8/17/18 23:00,0.1479,56.599
,8/18/18 0:00,0.1475,55.342
,8/18/18 1:00,0.1475,54.082
,8/18/18 2:00,0.1475,52.947
,8/18/18 3:00,0.147,51.984
,8/18/18 4:00,0.147,51.105
,8/18/18 5:00,0.147,50.311
,8/18/18 6:00,0.1475,50.223
,8/18/18 7:00,0.1475,50.4
,8/18/18 8:00,0.1484,50.797
,8/18/18 9:00,0.1484,50.841
,8/18/18 10:00,0.1581,50.929
,8/18/18 11:00,0.1648,51.544
,8/18/18 12:00,0.1667,58.066
,8/18/18 13:00,0.1677,63.262
,8/18/18 14:00,0.1677,65.273
,8/18/18 15:00,0.1681,66.558
,8/18/18 16:00,0.1681,66.943
,8/18/18 17:00,0.1685,65.959
,8/18/18 18:00,0.1681,63.946
,8/18/18 19:00,0.1681,62.233
,8/18/18 20:00,0.1677,60.303
,8/18/18 21:00,0.1677,58.239
,8/18/18 22:00,0.1671,56.426
,8/18/18 23:00,0.1671,54.952
,8/19/18 0:00,0.1667,53.776
,8/19/18 1:00,0.1667,52.86
,8/19/18 2:00,0.1663,52.16
,8/19/18 3:00,0.1663,51.282
,8/19/18 4:00,0.1656,50.223
,8/19/18 5:00,0.1656,49.249
,8/19/18 6:00,0.1656,48.538
,8/19/18 7:00,0.1656,47.914
,8/19/18 8:00,0.1656,47.422
,8/19/18 9:00,0.1652,48.182
,8/19/18 10:00,0.1652,51.544
,8/19/18 11:00,0.1648,57.204
,8/19/18 12:00,0.1642,61.761
,8/19/18 13:00,0.1642,63.09
,8/19/18 14:00,0.1642,65.23
,8/19/18 15:00,0.1642,67.842
,8/19/18 16:00,0.1642,68.013
,8/19/18 17:00,0.1642,66.814
,8/19/18 18:00,0.1642,65.53
,8/19/18 19:00,0.1642,63.819
,8/19/18 20:00,0.1638,61.633
,8/19/18 21:00,0.1638,59.445
,8/19/18 22:00,0.1638,57.506
,8/19/18 23:00,0.1634,55.733
,8/20/18 0:00,0.1634,54.255
,8/20/18 1:00,0.1629,52.817
,8/20/18 2:00,0.1634,51.544
,8/20/18 3:00,0.1623,50.445
,8/20/18 4:00,0.1623,49.428
,8/20/18 5:00,0.1623,48.493
,8/20/18 6:00,0.1623,47.602
,8/20/18 7:00,0.1619,46.751
,8/20/18 8:00,0.1619,46.301
,8/20/18 9:00,0.1615,46.931
,8/20/18 10:00,0.1619,51.501
,8/20/18 11:00,0.1615,57.636
,8/20/18 12:00,0.1615,64.033
,8/20/18 13:00,0.1615,68.013
,8/20/18 14:00,0.1615,69.386
,8/20/18 15:00,0.1615,71.533
,8/20/18 16:00,0.1619,72.567
,8/20/18 17:00,0.1619,71.19
,8/20/18 18:00,0.1615,69.042
,8/20/18 19:00,0.1615,66.857
,8/20/18 20:00,0.1608,64.418
,8/20/18 21:00,0.1608,62.019
,8/20/18 22:00,0.1604,59.959
,8/20/18 23:00,0.1604,58.239
,8/21/18 0:00,0.1604,57.031
,8/21/18 1:00,0.16,56.34
,8/21/18 2:00,0.16,56.165
,8/21/18 3:00,0.1596,55.776
,8/21/18 4:00,0.1596,55.038
,8/21/18 5:00,0.1596,54.604
,8/21/18 6:00,0.1581,54.343
,8/21/18 7:00,0.159,53.776
,8/21/18 8:00,0.159,53.472
,8/21/18 9:00,0.1581,54.212
,8/21/18 10:00,0.1581,55.863
,8/21/18 11:00,0.1581,57.765
,8/21/18 12:00,0.1585,60.69
,8/21/18 13:00,0.1585,64.204
,8/21/18 14:00,0.1581,64.204
,8/21/18 15:00,0.1547,61.506
,8/21/18 16:00,0.1551,59.873
,8/21/18 17:00,0.1551,60.089
,8/21/18 18:00,0.1547,59.056
,8/21/18 19:00,0.1689,57.031
,8/21/18 20:00,0.1779,55.386
,8/21/18 21:00,0.1779,54.604
,8/21/18 22:00,0.1775,54.082
,8/21/18 23:00,0.1769,53.645
,8/22/18 0:00,0.1775,53.298
,8/22/18 1:00,0.1859,52.772
,8/22/18 2:00,0.1885,52.509
,8/22/18 3:00,0.1935,52.16
,8/22/18 4:00,0.1994,51.895
,8/22/18 5:00,0.1999,51.721
,8/22/18 6:00,0.1999,51.544
,8/22/18 7:00,0.2705,51.237
,8/22/18 8:00,0.2868,51.105
,8/22/18 9:00,0.2766,51.458
,8/22/18 10:00,0.2722,52.203
,8/22/18 11:00,0.2694,52.772
,8/22/18 12:00,0.2673,53.209
,8/22/18 13:00,0.2653,53.908
,8/22/18 14:00,0.2635,56.079
,8/22/18 15:00,0.2618,57.765
,8/22/18 16:00,0.26,59.099
,8/22/18 17:00,0.2589,59.315
,8/22/18 18:00,0.2571,58.755
,8/22/18 19:00,0.2567,57.893
,8/22/18 20:00,0.2557,57.16
,8/22/18 21:00,0.2546,56.34
,8/22/18 22:00,0.2538,55.386
,8/22/18 23:00,0.2532,54.691
,8/23/18 0:00,0.2524,54.082
,8/23/18 1:00,0.2516,53.384
,8/23/18 2:00,0.2509,52.86
,8/23/18 3:00,0.2502,52.423
,8/23/18 4:00,0.2494,52.16
,8/23/18 5:00,0.2498,51.809
,8/23/18 6:00,0.2712,51.325
,8/23/18 7:00,0.297,50.092
,8/23/18 8:00,0.2895,49.249
,8/23/18 9:00,0.3008,49.116
,8/23/18 10:00,0.2914,50.841
,8/23/18 11:00,0.2877,53.733
,8/23/18 12:00,0.285,58.325
,8/23/18 13:00,0.283,61.677
,8/23/18 14:00,0.281,62.962
,8/23/18 15:00,0.2786,64.717
,8/23/18 16:00,0.2773,65.273
,8/23/18 17:00,0.278,64.033
,8/23/18 18:00,0.2776,61.934
,8/23/18 19:00,0.277,60.561
,8/23/18 20:00,0.2759,58.928
,8/23/18 21:00,0.2753,57.204
,8/23/18 22:00,0.2746,55.602
,8/23/18 23:00,0.2739,54.169
,8/24/18 0:00,0.2736,52.947
,8/24/18 1:00,0.2729,51.895
,8/24/18 2:00,0.2722,50.974
,8/24/18 3:00,0.2719,50.18
,8/24/18 4:00,0.2715,49.428
,8/24/18 5:00,0.2708,48.717
,8/24/18 6:00,0.2701,48.049
,8/24/18 7:00,0.2701,47.377
,8/24/18 8:00,0.2698,46.974
,8/24/18 9:00,0.2694,47.109
,8/24/18 10:00,0.2691,48.272
,8/24/18 11:00,0.2691,51.94
,8/24/18 12:00,0.268,57.247
,8/24/18 13:00,0.268,60.69
,8/24/18 14:00,0.267,62.406
,8/24/18 15:00,0.266,64.288
,8/24/18 16:00,0.2653,65.059
,8/24/18 17:00,0.2646,64.674
,8/24/18 18:00,0.2639,63.648
,8/24/18 19:00,0.2632,62.191
,8/24/18 20:00,0.2624,60.474
,8/24/18 21:00,0.2621,58.669
,8/24/18 22:00,0.2618,57.117
,8/24/18 23:00,0.2615,55.819
,8/25/18 0:00,0.2611,54.734
,8/25/18 1:00,0.2607,53.82
,8/25/18 2:00,0.2604,53.035
,8/25/18 3:00,0.26,52.16
,8/25/18 4:00,0.26,51.37
,8/25/18 5:00,0.2592,50.664
,8/25/18 6:00,0.2592,49.959
,8/25/18 7:00,0.2585,49.338
,8/25/18 8:00,0.2585,49.161
,8/25/18 9:00,0.2585,49.959
,8/25/18 10:00,0.2585,52.335
,8/25/18 11:00,0.2575,56.685
,8/25/18 12:00,0.2567,59.445
,8/25/18 13:00,0.2564,61.72
,8/25/18 14:00,0.2557,62.962
,8/25/18 15:00,0.255,64.247
,8/25/18 16:00,0.2542,64.117
,8/25/18 17:00,0.2534,62.919
,8/25/18 18:00,0.2532,61.462
,8/25/18 19:00,0.2532,60.046
,8/25/18 20:00,0.2528,58.798
,8/25/18 21:00,0.2524,57.636
,8/25/18 22:00,0.252,56.685
,8/25/18 23:00,0.2516,55.863
,8/26/18 0:00,0.2516,55.168
,8/26/18 1:00,0.2516,54.516
,8/26/18 2:00,0.2512,53.645
,8/26/18 3:00,0.2509,52.903
,8/26/18 4:00,0.2509,52.16
,8/26/18 5:00,0.2505,51.458
,8/26/18 6:00,0.2505,50.664
,8/26/18 7:00,0.2505,49.959
,8/26/18 8:00,0.2502,49.87
,8/26/18 9:00,0.2498,50.4
,8/26/18 10:00,0.2502,53.602
,8/26/18 11:00,0.2494,57.979
,8/26/18 12:00,0.2487,62.406
,8/26/18 13:00,0.2479,64.931
,8/26/18 14:00,0.2475,65.273
,8/26/18 15:00,0.2468,66.472
,8/26/18 16:00,0.246,66.943
,8/26/18 17:00,0.2452,66.087
,8/26/18 18:00,0.2452,64.589
,8/26/18 19:00,0.2449,63.005
,8/26/18 20:00,0.2445,61.29
,8/26/18 21:00,0.2475,59.445
,8/26/18 22:00,0.2534,56.858
,8/26/18 23:00,0.2532,55.733
,8/27/18 0:00,0.2528,54.865
,8/27/18 1:00,0.2528,54.082
,8/27/18 2:00,0.2524,53.559
,8/27/18 3:00,0.2524,52.947
,8/27/18 4:00,0.2516,52.554
,8/27/18 5:00,0.2516,52.16
,8/27/18 6:00,0.2516,51.721
,8/27/18 7:00,0.2512,51.458
,8/27/18 8:00,0.2512,51.458
,8/27/18 9:00,0.2509,51.633
,8/27/18 10:00,0.2512,52.992
,8/27/18 11:00,0.2512,54.995
,8/27/18 12:00,0.2505,57.42
,8/27/18 13:00,0.2505,59.056
,8/27/18 14:00,0.2498,60.604
,8/27/18 15:00,0.249,61.804
,8/27/18 16:00,0.2487,62.577
,8/27/18 17:00,0.2483,62.661
,8/27/18 18:00,0.2479,61.506
,8/27/18 19:00,0.2479,60.303
,8/27/18 20:00,0.2475,59.099
,8/27/18 21:00,0.2471,57.636
,8/27/18 22:00,0.2471,56.426
,8/27/18 23:00,0.2471,55.213
,8/28/18 0:00,0.2471,53.908
,8/28/18 1:00,0.2468,52.686
,8/28/18 2:00,0.2468,51.589
,8/28/18 3:00,0.2464,50.576
,8/28/18 4:00,0.2464,49.692
,8/28/18 5:00,0.2464,48.805
,8/28/18 6:00,0.246,47.959
,8/28/18 7:00,0.246,47.199
,8/28/18 8:00,0.246,46.616
,8/28/18 9:00,0.246,46.661
,8/28/18 10:00,0.246,50.135
,8/28/18 11:00,0.2456,54.777
,8/28/18 12:00,0.2452,59.272
,8/28/18 13:00,0.2445,61.506
,8/28/18 14:00,0.2437,61.977
,8/28/18 15:00,0.2434,63.262
,8/28/18 16:00,0.2425,63.819
,8/28/18 17:00,0.2425,63.561
,8/28/18 18:00,0.2421,62.019
,8/28/18 19:00,0.2418,60.433
,8/28/18 20:00,0.2414,58.582
,8/28/18 21:00,0.241,56.728
,8/28/18 22:00,0.241,55.038
,8/28/18 23:00,0.241,53.645
,8/29/18 0:00,0.2406,52.378
,8/29/18 1:00,0.2406,51.193
,8/29/18 2:00,0.2403,50.135
,8/29/18 3:00,0.2403,49.116
,8/29/18 4:00,0.2403,48.227
,8/29/18 5:00,0.2399,47.377
,8/29/18 6:00,0.2394,46.571
,8/29/18 7:00,0.2394,45.851
,8/29/18 8:00,0.2394,45.307
,8/29/18 9:00,0.2399,45.489
,8/29/18 10:00,0.2399,49.561
,8/29/18 11:00,0.239,54.82
,8/29/18 12:00,0.2387,59.959
,8/29/18 13:00,0.2383,62.962
,8/29/18 14:00,0.2371,63.903
,8/29/18 15:00,0.2363,65.53
,8/29/18 16:00,0.2358,66.301
,8/29/18 17:00,0.2351,65.829
,8/29/18 18:00,0.2347,64.247
,8/29/18 19:00,0.2344,62.62
,8/29/18 20:00,0.2339,60.604
,8/29/18 21:00,0.2335,58.928
,8/29/18 22:00,0.233,57.42
,8/29/18 23:00,0.233,56.035
,8/30/18 0:00,0.2327,54.865
,8/30/18 1:00,0.233,53.733
,8/30/18 2:00,0.2327,52.686
,8/30/18 3:00,0.2323,51.678
,8/30/18 4:00,0.2323,50.709
,8/30/18 5:00,0.2323,49.87
,8/30/18 6:00,0.2318,49.249
,8/30/18 7:00,0.2318,48.628
,8/30/18 8:00,0.2315,48.049
,8/30/18 9:00,0.2318,48.405
,8/30/18 10:00,0.2318,51.458
,8/30/18 11:00,0.2306,56.815
,8/30/18 12:00,0.2303,62.191
,8/30/18 13:00,0.2291,65.403
,8/30/18 14:00,0.2282,66.429
,8/30/18 15:00,0.2266,67.671
,8/30/18 16:00,0.2257,67.798
,8/30/18 17:00,0.2254,66.857
,8/30/18 18:00,0.2245,65.745
,8/30/18 19:00,0.2237,63.99
,8/30/18 20:00,0.2232,62.062
,8/30/18 21:00,0.2229,60.217
,8/30/18 22:00,0.2229,58.455
,8/30/18 23:00,0.2224,57.204
,8/31/18 0:00,0.2232,56.251
,8/31/18 1:00,0.2232,55.429
,8/31/18 2:00,0.2229,54.604
,8/31/18 3:00,0.2229,53.69
,8/31/18 4:00,0.2224,52.772
,8/31/18 5:00,0.2219,52.029
,8/31/18 6:00,0.2219,51.282
,8/31/18 7:00,0.2219,50.576
,8/31/18 8:00,0.2216,50.445
,8/31/18 9:00,0.2211,51.325
,8/31/18 10:00,0.2203,52.291
,8/31/18 11:00,0.2216,54.387
,8/31/18 12:00,0.2208,57.592
,8/31/18 13:00,0.2195,59.83
,8/31/18 14:00,0.2185,61.162
,8/31/18 15:00,0.2164,62.875
,8/31/18 16:00,0.2153,63.604
,8/31/18 17:00,0.2143,63.347
,8/31/18 18:00,0.2134,62.748
,8/31/18 19:00,0.2131,61.29
,8/31/18 20:00,0.2126,59.272
,8/31/18 21:00,0.2122,57.29
,8/31/18 22:00,0.2122,55.949
,8/31/18 23:00,0.2117,54.952
,9/1/18 0:00,0.2112,53.994
,9/1/18 1:00,0.2112,52.86
,9/1/18 2:00,0.2109,51.764
,9/1/18 3:00,0.2109,50.841
,9/1/18 4:00,0.2109,49.959
,9/1/18 5:00,0.2104,49.204
,9/1/18 6:00,0.2104,48.717
,9/1/18 7:00,0.2109,48.272
,9/1/18 8:00,0.2109,48.182
,9/1/18 9:00,0.2109,49.073
,9/1/18 10:00,0.2109,52.246
,9/1/18 11:00,0.2095,56.165
,9/1/18 12:00,0.2087,60.26
,9/1/18 13:00,0.2083,62.362
,9/1/18 14:00,0.207,64.503
,9/1/18 15:00,0.2056,66.643
,9/1/18 16:00,0.2047,67.757
,9/1/18 17:00,0.2043,66.985
,9/1/18 18:00,0.2035,65.658
,9/1/18 19:00,0.2029,64.074
,9/1/18 20:00,0.2026,62.062
,9/1/18 21:00,0.202,60.303
,9/1/18 22:00,0.202,58.626
,9/1/18 23:00,0.2017,56.944
,9/2/18 0:00,0.2017,55.386
,9/2/18 1:00,0.2012,54.169
,9/2/18 2:00,0.2012,53.121
,9/2/18 3:00,0.2008,52.335
,9/2/18 4:00,0.2008,51.501
,9/2/18 5:00,0.2008,50.841
,9/2/18 6:00,0.2003,50.445
,9/2/18 7:00,0.2003,49.692
,9/2/18 8:00,0.1999,49.116
,9/2/18 9:00,0.2003,49.959
,9/2/18 10:00,0.1999,54.255
,9/2/18 11:00,0.1994,58.411
,9/2/18 12:00,0.1985,63.475
,9/2/18 13:00,0.1981,62.019
,9/2/18 14:00,0.1976,60.003
,9/2/18 15:00,0.1981,60.818
,9/2/18 16:00,0.1967,61.162
,9/2/18 17:00,0.1963,60.26
,9/2/18 18:00,0.1963,59.272
,9/2/18 19:00,0.1963,57.549
,9/2/18 20:00,0.1958,56.079
,9/2/18 21:00,0.1958,54.777
,9/2/18 22:00,0.1958,53.472
,9/2/18 23:00,0.1954,52.16
,9/3/18 0:00,0.1958,50.886
,9/3/18 1:00,0.1954,49.87
,9/3/18 2:00,0.1954,49.116
,9/3/18 3:00,0.1954,48.717
,9/3/18 4:00,0.1954,48.538
,9/3/18 5:00,0.1948,48.36
,9/3/18 6:00,0.1948,48.227
,9/3/18 7:00,0.1948,47.914
,9/3/18 8:00,0.1948,47.914
,9/3/18 9:00,0.1945,48.805
,9/3/18 10:00,0.1945,49.87
,9/3/18 11:00,0.1948,51.193
,9/3/18 12:00,0.1945,53.253
,9/3/18 13:00,0.1939,54.255
,9/3/18 14:00,0.1939,55.256
,9/3/18 15:00,0.1935,56.383
,9/3/18 16:00,0.1935,56.728
,9/3/18 17:00,0.1932,57.031
,9/3/18 18:00,0.1932,57.074
,9/3/18 19:00,0.1926,55.992
,9/3/18 20:00,0.1923,54.516
,9/3/18 21:00,0.1923,52.86
,9/3/18 22:00,0.1923,51.37
,9/3/18 23:00,0.1923,50.223
,9/4/18 0:00,0.1917,49.249
,9/4/18 1:00,0.1923,48.405
,9/4/18 2:00,0.1917,48.004
,9/4/18 3:00,0.1917,47.914
,9/4/18 4:00,0.1917,47.826
,9/4/18 5:00,0.1917,47.736
,9/4/18 6:00,0.1917,47.422
,9/4/18 7:00,0.1923,46.841
,9/4/18 8:00,0.1913,46.121
,9/4/18 9:00,0.1917,46.571
,9/4/18 10:00,0.1917,51.633
,9/4/18 11:00,0.1908,57.16
,9/4/18 12:00,0.1898,60.861
,9/4/18 13:00,0.1895,60.39
,9/4/18 14:00,0.1895,59.916
,9/4/18 15:00,0.1891,59.142
,9/4/18 16:00,0.1891,58.541
,9/4/18 17:00,0.1885,58.411
,9/4/18 18:00,0.1881,57.765
,9/4/18 19:00,0.1881,56.685
,9/4/18 20:00,0.1876,55.429
,9/4/18 21:00,0.1876,54.126
,9/4/18 22:00,0.1876,52.903
,9/4/18 23:00,0.1876,51.895
,9/5/18 0:00,0.1872,51.193
,9/5/18 1:00,0.1872,50.445
,9/5/18 2:00,0.1872,49.87
,9/5/18 3:00,0.1872,49.561
,9/5/18 4:00,0.1866,49.338
,9/5/18 5:00,0.1872,49.028
,9/5/18 6:00,0.1872,48.85
,9/5/18 7:00,0.1866,48.717
,9/5/18 8:00,0.1872,48.938
,9/5/18 9:00,0.1872,49.161
,9/5/18 10:00,0.1898,48.628
,9/5/18 11:00,0.2043,48.094
,9/5/18 12:00,0.2095,48.493
,9/5/18 13:00,0.2122,49.649
,9/5/18 14:00,0.2126,51.282
,9/5/18 15:00,0.2139,51.764
,9/5/18 16:00,0.2195,51.37
,9/5/18 17:00,0.2399,50.752
,9/5/18 18:00,0.2399,50.974
,9/5/18 19:00,0.2394,50.621
,9/5/18 20:00,0.2394,49.604
,9/5/18 21:00,0.2394,48.45
,9/5/18 22:00,0.2394,47.467
,9/5/18 23:00,0.239,46.841
,9/6/18 0:00,0.239,46.121
,9/6/18 1:00,0.2387,45.534
,9/6/18 2:00,0.2387,45.036
,9/6/18 3:00,0.2383,44.537
,9/6/18 4:00,0.2379,44.037
,9/6/18 5:00,0.2379,43.579
,9/6/18 6:00,0.2374,43.167
,9/6/18 7:00,0.2379,42.755
,9/6/18 8:00,0.2374,43.03
,9/6/18 9:00,0.2374,43.579
,9/6/18 10:00,0.2374,47.289
,9/6/18 11:00,0.2371,51.458
,9/6/18 12:00,0.2367,55.038
,9/6/18 13:00,0.2363,56.34
,9/6/18 14:00,0.2363,57.636
,9/6/18 15:00,0.2358,59.185
,9/6/18 16:00,0.2355,60.39
,9/6/18 17:00,0.2347,60.474
,9/6/18 18:00,0.2347,59.83
,9/6/18 19:00,0.2347,58.325
,9/6/18 20:00,0.2347,57.031
,9/6/18 21:00,0.2351,55.299
,9/6/18 22:00,0.2344,53.733
,9/6/18 23:00,0.2344,52.246
,9/7/18 0:00,0.2339,50.929
,9/7/18 1:00,0.2339,49.782
,9/7/18 2:00,0.2339,48.717
,9/7/18 3:00,0.2339,47.781
,9/7/18 4:00,0.2335,46.931
,9/7/18 5:00,0.2335,46.076
,9/7/18 6:00,0.2335,45.262
,9/7/18 7:00,0.2335,44.492
,9/7/18 8:00,0.233,43.9
,9/7/18 9:00,0.2335,43.99
,9/7/18 10:00,0.233,48.182
,9/7/18 11:00,0.2327,52.992
,9/7/18 12:00,0.2323,56.944
,9/7/18 13:00,0.2318,59.315
,9/7/18 14:00,0.2315,60.132
,9/7/18 15:00,0.2306,61.205
,9/7/18 16:00,0.2303,61.419
,9/7/18 17:00,0.2299,60.818
,9/7/18 18:00,0.2299,59.272
,9/7/18 19:00,0.2299,57.807
,9/7/18 20:00,0.2299,56.383
,9/7/18 21:00,0.2299,54.82
,9/7/18 22:00,0.2294,53.427
,9/7/18 23:00,0.2299,52.203
,9/8/18 0:00,0.2294,51.017
,9/8/18 1:00,0.2294,49.959
,9/8/18 2:00,0.2299,48.938
,9/8/18 3:00,0.2294,48.004
,9/8/18 4:00,0.2291,47.109
,9/8/18 5:00,0.2291,46.301
,9/8/18 6:00,0.2291,45.579
,9/8/18 7:00,0.2291,44.856
,9/8/18 8:00,0.2286,44.31
,9/8/18 9:00,0.2286,44.582
,9/8/18 10:00,0.2291,49.249
,9/8/18 11:00,0.2282,54.387
,9/8/18 12:00,0.2277,59.056
,9/8/18 13:00,0.2269,61.934
,9/8/18 14:00,0.2266,62.533
,9/8/18 15:00,0.2266,63.475
,9/8/18 16:00,0.2262,63.946
,9/8/18 17:00,0.2257,63.304
,9/8/18 18:00,0.2257,62.276
,9/8/18 19:00,0.2254,60.604
,9/8/18 20:00,0.2254,58.885
,9/8/18 21:00,0.2254,57.376
,9/8/18 22:00,0.2254,56.035
,9/8/18 23:00,0.2254,54.777
,9/9/18 0:00,0.2249,53.951
,9/9/18 1:00,0.2249,53.384
,9/9/18 2:00,0.2249,52.772
,9/9/18 3:00,0.2249,52.029
,9/9/18 4:00,0.2249,51.458
,9/9/18 5:00,0.2249,50.929
,9/9/18 6:00,0.2249,50.445
,9/9/18 7:00,0.2249,49.692
,9/9/18 8:00,0.2249,48.717
,9/9/18 9:00,0.2249,48.672
,9/9/18 10:00,0.2249,52.729
,9/9/18 11:00,0.2245,57.247
,9/9/18 12:00,0.2241,61.248
,9/9/18 13:00,0.2232,62.661
,9/9/18 14:00,0.2232,63.176
,9/9/18 15:00,0.2229,61.934
,9/9/18 16:00,0.2224,62.362
,9/9/18 17:00,0.2219,61.848
,9/9/18 18:00,0.2224,60.303
,9/9/18 19:00,0.2219,58.498
,9/9/18 20:00,0.2219,56.772
,9/9/18 21:00,0.2216,55.081
,9/9/18 22:00,0.2216,53.602
,9/9/18 23:00,0.2224,52.291
,9/10/18 0:00,0.2224,51.148
,9/10/18 1:00,0.2224,50.092
,9/10/18 2:00,0.2224,49.161
,9/10/18 3:00,0.2224,48.272
,9/10/18 4:00,0.2219,47.512
,9/10/18 5:00,0.2216,46.841
,9/10/18 6:00,0.2216,46.121
,9/10/18 7:00,0.2211,45.444
,9/10/18 8:00,0.2208,45.036
,9/10/18 9:00,0.2208,45.669
,9/10/18 10:00,0.2208,49.161
,9/10/18 11:00,0.2203,52.16
,9/10/18 12:00,0.2198,56.599
,9/10/18 13:00,0.219,60.818
,9/10/18 14:00,0.2185,62.062
,9/10/18 15:00,0.2177,63.604
,9/10/18 16:00,0.2177,64.161
,9/10/18 17:00,0.2174,63.347
,9/10/18 18:00,0.2174,62.447
,9/10/18 19:00,0.2174,60.861
,9/10/18 20:00,0.2174,59.272
,9/10/18 21:00,0.2177,57.893
,9/10/18 22:00,0.2174,56.34
,9/10/18 23:00,0.2182,54.952
,9/11/18 0:00,0.2169,53.994
,9/11/18 1:00,0.2164,52.947
,9/11/18 2:00,0.2164,51.764
,9/11/18 3:00,0.2164,50.664
,9/11/18 4:00,0.2164,49.649
,9/11/18 5:00,0.2164,48.762
,9/11/18 6:00,0.2161,47.959
,9/11/18 7:00,0.2161,47.467
,9/11/18 8:00,0.2161,47.557
,9/11/18 9:00,0.2161,48.182
,9/11/18 10:00,0.2161,52.072
,9/11/18 11:00,0.2156,55.863
,9/11/18 12:00,0.2153,57.722
,9/11/18 13:00,0.2148,58.842
,9/11/18 14:00,0.2139,60.517
,9/11/18 15:00,0.2134,61.59
,9/11/18 16:00,0.2131,62.704
,9/11/18 17:00,0.2122,62.704
,9/11/18 18:00,0.2117,61.419
,9/11/18 19:00,0.2117,59.788
,9/11/18 20:00,0.2112,58.023
,9/11/18 21:00,0.2112,56.512
,9/11/18 22:00,0.2112,55.386
,9/11/18 23:00,0.2109,54.43
,9/12/18 0:00,0.2104,53.384
,9/12/18 1:00,0.2104,52.246
,9/12/18 2:00,0.2104,51.105
,9/12/18 3:00,0.2104,50.092
,9/12/18 4:00,0.21,49.249
,9/12/18 5:00,0.21,48.36
,9/12/18 6:00,0.21,47.467
,9/12/18 7:00,0.2095,46.706
,9/12/18 8:00,0.2095,46.121
,9/12/18 9:00,0.2095,46.481
,9/12/18 10:00,0.2095,51.325
,9/12/18 12:00,0.2109,61.934
,9/12/18 13:00,0.2104,64.674
,9/12/18 14:00,0.2092,65.316
,9/12/18 15:00,0.2087,65.658
,9/12/18 16:00,0.2078,65.745
,9/12/18 17:00,0.2073,65.017
,9/12/18 18:00,0.2073,63.262
,9/12/18 19:00,0.207,61.419
,9/12/18 20:00,0.2064,59.572
,9/12/18 21:00,0.2064,57.893
,9/12/18 22:00,0.2061,56.295
,9/12/18 23:00,0.2061,54.865
,9/13/18 0:00,0.2061,53.776
,9/13/18 1:00,0.2061,52.817
,9/13/18 2:00,0.2056,51.809
,9/13/18 3:00,0.2056,50.929
,9/13/18 4:00,0.2056,50.268
,9/13/18 5:00,0.2052,49.649
,9/13/18 6:00,0.2052,48.938
,9/13/18 7:00,0.2047,48.227
,9/13/18 8:00,0.2047,47.467
,9/13/18 9:00,0.2047,47.736
,9/13/18 10:00,0.2047,52.423
,9/13/18 11:00,0.2038,58.152
,9/13/18 12:00,0.2035,63.304
,9/13/18 13:00,0.2029,65.788
,9/13/18 14:00,0.202,66.258
,9/13/18 15:00,0.2017,66.429
,9/13/18 16:00,0.2008,66.643
,9/13/18 17:00,0.2003,65.788
,9/13/18 18:00,0.2003,63.99
,9/13/18 19:00,0.2003,61.848
,9/13/18 20:00,0.1999,59.529
,9/13/18 21:00,0.1999,57.765
,9/13/18 22:00,0.1999,56.079
,9/13/18 23:00,0.1994,54.604
,9/14/18 0:00,0.1994,53.253
,9/14/18 1:00,0.199,51.852
,9/14/18 2:00,0.199,50.533
,9/14/18 3:00,0.199,49.338
,9/14/18 4:00,0.199,48.315
,9/14/18 5:00,0.199,47.289
,9/14/18 6:00,0.1972,46.346
,9/14/18 7:00,0.1958,45.444
,9/14/18 8:00,0.1954,44.809
,9/14/18 9:00,0.1976,45.217
,9/14/18 10:00,0.1985,50.223
,9/14/18 11:00,0.1976,56.165
,9/14/18 12:00,0.1972,61.506
,9/14/18 13:00,0.1967,64.76
,9/14/18 14:00,0.1963,65.658
,9/14/18 15:00,0.1958,66.344
,9/14/18 16:00,0.1954,66.772
,9/14/18 17:00,0.1948,66.043
,9/14/18 18:00,0.1948,64.288
,9/14/18 19:00,0.1945,62.233
,9/14/18 20:00,0.1945,59.959
,9/14/18 21:00,0.1939,57.936
,9/14/18 22:00,0.1939,56.295
,9/14/18 23:00,0.1939,54.82
,9/15/18 0:00,0.1939,53.472
,9/15/18 1:00,0.1935,52.246
,9/15/18 2:00,0.1935,51.148
,9/15/18 3:00,0.1935,50.092
,9/15/18 4:00,0.1935,49.116
,9/15/18 5:00,0.1935,48.272
,9/15/18 6:00,0.1932,47.512
,9/15/18 7:00,0.1932,46.751
,9/15/18 8:00,0.1932,46.211
,9/15/18 9:00,0.1932,46.706
,9/15/18 10:00,0.1932,51.501
,9/15/18 11:00,0.1926,57.333
,9/15/18 12:00,0.1917,62.919
,9/15/18 13:00,0.1917,66.214
,9/15/18 14:00,0.1913,67.285
,9/15/18 15:00,0.1908,67.842
,9/15/18 16:00,0.1904,68.185
,9/15/18 17:00,0.1904,67.456
,9/15/18 18:00,0.1904,65.745
,9/15/18 19:00,0.1898,63.689
,9/15/18 20:00,0.1898,61.506
,9/15/18 21:00,0.1895,59.572
,9/15/18 22:00,0.1895,58.152
,9/15/18 23:00,0.1895,57.117
,9/16/18 0:00,0.1895,56.165
,9/16/18 1:00,0.1895,55.299
,9/16/18 2:00,0.1895,54.387
,9/16/18 3:00,0.1891,53.341
,9/16/18 4:00,0.1891,52.423
,9/16/18 5:00,0.1891,51.589
,9/16/18 6:00,0.1891,50.752
,9/16/18 7:00,0.1885,50.047
,9/16/18 8:00,0.1885,49.561
,9/16/18 9:00,0.1891,50.047
,9/16/18 10:00,0.1849,54.343
,9/16/18 11:00,0.1843,59.358
,9/16/18 12:00,0.1843,63.648
,9/16/18 13:00,0.1849,66.301
,9/16/18 14:00,0.1876,66.301
,9/16/18 15:00,0.1836,66.429
,9/16/18 16:00,0.1872,65.959
,9/16/18 17:00,0.1843,65.615
,9/16/18 18:00,0.183,64.247
,9/16/18 19:00,0.1859,62.276
,9/16/18 20:00,0.1862,60.132
,9/16/18 21:00,0.1862,58.239
,9/16/18 22:00,0.1859,56.599
,9/16/18 23:00,0.1862,55.299
,9/17/18 0:00,0.1862,54.343
,9/17/18 1:00,0.1859,53.427
,9/17/18 2:00,0.1859,52.509
,9/17/18 3:00,0.1859,51.633
,9/17/18 4:00,0.1853,50.797
,9/17/18 5:00,0.1853,50.047
,9/17/18 6:00,0.1853,49.338
,9/17/18 7:00,0.1849,48.717
,9/17/18 8:00,0.1853,48.315
,9/17/18 9:00,0.1813,48.983
,9/17/18 10:00,0.1813,53.253
,9/17/18 11:00,0.1813,57.376
,9/17/18 12:00,0.1813,60.346
,9/17/18 13:00,0.1807,63.433
,9/17/18 14:00,0.1807,65.574
,9/17/18 15:00,0.1803,66.643
,9/17/18 16:00,0.1797,67.456
,9/17/18 17:00,0.1797,66.9
,9/17/18 18:00,0.1797,65.316
,9/17/18 19:00,0.1797,63.39
,9/17/18 20:00,0.1797,61.205
,9/17/18 21:00,0.1793,59.185
,9/17/18 22:00,0.1793,57.549
,9/17/18 23:00,0.1793,56.165
,9/18/18 0:00,0.1803,55.038
,9/18/18 1:00,0.1793,54.126
,9/18/18 2:00,0.1793,53.253
,9/18/18 3:00,0.1793,52.554
,9/18/18 4:00,0.1793,51.94
,9/18/18 5:00,0.1789,51.325
,9/18/18 6:00,0.1783,50.621
,9/18/18 7:00,0.1783,50.223
,9/18/18 8:00,0.1783,49.87
,9/18/18 9:00,0.1789,50.356
,9/18/18 10:00,0.1783,53.994
,9/18/18 11:00,0.1779,57.204
,9/18/18 12:00,0.1779,59.616
,9/18/18 13:00,0.1779,61.032
,9/18/18 14:00,0.1779,61.633
,9/18/18 15:00,0.1775,63.262
,9/18/18 16:00,0.1775,64.589
,9/18/18 17:00,0.1775,64.418
,9/18/18 18:00,0.1775,62.962
,9/18/18 19:00,0.1769,61.075
,9/18/18 20:00,0.1769,59.099
,9/18/18 21:00,0.1765,57.592
,9/18/18 22:00,0.1769,56.035
,9/18/18 23:00,0.1769,54.604
,9/19/18 0:00,0.1769,53.298
,9/19/18 1:00,0.1765,52.072
,9/19/18 2:00,0.1765,51.062
,9/19/18 3:00,0.1765,50.223
,9/19/18 4:00,0.1762,49.383
,9/19/18 5:00,0.1765,48.628
,9/19/18 6:00,0.1762,47.826
,9/19/18 7:00,0.1762,47.199
,9/19/18 8:00,0.1756,47.019
,9/19/18 9:00,0.1762,47.826
,9/19/18 10:00,0.1762,52.335
,9/19/18 11:00,0.1756,56.426
,9/19/18 12:00,0.1752,57.85
,9/19/18 13:00,0.1756,58.411
,9/19/18 14:00,0.1762,57.765
,9/19/18 15:00,0.1762,56.251
,9/19/18 16:00,0.1826,53.776
,9/19/18 17:00,0.183,52.86
,9/19/18 18:00,0.1826,52.772
,9/19/18 19:00,0.1843,52.246
,9/19/18 20:00,0.1866,51.458
,9/19/18 21:00,0.1895,50.841
,9/19/18 22:00,0.1932,50.356
,9/19/18 23:00,0.1976,49.914
,9/20/18 0:00,0.2017,49.604
,9/20/18 1:00,0.2043,49.338
,9/20/18 2:00,0.2061,48.983
,9/20/18 3:00,0.2073,48.628
,9/20/18 4:00,0.2087,48.315
,9/20/18 5:00,0.2092,48.004
,9/20/18 6:00,0.21,47.826
,9/20/18 7:00,0.21,47.602
,9/20/18 8:00,0.2104,47.467
,9/20/18 9:00,0.2109,47.826
,9/20/18 10:00,0.2104,49.561
,9/20/18 11:00,0.2109,53.298
,9/20/18 12:00,0.2109,57.376
,9/20/18 13:00,0.2109,59.272
,9/20/18 14:00,0.2104,60.474
,9/20/18 15:00,0.2104,60.647
,9/20/18 16:00,0.2109,60.517
,9/20/18 17:00,0.2109,59.616
,9/20/18 18:00,0.2109,58.109
,9/20/18 19:00,0.2109,56.34
,9/20/18 20:00,0.2109,54.43
,9/20/18 21:00,0.2109,52.686
,9/20/18 22:00,0.2109,51.017
,9/20/18 23:00,0.2104,49.516
,9/21/18 0:00,0.2104,48.049
,9/21/18 1:00,0.21,46.706
,9/21/18 2:00,0.21,45.534
,9/21/18 3:00,0.2104,44.445
,9/21/18 4:00,0.21,43.488
,9/21/18 5:00,0.2092,42.57
,9/21/18 6:00,0.2078,41.787
,9/21/18 7:00,0.2056,41.09
,9/21/18 8:00,0.2043,40.485
,9/21/18 9:00,0.207,40.345
,9/21/18 10:00,0.2095,44.082
,9/21/18 11:00,0.2095,49.383
,9/21/18 12:00,0.2092,53.865
,9/21/18 13:00,0.2092,56.512
,9/21/18 14:00,0.2092,57.722
,9/21/18 15:00,0.2092,58.498
,9/21/18 16:00,0.2092,58.798
,9/21/18 17:00,0.2092,57.893
,9/21/18 18:00,0.2092,56.556
,9/21/18 19:00,0.2092,54.952
,9/21/18 20:00,0.2092,53.078
,9/21/18 21:00,0.2092,51.458
,9/21/18 22:00,0.2092,49.914
,9/21/18 23:00,0.2092,48.583
,9/22/18 0:00,0.2092,47.422
,9/22/18 1:00,0.2092,46.391
,9/22/18 2:00,0.2087,45.399
,9/22/18 3:00,0.2087,44.445
,9/22/18 4:00,0.2083,43.488
,9/22/18 5:00,0.2083,42.57
,9/22/18 6:00,0.2083,41.74
,9/22/18 7:00,0.2061,40.951
,9/22/18 8:00,0.2038,40.298
,9/22/18 9:00,0.207,40.251
,9/22/18 10:00,0.2087,44.31
,9/22/18 11:00,0.2083,49.604
,9/22/18 12:00,0.2078,53.994
,9/22/18 13:00,0.2078,56.642
,9/22/18 14:00,0.2078,57.936
,9/22/18 15:00,0.2078,58.798
,9/22/18 16:00,0.2078,59.014
,9/22/18 17:00,0.2078,57.979
,9/22/18 18:00,0.2078,56.426
,9/22/18 19:00,0.2073,54.648
,9/22/18 20:00,0.2073,52.772
,9/22/18 21:00,0.2073,51.148
,9/22/18 22:00,0.2073,49.782
,9/22/18 23:00,0.2073,48.538
,9/23/18 0:00,0.2073,47.467
,9/23/18 1:00,0.2073,46.481
,9/23/18 2:00,0.207,45.624
,9/23/18 3:00,0.207,44.856
,9/23/18 4:00,0.207,44.082
,9/23/18 5:00,0.207,43.351
,9/23/18 6:00,0.207,42.663
,9/23/18 7:00,0.207,41.97
,9/23/18 8:00,0.207,41.601
,9/23/18 9:00,0.207,42.478
,9/23/18 10:00,0.2064,46.076
,9/23/18 11:00,0.2064,50.841
,9/23/18 12:00,0.2064,55.647
,9/23/18 13:00,0.2061,58.066
,9/23/18 14:00,0.2061,59.616
,9/23/18 15:00,0.2056,59.702
,9/23/18 16:00,0.2056,60.046
,9/23/18 17:00,0.2056,59.358
,9/23/18 18:00,0.2056,58.109
,9/23/18 19:00,0.2056,56.512
,9/23/18 20:00,0.2056,54.734
,9/23/18 21:00,0.2052,53.121
,9/23/18 22:00,0.2052,51.895
,9/23/18 23:00,0.2052,50.752
,9/24/18 0:00,0.2052,49.959
,9/24/18 1:00,0.2052,49.692
,9/24/18 2:00,0.2052,49.338
,9/24/18 3:00,0.2052,48.628
,9/24/18 4:00,0.2052,48.094
,9/24/18 5:00,0.2047,47.736
,9/24/18 6:00,0.2047,47.422
,9/24/18 7:00,0.2047,46.886
,9/24/18 8:00,0.2047,46.391
,9/24/18 9:00,0.2047,46.796
,9/24/18 10:00,0.2047,48.717
,9/24/18 11:00,0.2043,50.092
,9/24/18 12:00,0.2047,54.126
,9/24/18 13:00,0.2043,54.343
,9/24/18 14:00,0.2052,54.3
,9/24/18 15:00,0.2052,55.733
,9/24/18 16:00,0.2047,56.165
,9/24/18 17:00,0.2052,55.69
,9/24/18 18:00,0.2052,54.691
,9/24/18 19:00,0.2047,53.384
,9/24/18 20:00,0.2047,52.16
,9/24/18 21:00,0.2047,51.148
,9/24/18 22:00,0.2047,50.18
,9/24/18 23:00,0.2047,49.116
,9/25/18 0:00,0.2047,48.137
,9/25/18 1:00,0.2043,47.154
,9/25/18 2:00,0.2043,45.986
,9/25/18 3:00,0.2043,44.764
,9/25/18 4:00,0.2038,43.579
,9/25/18 5:00,0.2035,42.525
,9/25/18 6:00,0.202,41.554
,9/25/18 7:00,0.199,40.719
,9/25/18 8:00,0.1972,40.017
,9/25/18 9:00,0.1994,39.783
,9/25/18 10:00,0.2035,43.075
,9/25/18 11:00,0.2038,48.094
,9/25/18 12:00,0.2035,52.554
,9/25/18 13:00,0.2035,54.952
,9/25/18 14:00,0.2035,55.949
,9/25/18 15:00,0.2035,56.556
,9/25/18 16:00,0.2035,56.728
,9/25/18 17:00,0.2035,55.386
,9/25/18 18:00,0.2035,53.645
,9/25/18 19:00,0.2035,51.633
,9/25/18 20:00,0.2035,49.516
,9/25/18 21:00,0.2029,47.647
,9/25/18 22:00,0.2029,46.121
,9/25/18 23:00,0.2026,44.764
,9/26/18 0:00,0.2012,43.716
,9/26/18 1:00,0.199,42.663
,9/26/18 2:00,0.1976,41.787
,9/26/18 3:00,0.1972,41.184
,9/26/18 4:00,0.1963,40.764
,9/26/18 5:00,0.1948,40.251
,9/26/18 6:00,0.1948,39.549
,9/26/18 7:00,0.2012,38.795
,9/26/18 8:00,0.2026,38.131
,9/26/18 9:00,0.1999,37.942
,9/26/18 10:00,0.202,41.925
,9/26/18 11:00,0.202,47.914
,9/26/18 12:00,0.202,52.686
,9/26/18 13:00,0.202,55.125
,9/26/18 14:00,0.202,56.34
,9/26/18 15:00,0.2017,56.944
,9/26/18 16:00,0.2017,57.117
,9/26/18 17:00,0.202,55.863
,9/26/18 18:00,0.202,54.169
,9/26/18 19:00,0.2017,52.16
,9/26/18 20:00,0.2017,50.18
,9/26/18 21:00,0.2017,48.538
,9/26/18 22:00,0.2017,47.019
,9/26/18 23:00,0.2012,45.579
,9/27/18 0:00,0.2012,44.4
,9/27/18 1:00,0.2012,43.443
,9/27/18 2:00,0.2012,42.616
,9/27/18 3:00,0.2012,41.74
,9/27/18 4:00,0.1999,40.905
,9/27/18 5:00,0.1967,40.111
,9/27/18 6:00,0.1948,39.407
,9/27/18 7:00,0.1926,38.748
,9/27/18 8:00,0.1945,38.226
,9/27/18 9:00,0.1948,38.606
,9/27/18 10:00,0.2008,43.122
,9/27/18 11:00,0.2003,49.028
,9/27/18 12:00,0.2003,54.126
,9/27/18 13:00,0.2003,56.858
,9/27/18 14:00,0.1999,58.109
,9/27/18 15:00,0.1999,58.626
,9/27/18 16:00,0.1999,58.842
,9/27/18 17:00,0.1994,57.722
,9/27/18 18:00,0.1999,56.035
,9/27/18 19:00,0.1994,54.126
,9/27/18 20:00,0.1994,52.335
,9/27/18 21:00,0.1994,50.576
,9/27/18 22:00,0.1994,49.073
,9/27/18 23:00,0.1994,47.647
,9/28/18 0:00,0.1994,46.481
,9/28/18 1:00,0.199,45.399
,9/28/18 2:00,0.199,44.445
,9/28/18 3:00,0.199,43.624
,9/28/18 4:00,0.199,42.847
,9/28/18 5:00,0.199,42.109
,9/28/18 6:00,0.199,41.277
,9/28/18 7:00,0.1985,40.579
,9/28/18 8:00,0.1976,39.924
,9/28/18 9:00,0.1985,40.251
,9/28/18 10:00,0.1985,44.946
,9/28/18 11:00,0.1981,50.974
,9/28/18 12:00,0.1976,55.906
,9/28/18 13:00,0.1981,58.411
,9/28/18 14:00,0.1976,59.702
,9/28/18 15:00,0.1976,60.217
,9/28/18 16:00,0.1976,60.217
,9/28/18 17:00,0.1972,58.928
,9/28/18 18:00,0.1972,57.117
,9/28/18 19:00,0.1972,55.081
,9/28/18 20:00,0.1972,53.035
,9/28/18 21:00,0.1967,51.148
,9/28/18 22:00,0.1967,49.604
,9/28/18 23:00,0.1967,48.36
,9/29/18 0:00,0.1967,47.199
,9/29/18 1:00,0.1967,46.121
,9/29/18 2:00,0.1963,45.127
,9/29/18 3:00,0.1963,44.263
,9/29/18 4:00,0.1963,43.579
,9/29/18 5:00,0.1963,42.939
,9/29/18 6:00,0.1958,42.294
,9/29/18 7:00,0.1958,41.693
,9/29/18 8:00,0.1958,41.184
,9/29/18 9:00,0.1958,41.648
,9/29/18 10:00,0.1958,46.031
,9/29/18 11:00,0.1954,51.37
,9/29/18 12:00,0.1954,56.079
,9/29/18 13:00,0.1954,58.411
,9/29/18 14:00,0.1948,59.788
,9/29/18 15:00,0.1948,60.346
,9/29/18 16:00,0.1945,60.517
,9/29/18 17:00,0.1948,59.445
,9/29/18 18:00,0.1945,58.066
,9/29/18 19:00,0.1945,56.469
,9/29/18 20:00,0.1945,54.561
,9/29/18 21:00,0.1945,52.992
,9/29/18 22:00,0.1939,51.764
,9/29/18 23:00,0.1939,50.664
,9/30/18 0:00,0.1939,49.516
,9/30/18 1:00,0.1935,48.405
,9/30/18 2:00,0.1935,47.557
,9/30/18 3:00,0.1935,46.931
,9/30/18 4:00,0.1935,46.346
,9/30/18 5:00,0.1935,46.076
,9/30/18 6:00,0.1932,45.941
,9/30/18 7:00,0.1932,45.669
,9/30/18 8:00,0.1932,45.399
,9/30/18 9:00,0.1932,45.851
,9/30/18 10:00,0.1932,49.692
,9/30/18 11:00,0.1926,54.604
,9/30/18 12:00,0.1923,58.842
,9/30/18 13:00,0.1923,61.075
,9/30/18 14:00,0.1923,62.019
,9/30/18 15:00,0.1923,62.062
,9/30/18 16:00,0.1923,61.761
,9/30/18 17:00,0.1917,60.517
,9/30/18 18:00,0.1917,58.842
,9/30/18 19:00,0.1917,56.944
,9/30/18 20:00,0.1913,55.213
,9/30/18 21:00,0.1913,53.733
,9/30/18 22:00,0.1913,52.335
,9/30/18 23:00,0.1908,51.105
,10/1/18 0:00,0.1913,50.4
,10/1/18 1:00,0.1908,50.268
,10/1/18 2:00,0.1908,50.092
,10/1/18 3:00,0.1908,49.87
,10/1/18 4:00,0.1908,49.692
,10/1/18 5:00,0.1908,49.249
,10/1/18 6:00,0.1908,48.85
,10/1/18 7:00,0.1908,48.227
,10/1/18 8:00,0.1908,48.004
,10/1/18 9:00,0.1904,48.805
,10/1/18 10:00,0.1904,50.621
,10/1/18 11:00,0.1904,51.458
,10/1/18 12:00,0.1904,51.633
,10/1/18 13:00,0.1908,51.678
,10/1/18 14:00,0.1917,51.458
,10/1/18 15:00,0.1913,52.378
,10/1/18 16:00,0.1908,52.554
,10/1/18 17:00,0.1908,52.291
,10/1/18 18:00,0.1913,51.764
,10/1/18 19:00,0.1908,51.148
,10/1/18 20:00,0.1913,50.445
,10/1/18 21:00,0.1908,49.87
,10/1/18 22:00,0.1908,49.338
,10/1/18 23:00,0.1908,48.983
,10/2/18 0:00,0.1908,48.45
,10/2/18 1:00,0.1908,47.736
,10/2/18 2:00,0.1908,47.377
,10/2/18 3:00,0.1908,47.154
,10/2/18 4:00,0.1908,46.661
,10/2/18 5:00,0.1908,46.301
,10/2/18 6:00,0.1908,46.301
,10/2/18 7:00,0.1917,46.256
,10/2/18 8:00,0.1926,46.211
,10/2/18 9:00,0.1948,46.301
,10/2/18 10:00,0.2008,46.571
,10/2/18 11:00,0.2134,47.109
,10/2/18 12:00,0.2185,47.736
,10/2/18 13:00,0.2229,48.805
,10/2/18 14:00,0.2274,49.516
,10/2/18 15:00,0.2315,49.87
,10/2/18 16:00,0.2335,50.268
,10/2/18 17:00,0.2355,50.356
,10/2/18 18:00,0.2367,50.047
,10/2/18 19:00,0.2383,49.516
,10/2/18 20:00,0.239,48.938
,10/2/18 21:00,0.2399,48.628
,10/2/18 22:00,0.2406,48.36
,10/2/18 23:00,0.2414,48.182
,10/3/18 0:00,0.2434,48.004
,10/3/18 1:00,0.2534,47.691
,10/3/18 2:00,0.2585,47.557
,10/3/18 3:00,0.2615,47.422
,10/3/18 4:00,0.3121,47.199
,10/3/18 5:00,0.3022,47.019
,10/3/18 6:00,0.3015,46.706
,10/3/18 7:00,0.297,46.481
,10/3/18 8:00,0.297,46.211
,10/3/18 9:00,0.3092,46.211
,10/3/18 10:00,0.3148,46.571
,10/3/18 11:00,0.3087,47.377
,10/3/18 12:00,0.3051,49.028
,10/3/18 13:00,0.3029,50.576
,10/3/18 14:00,0.3015,52.772
,10/3/18 15:00,0.3001,54.561
,10/3/18 16:00,0.299,55.429
,10/3/18 17:00,0.2984,55.038
,10/3/18 18:00,0.2973,54.126
,10/3/18 19:00,0.297,52.817
,10/3/18 20:00,0.2963,51.458
,10/3/18 21:00,0.2959,50.311
,10/3/18 22:00,0.2955,49.338
,10/3/18 23:00,0.2952,48.538
,10/4/18 0:00,0.2949,48.004
,10/4/18 1:00,0.2949,47.691
,10/4/18 2:00,0.2949,47.557
,10/4/18 3:00,0.2946,47.109
,10/4/18 4:00,0.2942,46.526
,10/4/18 5:00,0.2938,45.806
,10/4/18 6:00,0.2938,45.534
,10/4/18 7:00,0.2938,45.489
,10/4/18 8:00,0.2938,45.444
,10/4/18 9:00,0.2938,46.031
,10/4/18 10:00,0.2935,47.959
,10/4/18 11:00,0.2935,49.782
,10/4/18 12:00,0.2938,48.895
,10/4/18 13:00,0.2942,48.137
,10/4/18 14:00,0.2946,47.602
,10/4/18 15:00,0.2946,48.004
,10/4/18 16:00,0.2946,47.914
,10/4/18 17:00,0.2955,46.931
,10/4/18 18:00,0.2959,46.121
,10/4/18 19:00,0.2959,45.579
,10/4/18 20:00,0.2959,45.036
,10/4/18 21:00,0.2963,44.674
,10/4/18 22:00,0.2963,44.31
,10/4/18 23:00,0.2963,44.037
,10/5/18 0:00,0.2963,43.853
,10/5/18 1:00,0.2963,43.671
,10/5/18 2:00,0.2963,43.488
,10/5/18 3:00,0.2963,43.214
,10/5/18 4:00,0.2963,42.847
,10/5/18 5:00,0.2963,42.341
,10/5/18 6:00,0.2963,41.787
,10/5/18 7:00,0.2963,41.23
,10/5/18 8:00,0.2963,40.998
,10/5/18 9:00,0.2963,41.184
,10/5/18 10:00,0.2963,41.693
,10/5/18 11:00,0.2963,41.925
,10/5/18 12:00,0.2963,42.202
,10/5/18 13:00,0.2963,42.478
,10/5/18 14:00,0.2966,42.755
,10/5/18 15:00,0.2966,43.443
,10/5/18 16:00,0.2966,44.582
,10/5/18 17:00,0.297,44.719
,10/5/18 18:00,0.297,44.218
,10/5/18 19:00,0.2973,43.579
,10/5/18 20:00,0.2976,42.616
,10/5/18 21:00,0.2987,41.74
,10/5/18 22:00,0.2994,41.23
,10/5/18 23:00,0.2994,40.905
,10/6/18 0:00,0.2997,40.719
,10/6/18 1:00,0.2997,40.204
,10/6/18 2:00,0.2997,39.643
,10/6/18 3:00,0.3001,39.454
,10/6/18 4:00,0.3001,39.22
,10/6/18 5:00,0.3001,38.842
,10/6/18 6:00,0.3001,38.606
,10/6/18 7:00,0.2997,38.557
,10/6/18 8:00,0.2997,38.557
,10/6/18 9:00,0.3001,38.937
,10/6/18 10:00,0.3005,39.97
,10/6/18 11:00,0.3005,41.832
,10/6/18 12:00,0.3005,43.853
,10/6/18 13:00,0.3005,45.217
,10/6/18 14:00,0.3005,45.534
,10/6/18 15:00,0.3005,45.307
,10/6/18 16:00,0.3005,45.444
,10/6/18 17:00,0.3005,44.901
,10/6/18 18:00,0.3005,44.719
,10/6/18 19:00,0.3005,43.99
,10/6/18 20:00,0.3005,43.214
,10/6/18 21:00,0.3005,42.478
,10/6/18 22:00,0.3005,41.97
,10/6/18 23:00,0.3001,41.463
,10/7/18 0:00,0.3001,40.951
,10/7/18 1:00,0.2997,40.345
,10/7/18 2:00,0.2997,39.69
,10/7/18 3:00,0.2997,39.124
,10/7/18 4:00,0.2994,38.557
,10/7/18 5:00,0.2994,38.179
,10/7/18 6:00,0.2994,38.131
,10/7/18 7:00,0.2994,37.893
,10/7/18 8:00,0.2994,37.893
,10/7/18 9:00,0.299,38.226
,10/7/18 10:00,0.299,39.313
,10/7/18 11:00,0.299,40.485
,10/7/18 12:00,0.299,41.23
,10/7/18 13:00,0.299,42.939
,10/7/18 14:00,0.2994,44.492
,10/7/18 15:00,0.299,45.399
,10/7/18 16:00,0.2987,45.579
,10/7/18 17:00,0.2987,45.399
,10/7/18 18:00,0.2984,44.582
,10/7/18 19:00,0.2984,43.624
,10/7/18 20:00,0.2979,42.847
,10/7/18 21:00,0.2979,41.74
,10/7/18 22:00,0.2979,41.184
,10/7/18 23:00,0.2979,40.626
,10/8/18 0:00,0.2987,40.251
,10/8/18 1:00,0.2987,40.064
,10/8/18 2:00,0.2987,39.783
,10/8/18 3:00,0.299,39.454
,10/8/18 4:00,0.2987,38.984
,10/8/18 5:00,0.299,38.653
,10/8/18 6:00,0.299,38.464
,10/8/18 7:00,0.2987,38.368
,10/8/18 8:00,0.299,38.179
,10/8/18 9:00,0.299,38.179
,10/8/18 10:00,0.299,37.656
,10/8/18 11:00,0.299,37.702
,,,
,,,
,,,
,,,
,,,
,,,
,,,
,,,
,,,
,,,
,,,
,,,
,,,
,,,
,,,
,,,
,,,
,,,
,,,
,,,
,,,
,,,
,,,
,,,
,,,
,,,
,,,
,,,
,,,
,,,
,,,
,,,
,,,
,,,
,,,
,,,
,,,
,,,
,,,
,,,
,,,
,,,
,,,
,,,
,,,
,,,
,,,
,,,
,,,
,,,
,,,
,,,
,,,
,,,
,,,
,,,
,,,
,,,
,,,
,,,
,,,
,,,
,,,
,,,
,,,
,,,
,,,
,,,
,,,
,,,
,,,
,,,
,,,
,,,
,,,
,,,
,,,
,,,
,,,
,,,
,,,
,,,
,,,
,,,
,,,
,,,
,,,
,,,
,,,
,,,
,,,
,,,
,,,
,,,
,,,
,,,
,,,
,,,
,,,
,,,
,,,
,,,
,,,
,,,
,,,
,,,
,,,
,,,
,,,
,,,
,,,
,,,
,,,
,,,
,,,
,,,
,,,
,,,
,,,
,,,
,,,
,,,
,,,
,,,
,,,
,,,
,,,
,,,
,,,
,,,
,,,
,,,
,,,
,,,
,,,
,,,
,,,
,,,
,,,
,,,
,,,
,,,
,,,
,,,
,,,
,,,
,,,
,,,
,,,
,,,
,,,
,,,
,,,
,,,
,,,
,,,
,,,
,,,
,,,
,,,
,,,
,,,
,,,
,,,
,,,
,,,
,,,
,,,
,,,
,,,
,,,
,,,
,,,
,,,
,,,
,,,
,,,
,,,
,,,
,,,
,,,
,,,
,,,
,,,
,,,
,,,
,,,
,,,
,,,
,,,
,,,
,,,
,,,
,,,
,,,
,,,
,,,
,,,
,,,
,,,
,,,
,,,
,,,
,,,
,,,
,,,
,,,
,,,
,,,
,,,
,,,
,,,
,,,
,,,
,,,
,,,
,,,
,,,
,,,
,,,
,,,
,,,
,,,
,,,
,,,
,,,
,,,
,,,
,,,
,,,
,,,
,,,
,,,
,,,
,,,
,,,
,,,
,,,
,,,
,,,
,,,
,,,
,,,
,,,
,,,
,,,
,,,
,,,
,,,
,,,
,,,
,,,
,,,
,,,
,,,
,,,
,,,
,,,
,,,
,,,
,,,
,,,
,,,
,,,
,,,
,,,
,,,
,,,
,,,
,,,
,,,
,,,
,,,
,,,
,,,
,,,
,,,
,,,
,,,
,,,
,,,
,,,
,,,
,,,
,,,
,,,
,,,
,,,
,,,
,,,
,,,
,,,
,,,
,,,
,,,
,,,
,,,
,,,
,,,
,,,
,,,
,,,
,,,
,,,
,,,
,,,
,,,
,,,
,,,
,,,
,,,
,,,
,,,
,,,
,,,
,,,
,,,
,,,
,,,
,,,
,,,
,,,
,,,
,,,
,,,
,,,
,,,
,,,
,,,
,,,
,,,
,,,
,,,
,,,
,,,
,,,
,,,
,,,
,,,
,,,
,,,
,,,
,,,
,,,
,,,
,,,
,,,
,,,
,,,
,,,
,,,
,,,
,,,
,,,
,,,
,,,
,,,
,,,
,,,
,,,
,,,
,,,
,,,
,,,
,,,
,,,
,,,
,,,
,,,
,,,
,,,
,,,
,,,
,,,
,,,
,,,
,,,
,,,
,,,
,,,
,,,
,,,
,,,
,,,
,,,
,,,
,,,
,,,
,,,
,,,
,,,
,,,
,,,
,,,
,,,
,,,
,,,
,,,
,,,
,,,
,,,
,,,
,,,
,,,
,,,
,,,
,,,
,,,
,,,
,,,
,,,
,,,
,,,
,,,
,,,
,,,
,,,
,,,
,,,
,,,
,,,
,,,
,,,
,,,
,,,
,,,
,,,
,,,
,,,
,,,
,,,
,,,