Plot Title: 20147179,,,
#,"Date Time, GMT-06:00","Water Content, m³/m³ (LGR S/N: 20147179, SEN S/N: 20145939)","Temp, °F (LGR S/N: 20147179, SEN S/N: 20399270, LBL: A2_L)"
1,5/15/18 15:30,0.2786,
2,5/15/18 16:30,0.2813,
3,5/15/18 17:30,0.2824,
4,5/15/18 18:30,0.283,
5,5/15/18 19:30,0.2834,
6,5/15/18 20:30,0.2837,
7,5/15/18 21:30,0.2837,
8,5/15/18 22:30,0.284,
9,5/15/18 23:30,0.284,
10,5/16/18 0:30,0.284,
11,5/16/18 1:30,0.2844,
12,5/16/18 2:30,0.2844,
13,5/16/18 3:30,0.2844,
14,5/16/18 4:30,0.2844,
15,5/16/18 5:30,0.2844,
16,5/16/18 6:30,0.2844,
17,5/16/18 7:30,0.2844,
18,5/16/18 8:30,0.285,
19,5/16/18 9:30,0.2853,
20,5/16/18 10:30,0.2857,
21,5/16/18 11:30,0.2853,
22,5/16/18 12:30,0.285,
23,5/16/18 13:30,0.285,
24,5/16/18 14:30,0.2847,
25,5/16/18 15:30,0.2847,
26,5/16/18 16:30,0.2847,
27,5/16/18 17:30,0.2847,
28,5/16/18 18:30,0.285,
29,5/16/18 19:30,0.2847,
30,5/16/18 20:30,0.2847,
31,5/16/18 21:30,0.2847,
32,5/16/18 22:30,0.2847,
33,5/16/18 23:30,0.2847,
34,5/17/18 0:30,0.2847,
35,5/17/18 1:30,0.2847,
36,5/17/18 2:30,0.2847,
37,5/17/18 3:30,0.2847,
38,5/17/18 4:30,0.2847,
39,5/17/18 5:30,0.2847,
40,5/17/18 6:30,0.2847,
41,5/17/18 7:30,0.285,
42,5/17/18 8:30,0.2853,
43,5/17/18 9:30,0.2861,
44,5/17/18 10:30,0.2857,
45,5/17/18 11:30,0.2853,
46,5/17/18 12:30,0.2853,
47,5/17/18 13:30,0.2847,
48,5/17/18 14:30,0.2847,
49,5/17/18 15:30,0.2847,
50,5/17/18 16:30,0.2847,
51,5/17/18 17:30,0.2844,
52,5/17/18 18:30,0.2844,
53,5/17/18 19:30,0.2844,
54,5/17/18 20:30,0.284,
55,5/17/18 21:30,0.284,
56,5/17/18 22:30,0.284,
57,5/17/18 23:30,0.284,
58,5/18/18 0:30,0.284,
59,5/18/18 1:30,0.284,
60,5/18/18 2:30,0.284,
61,5/18/18 3:30,0.284,
62,5/18/18 4:30,0.284,
63,5/18/18 5:30,0.284,
64,5/18/18 6:30,0.284,
65,5/18/18 7:30,0.284,
66,5/18/18 8:30,0.2844,
67,5/18/18 9:30,0.2847,
68,5/18/18 10:30,0.2844,
69,5/18/18 11:30,0.2844,
70,5/18/18 12:30,0.2844,
71,5/18/18 13:30,0.284,
72,5/18/18 14:30,0.284,
73,5/18/18 15:30,0.2837,
74,5/18/18 16:30,0.2837,
75,5/18/18 17:30,0.2837,
76,5/18/18 18:30,0.2834,
77,5/18/18 19:30,0.2834,
78,5/18/18 20:30,0.2834,
79,5/18/18 21:30,0.2834,
80,5/18/18 22:30,0.283,
81,5/18/18 23:30,0.2834,
82,5/19/18 0:30,0.2834,
83,5/19/18 1:30,0.2834,
84,5/19/18 2:30,0.2834,
85,5/19/18 3:30,0.2834,
86,5/19/18 4:30,0.2834,
87,5/19/18 5:30,0.2834,
88,5/19/18 6:30,0.2834,
89,5/19/18 7:30,0.2834,
90,5/19/18 8:30,0.2837,
91,5/19/18 9:30,0.284,
92,5/19/18 10:30,0.2837,
93,5/19/18 11:30,0.2834,
94,5/19/18 12:30,0.283,
95,5/19/18 13:30,0.283,
96,5/19/18 14:30,0.283,
97,5/19/18 15:30,0.2827,
98,5/19/18 16:30,0.2827,
99,5/19/18 17:30,0.2827,
100,5/19/18 18:30,0.2824,
101,5/19/18 19:30,0.2824,
102,5/19/18 20:30,0.2821,
103,5/19/18 21:30,0.2824,
104,5/19/18 22:30,0.283,
105,5/19/18 23:30,0.2824,
106,5/20/18 0:30,0.2817,
107,5/20/18 1:30,0.2806,
108,5/20/18 2:30,0.281,
109,5/20/18 3:30,0.2806,
110,5/20/18 4:30,0.2806,
111,5/20/18 5:30,0.2806,
112,5/20/18 6:30,0.2806,
113,5/20/18 7:30,0.2806,
114,5/20/18 8:30,0.2824,
115,5/20/18 9:30,0.2824,
116,5/20/18 10:30,0.2827,
117,5/20/18 11:30,0.2827,
118,5/20/18 12:30,0.2827,
119,5/20/18 13:30,0.2827,
120,5/20/18 14:30,0.2824,
121,5/20/18 15:30,0.2824,
122,5/20/18 16:30,0.2824,
123,5/20/18 17:30,0.2824,
124,5/20/18 18:30,0.2821,
125,5/20/18 19:30,0.2821,
126,5/20/18 20:30,0.2821,
127,5/20/18 21:30,0.2821,
128,5/20/18 22:30,0.2821,
129,5/20/18 23:30,0.2821,
130,5/21/18 0:30,0.2817,
131,5/21/18 1:30,0.2817,
132,5/21/18 2:30,0.2817,
133,5/21/18 3:30,0.2817,
134,5/21/18 4:30,0.2821,
135,5/21/18 5:30,0.2821,
136,5/21/18 6:30,0.2817,
137,5/21/18 7:30,0.2817,
138,5/21/18 8:30,0.2803,
139,5/21/18 9:30,0.2827,
140,5/21/18 10:30,0.2827,
141,5/21/18 11:30,0.2824,
142,5/21/18 12:30,0.2824,
143,5/21/18 13:30,0.2821,
144,5/21/18 14:30,0.2821,
145,5/21/18 15:30,0.2821,
146,5/21/18 16:30,0.2817,
147,5/21/18 17:30,0.2817,
148,5/21/18 18:30,0.2817,
149,5/21/18 19:30,0.2813,
150,5/21/18 20:30,0.2813,
151,5/21/18 21:30,0.2813,
152,5/21/18 22:30,0.2813,
153,5/21/18 23:30,0.2813,
154,5/22/18 0:30,0.2813,
155,5/22/18 1:30,0.2813,
156,5/22/18 2:30,0.281,
157,5/22/18 3:30,0.281,
158,5/22/18 4:30,0.281,
159,5/22/18 5:30,0.281,
160,5/22/18 6:30,0.281,
161,5/22/18 7:30,0.281,
162,5/22/18 8:30,0.2803,
163,5/22/18 9:30,0.2817,
164,5/22/18 10:30,0.2817,
165,5/22/18 11:30,0.2813,
166,5/22/18 12:30,0.281,
167,5/22/18 13:30,0.281,
168,5/22/18 14:30,0.2806,
169,5/22/18 15:30,0.2806,
170,5/22/18 16:30,0.2806,
171,5/22/18 17:30,0.2806,
172,5/22/18 18:30,0.2803,
173,5/22/18 19:30,0.2803,
174,5/22/18 20:30,0.2803,
175,5/22/18 21:30,0.28,
176,5/22/18 22:30,0.28,
177,5/22/18 23:30,0.28,
178,5/23/18 0:30,0.28,
179,5/23/18 1:30,0.28,
180,5/23/18 2:30,0.28,
181,5/23/18 3:30,0.28,
182,5/23/18 4:30,0.28,
183,5/23/18 5:30,0.28,
184,5/23/18 6:30,0.28,
185,5/23/18 7:30,0.2803,
186,5/23/18 8:30,0.2806,
187,5/23/18 9:30,0.2806,
188,5/23/18 10:30,0.2803,
189,5/23/18 11:30,0.28,
190,5/23/18 12:30,0.2796,
191,5/23/18 13:30,0.2796,
192,5/23/18 14:30,0.2796,
193,5/23/18 15:30,0.2793,
194,5/23/18 16:30,0.2793,
195,5/23/18 17:30,0.279,
196,5/23/18 18:30,0.279,
197,5/23/18 19:30,0.279,
198,5/23/18 20:30,0.279,
199,5/23/18 21:30,0.2786,
200,5/23/18 22:30,0.2786,
201,5/23/18 23:30,0.279,
202,5/24/18 0:30,0.279,
203,5/24/18 1:30,0.279,
204,5/24/18 2:30,0.2786,
205,5/24/18 3:30,0.2786,
206,5/24/18 4:30,0.2786,
207,5/24/18 5:30,0.2786,
208,5/24/18 6:30,0.2786,
209,5/24/18 7:30,0.2786,
210,5/24/18 8:30,0.279,
211,5/24/18 9:30,0.279,
212,5/24/18 10:30,0.279,
213,5/24/18 11:30,0.2786,
214,5/24/18 12:30,0.2783,
215,5/24/18 13:30,0.278,
216,5/24/18 14:30,0.2776,
217,5/24/18 15:30,0.2773,
218,5/24/18 16:30,0.2773,
219,5/24/18 17:30,0.2773,
220,5/24/18 18:30,0.2776,
221,5/24/18 19:30,0.2776,
222,5/24/18 20:30,0.2776,
223,5/24/18 21:30,0.278,
224,5/24/18 22:30,0.2776,
225,5/24/18 23:30,0.2776,
226,5/25/18 0:30,0.2776,
227,5/25/18 1:30,0.2773,
228,5/25/18 2:30,0.2776,
229,5/25/18 3:30,0.2776,
230,5/25/18 4:30,0.2776,
231,5/25/18 5:30,0.2776,
232,5/25/18 6:30,0.2773,
233,5/25/18 7:30,0.2773,
234,5/25/18 8:30,0.2776,
235,5/25/18 9:30,0.2776,
236,5/25/18 10:30,0.2773,
237,5/25/18 11:30,0.277,
238,5/25/18 12:30,0.2766,
239,5/25/18 13:30,0.2763,
240,5/25/18 14:30,0.2759,
241,5/25/18 15:30,0.2756,
242,5/25/18 16:30,0.2753,
243,5/25/18 17:30,0.2753,
244,5/25/18 18:30,0.2749,
245,5/25/18 19:30,0.2749,
246,5/25/18 20:30,0.2749,
247,5/25/18 21:30,0.2749,
248,5/25/18 22:30,0.2749,
249,5/25/18 23:30,0.2746,
250,5/26/18 0:30,0.2746,
251,5/26/18 1:30,0.2746,
252,5/26/18 2:30,0.2749,
253,5/26/18 3:30,0.2746,
254,5/26/18 4:30,0.2746,
255,5/26/18 5:30,0.2746,
256,5/26/18 6:30,0.2743,
257,5/26/18 7:30,0.2743,
258,5/26/18 8:30,0.2743,
259,5/26/18 9:30,0.2743,
260,5/26/18 10:30,0.2739,
261,5/26/18 11:30,0.2736,
262,5/26/18 12:30,0.2732,
263,5/26/18 13:30,0.2729,
264,5/26/18 14:30,0.2726,
265,5/26/18 15:30,0.2726,
266,5/26/18 16:30,0.2726,
267,5/26/18 17:30,0.2722,
268,5/26/18 18:30,0.2729,
269,5/26/18 19:30,0.2719,
270,5/26/18 20:30,0.2715,
271,5/26/18 21:30,0.2719,
272,5/26/18 22:30,0.2722,
273,5/26/18 23:30,0.2722,
274,5/27/18 0:30,0.2719,
275,5/27/18 1:30,0.2722,
276,5/27/18 2:30,0.2719,
277,5/27/18 3:30,0.2719,
278,5/27/18 4:30,0.2719,
279,5/27/18 5:30,0.2719,
280,5/27/18 6:30,0.2719,
281,5/27/18 7:30,0.2719,
282,5/27/18 8:30,0.2719,
283,5/27/18 9:30,0.2722,
284,5/27/18 10:30,0.2719,
285,5/27/18 11:30,0.2712,
286,5/27/18 12:30,0.2715,
287,5/27/18 13:30,0.2701,
288,5/27/18 14:30,0.2698,
289,5/27/18 15:30,0.2694,
290,5/27/18 16:30,0.2691,
291,5/27/18 17:30,0.2687,
292,5/27/18 18:30,0.2684,
293,5/27/18 19:30,0.2684,
294,5/27/18 20:30,0.2684,
295,5/27/18 21:30,0.2684,
296,5/27/18 22:30,0.268,
297,5/27/18 23:30,0.268,
298,5/28/18 0:30,0.2677,
299,5/28/18 1:30,0.2677,
300,5/28/18 2:30,0.2677,
301,5/28/18 3:30,0.2673,
302,5/28/18 4:30,0.2673,
303,5/28/18 5:30,0.2673,
304,5/28/18 6:30,0.2673,
305,5/28/18 7:30,0.2673,
306,5/28/18 8:30,0.2673,
307,5/28/18 9:30,0.267,
308,5/28/18 10:30,0.2666,
309,5/28/18 11:30,0.2666,
310,5/28/18 12:30,0.266,
311,5/28/18 13:30,0.2657,
312,5/28/18 14:30,0.2653,
313,5/28/18 15:30,0.265,
314,5/28/18 16:30,0.265,
315,5/28/18 17:30,0.2646,
316,5/28/18 18:30,0.2642,
317,5/28/18 19:30,0.2642,
318,5/28/18 20:30,0.2639,
319,5/28/18 21:30,0.2639,
320,5/28/18 22:30,0.2639,
321,5/28/18 23:30,0.2635,
322,5/29/18 0:30,0.2635,
323,5/29/18 1:30,0.2635,
324,5/29/18 2:30,0.2632,
325,5/29/18 3:30,0.2635,
326,5/29/18 4:30,0.2632,
327,5/29/18 5:30,0.2632,
328,5/29/18 6:30,0.2632,
329,5/29/18 7:30,0.2632,
330,5/29/18 8:30,0.2628,
331,5/29/18 9:30,0.2628,
332,5/29/18 10:30,0.2624,
333,5/29/18 11:30,0.2621,
334,5/29/18 12:30,0.2618,
335,5/29/18 13:30,0.2615,
336,5/29/18 14:30,0.2611,
337,5/29/18 15:30,0.2607,
338,5/29/18 16:30,0.2607,
339,5/29/18 17:30,0.2604,
340,5/29/18 18:30,0.26,
341,5/29/18 19:30,0.26,
342,5/29/18 20:30,0.2596,
343,5/29/18 21:30,0.2596,
344,5/29/18 22:30,0.2592,
345,5/29/18 23:30,0.2592,
346,5/30/18 0:30,0.2589,
347,5/30/18 1:30,0.2589,
348,5/30/18 2:30,0.2589,
349,5/30/18 3:30,0.2589,
350,5/30/18 4:30,0.2589,
351,5/30/18 5:30,0.2589,
352,5/30/18 6:30,0.2589,
353,5/30/18 7:30,0.2589,
354,5/30/18 8:30,0.2589,
355,5/30/18 9:30,0.2589,
356,5/30/18 10:30,0.2585,
357,5/30/18 11:30,0.2582,
358,5/30/18 12:30,0.2575,
359,5/30/18 13:30,0.2571,
360,5/30/18 14:30,0.2579,
361,5/30/18 15:30,0.2564,
362,5/30/18 16:30,0.2538,
363,5/30/18 17:30,0.2621,
364,5/30/18 18:30,0.2611,
365,5/30/18 19:30,0.2607,
366,5/30/18 20:30,0.2604,
367,5/30/18 21:30,0.26,
368,5/30/18 22:30,0.2579,
369,5/30/18 23:30,0.2585,
370,5/31/18 0:30,0.2585,
371,5/31/18 1:30,0.2585,
372,5/31/18 2:30,0.2571,
373,5/31/18 3:30,0.2571,
374,5/31/18 4:30,0.2604,
375,5/31/18 5:30,0.2604,
376,5/31/18 6:30,0.2604,
377,5/31/18 7:30,0.2604,
378,5/31/18 8:30,0.2596,
379,5/31/18 9:30,0.2592,
380,5/31/18 10:30,0.2596,
381,5/31/18 11:30,0.2592,
382,5/31/18 12:30,0.2589,
383,5/31/18 13:30,0.2585,
384,5/31/18 14:30,0.2589,
385,5/31/18 15:30,0.2582,
386,5/31/18 16:30,0.2575,
387,5/31/18 17:30,0.2575,
388,5/31/18 18:30,0.2571,
389,5/31/18 19:30,0.2575,
390,5/31/18 20:30,0.2571,
391,5/31/18 21:30,0.2567,
392,5/31/18 22:30,0.2564,
393,5/31/18 23:30,0.2564,
394,6/1/18 0:30,0.2557,
395,6/1/18 1:30,0.2564,
396,6/1/18 2:30,0.2553,
397,6/1/18 3:30,0.255,
398,6/1/18 4:30,0.2553,
399,6/1/18 5:30,0.2557,
400,6/1/18 6:30,0.256,
401,6/1/18 7:30,0.2553,
402,6/1/18 8:30,0.255,
403,6/1/18 9:30,0.2538,
404,6/1/18 10:30,0.2538,
405,6/1/18 11:30,0.2532,
406,6/1/18 12:30,0.2528,
407,6/1/18 13:30,0.2524,
408,6/1/18 14:30,0.2516,
409,6/1/18 15:30,0.2505,
410,6/1/18 16:30,0.2505,
411,6/1/18 17:30,0.2502,
412,6/1/18 18:30,0.2494,
413,6/1/18 19:30,0.2494,
414,6/1/18 20:30,0.2494,
415,6/1/18 21:30,0.2494,
416,6/1/18 22:30,0.249,
417,6/1/18 23:30,0.249,
418,6/2/18 0:30,0.2487,
419,6/2/18 1:30,0.2487,
420,6/2/18 2:30,0.2483,
421,6/2/18 3:30,0.2487,
422,6/2/18 4:30,0.2487,
423,6/2/18 5:30,0.2487,
424,6/2/18 6:30,0.2483,
425,6/2/18 7:30,0.2483,
426,6/2/18 8:30,0.2483,
427,6/2/18 9:30,0.2483,
428,6/2/18 10:30,0.2475,
429,6/2/18 11:30,0.2483,
430,6/2/18 12:30,0.2464,
431,6/2/18 13:30,0.246,
432,6/2/18 14:30,0.2449,
433,6/2/18 15:30,0.2445,
434,6/2/18 16:30,0.2441,
435,6/2/18 17:30,0.2434,
436,6/2/18 18:30,0.2434,
437,6/2/18 19:30,0.2437,
438,6/2/18 20:30,0.243,
439,6/2/18 21:30,0.2425,
440,6/2/18 22:30,0.2425,
441,6/2/18 23:30,0.2425,
442,6/3/18 0:30,0.2425,
443,6/3/18 1:30,0.2425,
444,6/3/18 2:30,0.2425,
445,6/3/18 3:30,0.2421,
446,6/3/18 4:30,0.2421,
447,6/3/18 5:30,0.2421,
448,6/3/18 6:30,0.2421,
449,6/3/18 7:30,0.2418,
450,6/3/18 8:30,0.2418,
451,6/3/18 9:30,0.2414,
452,6/3/18 10:30,0.241,
453,6/3/18 11:30,0.2406,
454,6/3/18 12:30,0.2403,
455,6/3/18 13:30,0.2399,
456,6/3/18 14:30,0.2394,
457,6/3/18 15:30,0.2394,
458,6/3/18 16:30,0.2387,
459,6/3/18 17:30,0.2387,
460,6/3/18 18:30,0.2383,
461,6/3/18 19:30,0.2383,
462,6/3/18 20:30,0.2379,
463,6/3/18 21:30,0.2379,
464,6/3/18 22:30,0.2374,
465,6/3/18 23:30,0.2374,
466,6/4/18 0:30,0.2371,
467,6/4/18 1:30,0.2374,
468,6/4/18 2:30,0.2371,
469,6/4/18 3:30,0.2371,
470,6/4/18 4:30,0.2371,
471,6/4/18 5:30,0.2371,
472,6/4/18 6:30,0.2371,
473,6/4/18 7:30,0.2371,
474,6/4/18 8:30,0.2351,
475,6/4/18 9:30,0.2367,
476,6/4/18 10:30,0.2363,
477,6/4/18 11:30,0.2358,
478,6/4/18 12:30,0.2351,
479,6/4/18 13:30,0.2344,
480,6/4/18 14:30,0.2339,
481,6/4/18 15:30,0.233,
482,6/4/18 16:30,0.2327,
483,6/4/18 17:30,0.2327,
484,6/4/18 18:30,0.2323,
485,6/4/18 19:30,0.2323,
486,6/4/18 20:30,0.233,
487,6/4/18 21:30,0.2327,
488,6/4/18 22:30,0.2327,
489,6/4/18 23:30,0.2323,
490,6/5/18 0:30,0.2318,
491,6/5/18 1:30,0.2315,
492,6/5/18 2:30,0.2315,
493,6/5/18 3:30,0.2315,
494,6/5/18 4:30,0.2311,
495,6/5/18 5:30,0.2306,
496,6/5/18 6:30,0.2303,
497,6/5/18 7:30,0.2303,
498,6/5/18 8:30,0.2311,
499,6/5/18 9:30,0.2311,
500,6/5/18 10:30,0.2286,
501,6/5/18 11:30,0.2277,
502,6/5/18 12:30,0.2274,
503,6/5/18 13:30,0.2266,
504,6/5/18 14:30,0.2262,
505,6/5/18 15:30,0.2262,
506,6/5/18 16:30,0.2254,
507,6/5/18 17:30,0.2245,
508,6/5/18 18:30,0.2254,
509,6/5/18 19:30,0.2257,
510,6/5/18 20:30,0.2257,
511,6/5/18 21:30,0.2254,
512,6/5/18 22:30,0.2254,
513,6/5/18 23:30,0.2257,
514,6/6/18 0:30,0.2241,
515,6/6/18 1:30,0.2237,
516,6/6/18 2:30,0.2237,
517,6/6/18 3:30,0.2232,
518,6/6/18 4:30,0.2232,
519,6/6/18 5:30,0.2232,
520,6/6/18 6:30,0.2232,
521,6/6/18 7:30,0.2229,
522,6/6/18 8:30,0.2219,
523,6/6/18 9:30,0.2211,
524,6/6/18 10:30,0.2203,
525,6/6/18 11:30,0.2198,
526,6/6/18 12:30,0.219,
527,6/6/18 13:30,0.2182,
528,6/6/18 14:30,0.2174,
529,6/6/18 15:30,0.2164,
530,6/6/18 16:30,0.2161,
531,6/6/18 17:30,0.2156,
532,6/6/18 18:30,0.2153,
533,6/6/18 19:30,0.2153,
534,6/6/18 20:30,0.2148,
535,6/6/18 21:30,0.2148,
536,6/6/18 22:30,0.2148,
537,6/6/18 23:30,0.2148,
538,6/7/18 0:30,0.2143,
539,6/7/18 1:30,0.2143,
540,6/7/18 2:30,0.2143,
541,6/7/18 3:30,0.2139,
542,6/7/18 4:30,0.2139,
543,6/7/18 5:30,0.2134,
544,6/7/18 6:30,0.2134,
545,6/7/18 7:30,0.2134,
546,6/7/18 8:30,0.2126,
547,6/7/18 9:30,0.2122,
548,6/7/18 10:30,0.2112,
549,6/7/18 11:30,0.2117,
550,6/7/18 12:30,0.2109,
551,6/7/18 13:30,0.21,
552,6/7/18 14:30,0.2087,
553,6/7/18 15:30,0.2083,
554,6/7/18 16:30,0.2073,
555,6/7/18 17:30,0.207,
556,6/7/18 18:30,0.207,
557,6/7/18 19:30,0.207,
558,6/7/18 20:30,0.207,
559,6/7/18 21:30,0.2064,
560,6/7/18 22:30,0.2064,
561,6/7/18 23:30,0.2064,
562,6/8/18 0:30,0.2061,
563,6/8/18 1:30,0.2061,
564,6/8/18 2:30,0.2061,
565,6/8/18 3:30,0.2056,
566,6/8/18 4:30,0.2056,
567,6/8/18 5:30,0.2056,
568,6/8/18 6:30,0.2052,
569,6/8/18 7:30,0.2056,
570,6/8/18 8:30,0.2047,
571,6/8/18 9:30,0.2038,
572,6/8/18 10:30,0.2035,
573,6/8/18 11:30,0.2026,
574,6/8/18 12:30,0.2017,
575,6/8/18 13:30,0.2008,
576,6/8/18 14:30,0.2003,
577,6/8/18 15:30,0.1994,
578,6/8/18 16:30,0.199,
579,6/8/18 17:30,0.1981,
580,6/8/18 18:30,0.1981,
581,6/8/18 19:30,0.1985,
582,6/8/18 20:30,0.1981,
583,6/8/18 21:30,0.1976,
584,6/8/18 22:30,0.1976,
585,6/8/18 23:30,0.1976,
586,6/9/18 0:30,0.1976,
587,6/9/18 1:30,0.1972,
588,6/9/18 2:30,0.1972,
589,6/9/18 3:30,0.1972,
590,6/9/18 4:30,0.1972,
591,6/9/18 5:30,0.1967,
592,6/9/18 6:30,0.1967,
593,6/9/18 7:30,0.1967,
594,6/9/18 8:30,0.1958,
595,6/9/18 9:30,0.1958,
596,6/9/18 10:30,0.1945,
597,6/9/18 11:30,0.1935,
598,6/9/18 12:30,0.1932,
599,6/9/18 13:30,0.1917,
600,6/9/18 14:30,0.1913,
601,6/9/18 15:30,0.1904,
602,6/9/18 16:30,0.1898,
603,6/9/18 17:30,0.1895,
604,6/9/18 18:30,0.1891,
605,6/9/18 19:30,0.1891,
606,6/9/18 20:30,0.1891,
607,6/9/18 21:30,0.1891,
608,6/9/18 22:30,0.1885,
609,6/9/18 23:30,0.1885,
610,6/10/18 0:30,0.1885,
611,6/10/18 1:30,0.1885,
612,6/10/18 2:30,0.1885,
613,6/10/18 3:30,0.1881,
614,6/10/18 4:30,0.1881,
615,6/10/18 5:30,0.1881,
616,6/10/18 6:30,0.1876,
617,6/10/18 7:30,0.1876,
618,6/10/18 8:30,0.1872,
619,6/10/18 9:30,0.1862,
620,6/10/18 10:30,0.1859,
621,6/10/18 11:30,0.1849,
622,6/10/18 12:30,0.184,
623,6/10/18 13:30,0.1836,
624,6/10/18 14:30,0.1826,
625,6/10/18 15:30,0.182,
626,6/10/18 16:30,0.1816,
627,6/10/18 17:30,0.1813,
628,6/10/18 18:30,0.1807,
629,6/10/18 19:30,0.1807,
630,6/10/18 20:30,0.1807,
631,6/10/18 21:30,0.1807,
632,6/10/18 22:30,0.1807,
633,6/10/18 23:30,0.1807,
634,6/11/18 0:30,0.1803,
635,6/11/18 1:30,0.1803,
636,6/11/18 2:30,0.1803,
637,6/11/18 3:30,0.1803,
638,6/11/18 4:30,0.1803,
639,6/11/18 5:30,0.1797,
640,6/11/18 6:30,0.1797,
641,6/11/18 7:30,0.1797,
642,6/11/18 8:30,0.1793,
643,6/11/18 9:30,0.1789,
644,6/11/18 10:30,0.1783,
645,6/11/18 11:30,0.1775,
646,6/11/18 12:30,0.1765,
647,6/11/18 13:30,0.1762,
648,6/11/18 14:30,0.1752,
649,6/11/18 15:30,0.1752,
650,6/11/18 16:30,0.1742,
651,6/11/18 17:30,0.1752,
652,6/11/18 18:30,0.1752,
653,6/11/18 19:30,0.1752,
654,6/11/18 20:30,0.1752,
655,6/11/18 21:30,0.1752,
656,6/11/18 22:30,0.1746,
657,6/11/18 23:30,0.1746,
658,6/12/18 0:30,0.1746,
659,6/12/18 1:30,0.1742,
660,6/12/18 2:30,0.1742,
661,6/12/18 3:30,0.1746,
662,6/12/18 4:30,0.1742,
663,6/12/18 5:30,0.1742,
664,6/12/18 6:30,0.1742,
665,6/12/18 7:30,0.1742,
666,6/12/18 8:30,0.1738,
667,6/12/18 9:30,0.1732,
,6/12/18 11:00,0.1352,56.642
,6/12/18 12:00,0.1352,59.788
,6/12/18 13:00,0.1352,62.919
,6/12/18 14:00,0.1352,66
,6/12/18 15:00,0.1342,68.013
,6/12/18 16:00,0.1317,68.742
,6/12/18 17:00,0.1342,68.056
,6/12/18 18:00,0.1312,66.985
,6/12/18 19:00,0.1331,65.916
,6/12/18 20:00,0.1302,64.632
,6/12/18 21:00,0.1317,63.133
,6/12/18 22:00,0.1326,61.462
,6/12/18 23:00,0.1335,59.916
,6/13/18 0:00,0.1335,58.541
,6/13/18 1:00,0.1335,57.376
,6/13/18 2:00,0.1335,56.251
,6/13/18 3:00,0.1331,55.213
,6/13/18 4:00,0.1331,54.3
,6/13/18 5:00,0.1331,53.384
,6/13/18 6:00,0.1335,52.554
,6/13/18 7:00,0.1335,51.852
,6/13/18 8:00,0.1335,51.325
,6/13/18 9:00,0.1335,52.115
,6/13/18 10:00,0.1331,54.909
,6/13/18 11:00,0.1312,58.195
,6/13/18 12:00,0.1321,61.547
,6/13/18 13:00,0.1321,64.888
,6/13/18 14:00,0.1321,67.885
,6/13/18 15:00,0.1317,70.115
,6/13/18 16:00,0.1307,70.759
,6/13/18 17:00,0.1281,70.158
,6/13/18 18:00,0.129,68.999
,6/13/18 19:00,0.1271,67.714
,6/13/18 20:00,0.129,66.344
,6/13/18 21:00,0.1302,64.888
,6/13/18 22:00,0.1297,63.304
,6/13/18 23:00,0.1297,61.977
,6/14/18 0:00,0.1317,60.904
,6/14/18 1:00,0.1285,59.959
,6/14/18 2:00,0.1307,59.099
,6/14/18 3:00,0.1321,58.411
,6/14/18 4:00,0.1331,57.722
,6/14/18 5:00,0.1312,57.031
,6/14/18 6:00,0.1307,56.556
,6/14/18 7:00,0.1312,56.208
,6/14/18 8:00,0.1307,56.165
,6/14/18 9:00,0.1331,56.685
,6/14/18 10:00,0.1297,58.455
,6/14/18 11:00,0.1297,60.861
,6/14/18 12:00,0.129,63.347
,6/14/18 13:00,0.1317,65.829
,6/14/18 14:00,0.1317,68.142
,6/14/18 15:00,0.129,69.17
,6/14/18 16:00,0.1312,69.386
,6/14/18 17:00,0.1307,69.3
,6/14/18 18:00,0.1326,68.698
,6/14/18 19:00,0.1312,67.627
,6/14/18 20:00,0.1317,66.258
,6/14/18 21:00,0.1317,64.803
,6/14/18 22:00,0.1307,63.475
,6/14/18 23:00,0.1312,62.148
,6/15/18 0:00,0.1312,60.904
,6/15/18 1:00,0.1317,59.788
,6/15/18 2:00,0.1317,58.669
,6/15/18 3:00,0.1312,57.722
,6/15/18 4:00,0.1312,56.815
,6/15/18 5:00,0.1307,55.992
,6/15/18 6:00,0.1312,55.168
,6/15/18 7:00,0.1312,54.473
,6/15/18 8:00,0.1312,53.951
,6/15/18 9:00,0.1317,54.561
,6/15/18 10:00,0.1302,56.858
,6/15/18 11:00,0.129,59.142
,6/15/18 12:00,0.1297,61.891
,6/15/18 13:00,0.1302,64.888
,6/15/18 14:00,0.1302,67.114
,6/15/18 15:00,0.1266,68.785
,6/15/18 16:00,0.1281,69.256
,6/15/18 17:00,0.1297,68.999
,6/15/18 18:00,0.129,68.27
,6/15/18 19:00,0.129,67.028
,6/15/18 20:00,0.1285,65.745
,6/15/18 21:00,0.1285,64.375
,6/15/18 22:00,0.129,63.048
,6/15/18 23:00,0.1285,62.062
,6/16/18 0:00,0.1281,61.205
,6/16/18 1:00,0.1285,60.39
,6/16/18 2:00,0.1281,59.616
,6/16/18 3:00,0.1281,58.885
,6/16/18 4:00,0.1281,58.325
,6/16/18 5:00,0.1285,57.765
,6/16/18 6:00,0.1281,57.16
,6/16/18 7:00,0.1281,56.512
,6/16/18 8:00,0.1281,56.34
,6/16/18 9:00,0.1281,57.031
,6/16/18 10:00,0.1281,57.765
,6/16/18 11:00,0.1276,58.152
,6/16/18 12:00,0.1266,59.014
,6/16/18 13:00,0.1276,59.616
,6/16/18 14:00,0.1297,59.315
,6/16/18 15:00,0.129,59.702
,6/16/18 16:00,0.129,60.775
,6/16/18 17:00,0.129,61.677
,6/16/18 18:00,0.1297,61.462
,6/16/18 19:00,0.129,60.69
,6/16/18 20:00,0.1285,59.873
,6/16/18 21:00,0.1276,59.014
,6/16/18 22:00,0.129,58.152
,6/16/18 23:00,0.1285,57.463
,6/17/18 0:00,0.1281,56.901
,6/17/18 1:00,0.1271,56.295
,6/17/18 2:00,0.129,55.733
,6/17/18 3:00,0.1891,55.168
,6/17/18 4:00,0.2837,54.516
,6/17/18 5:00,0.2763,53.994
,6/17/18 6:00,0.2756,53.472
,6/17/18 7:00,0.2715,53.121
,6/17/18 8:00,0.2687,53.121
,6/17/18 9:00,0.2657,53.515
,6/17/18 10:00,0.2635,53.733
,6/17/18 11:00,0.2615,54.343
,6/17/18 12:00,0.2592,55.647
,6/17/18 13:00,0.2579,56.944
,6/17/18 14:00,0.2564,58.582
,6/17/18 15:00,0.255,59.788
,6/17/18 16:00,0.2483,59.659
,6/17/18 17:00,0.2736,58.842
,6/17/18 18:00,0.2743,58.282
,6/17/18 19:00,0.2715,58.152
,6/17/18 20:00,0.2694,57.893
,6/17/18 21:00,0.2673,57.376
,6/17/18 22:00,0.2664,56.728
,6/17/18 23:00,0.2653,56.122
,6/18/18 0:00,0.2582,55.558
,6/18/18 1:00,0.2673,54.734
,6/18/18 2:00,0.2673,54.169
,6/18/18 3:00,0.2657,53.69
,6/18/18 4:00,0.2646,53.035
,6/18/18 5:00,0.2635,52.291
,6/18/18 6:00,0.2628,51.764
,6/18/18 7:00,0.2618,51.501
,6/18/18 8:00,0.2607,51.501
,6/18/18 9:00,0.26,51.721
,6/18/18 10:00,0.2604,51.984
,6/18/18 11:00,0.2596,52.772
,6/18/18 12:00,0.2589,54.734
,6/18/18 13:00,0.2579,57.636
,6/18/18 14:00,0.2564,60.474
,6/18/18 15:00,0.255,62.704
,6/18/18 16:00,0.2538,63.946
,6/18/18 17:00,0.2532,63.732
,6/18/18 18:00,0.2512,62.962
,6/18/18 19:00,0.2502,62.105
,6/18/18 20:00,0.2505,61.075
,6/18/18 21:00,0.2505,59.788
,6/18/18 22:00,0.2498,58.455
,6/18/18 23:00,0.2494,57.204
,6/19/18 0:00,0.249,56.035
,6/19/18 1:00,0.2487,54.952
,6/19/18 2:00,0.2487,53.908
,6/19/18 3:00,0.2483,52.947
,6/19/18 4:00,0.2479,52.072
,6/19/18 5:00,0.2475,51.237
,6/19/18 6:00,0.2471,50.445
,6/19/18 7:00,0.2468,49.692
,6/19/18 8:00,0.2464,49.073
,6/19/18 9:00,0.2437,49.383
,6/19/18 10:00,0.243,51.501
,6/19/18 11:00,0.2418,54.082
,6/19/18 12:00,0.2406,56.901
,6/19/18 13:00,0.2394,59.702
,6/19/18 14:00,0.2363,62.362
,6/19/18 15:00,0.2351,64.074
,6/19/18 16:00,0.2367,64.845
,6/19/18 17:00,0.2371,64.503
,6/19/18 18:00,0.2339,63.689
,6/19/18 19:00,0.2347,62.62
,6/19/18 20:00,0.2347,61.333
,6/19/18 21:00,0.2351,59.873
,6/19/18 22:00,0.2355,58.541
,6/19/18 23:00,0.2351,57.247
,6/20/18 0:00,0.2347,56.079
,6/20/18 1:00,0.2344,54.995
,6/20/18 2:00,0.2335,53.951
,6/20/18 3:00,0.233,52.992
,6/20/18 4:00,0.2323,52.16
,6/20/18 5:00,0.2327,51.325
,6/20/18 6:00,0.2327,50.488
,6/20/18 7:00,0.2323,49.782
,6/20/18 8:00,0.2318,49.161
,6/20/18 9:00,0.2315,49.428
,6/20/18 10:00,0.2286,51.544
,6/20/18 11:00,0.2286,54.169
,6/20/18 12:00,0.2262,56.988
,6/20/18 13:00,0.2266,60.046
,6/20/18 14:00,0.2249,63.005
,6/20/18 15:00,0.2249,65.188
,6/20/18 16:00,0.2241,66.173
,6/20/18 17:00,0.2229,65.872
,6/20/18 18:00,0.2219,65.059
,6/20/18 19:00,0.2219,64.074
,6/20/18 20:00,0.2211,62.875
,6/20/18 21:00,0.2208,61.419
,6/20/18 22:00,0.2216,60.003
,6/20/18 23:00,0.2208,58.669
,6/21/18 0:00,0.2203,57.506
,6/21/18 1:00,0.2203,56.426
,6/21/18 2:00,0.2198,55.429
,6/21/18 3:00,0.2198,54.516
,6/21/18 4:00,0.2198,53.645
,6/21/18 5:00,0.2195,52.86
,6/21/18 6:00,0.219,52.029
,6/21/18 7:00,0.219,51.282
,6/21/18 8:00,0.2185,50.664
,6/21/18 9:00,0.2174,51.062
,6/21/18 10:00,0.2161,53.341
,6/21/18 11:00,0.2083,56.035
,6/21/18 12:00,0.2134,59.014
,6/21/18 13:00,0.2083,62.233
,6/21/18 14:00,0.2073,65.444
,6/21/18 15:00,0.2012,67.586
,6/21/18 16:00,0.2047,68.356
,6/21/18 17:00,0.2056,67.885
,6/21/18 18:00,0.2038,67.028
,6/21/18 19:00,0.2056,65.916
,6/21/18 20:00,0.2047,64.632
,6/21/18 21:00,0.2047,63.176
,6/21/18 22:00,0.2043,61.72
,6/21/18 23:00,0.2038,60.474
,6/22/18 0:00,0.2038,59.486
,6/22/18 1:00,0.2029,58.712
,6/22/18 2:00,0.2029,57.936
,6/22/18 3:00,0.2026,57.117
,6/22/18 4:00,0.2017,56.079
,6/22/18 5:00,0.2017,55.081
,6/22/18 6:00,0.2012,54.126
,6/22/18 7:00,0.2017,53.341
,6/22/18 8:00,0.2012,52.817
,6/22/18 9:00,0.2003,53.253
,6/22/18 10:00,0.1954,54.343
,6/22/18 11:00,0.1872,55.819
,6/22/18 12:00,0.1859,58.669
,6/22/18 13:00,0.1932,61.248
,6/22/18 14:00,0.1843,62.191
,6/22/18 15:00,0.1816,62.577
,6/22/18 16:00,0.1898,62.875
,6/22/18 17:00,0.1904,62.704
,6/22/18 18:00,0.1891,62.062
,6/22/18 19:00,0.1876,61.29
,6/22/18 20:00,0.1816,60.433
,6/22/18 21:00,0.1876,59.185
,6/22/18 22:00,0.1866,57.85
,6/22/18 23:00,0.1732,56.685
,6/23/18 0:00,0.184,55.733
,6/23/18 1:00,0.1793,54.734
,6/23/18 2:00,0.1752,53.82
,6/23/18 3:00,0.183,52.947
,6/23/18 4:00,0.1843,52.16
,6/23/18 5:00,0.1714,51.37
,6/23/18 6:00,0.1695,50.576
,6/23/18 7:00,0.1724,49.87
,6/23/18 8:00,0.1816,49.249
,6/23/18 9:00,0.1836,49.825
,6/23/18 10:00,0.183,52.203
,6/23/18 11:00,0.1813,54.952
,6/23/18 12:00,0.1783,57.765
,6/23/18 13:00,0.1752,60.991
,6/23/18 14:00,0.1738,64.161
,6/23/18 15:00,0.1642,66.258
,6/23/18 16:00,0.1604,67.158
,6/23/18 17:00,0.1724,66.814
,6/23/18 18:00,0.1566,65.788
,6/23/18 19:00,0.1699,64.674
,6/23/18 20:00,0.1689,63.433
,6/23/18 21:00,0.1566,62.062
,6/23/18 22:00,0.1689,60.818
,6/23/18 23:00,0.1689,59.788
,6/24/18 0:00,0.1685,58.885
,6/24/18 1:00,0.1677,58.152
,6/24/18 2:00,0.1681,57.463
,6/24/18 3:00,0.1667,56.772
,6/24/18 4:00,0.1656,56.035
,6/24/18 5:00,0.1681,55.256
,6/24/18 6:00,0.1671,54.691
,6/24/18 7:00,0.1671,54.255
,6/24/18 8:00,0.1566,53.865
,6/24/18 9:00,0.1677,54.3
,6/24/18 10:00,0.1656,56.208
,6/24/18 11:00,0.1551,58.411
,6/24/18 12:00,0.1562,60.132
,6/24/18 13:00,0.1514,61.162
,6/24/18 14:00,0.1508,63.005
,6/24/18 15:00,0.1558,63.347
,6/24/18 16:00,0.1547,64.161
,6/24/18 17:00,0.1581,64.632
,6/24/18 18:00,0.157,64.161
,6/24/18 19:00,0.1542,63.219
,6/24/18 20:00,0.1542,62.019
,6/24/18 21:00,0.1542,60.517
,6/24/18 22:00,0.1538,59.056
,6/24/18 23:00,0.1466,57.85
,6/25/18 0:00,0.1527,56.642
,6/25/18 1:00,0.1527,55.472
,6/25/18 2:00,0.1508,54.473
,6/25/18 3:00,0.1547,53.515
,6/25/18 4:00,0.1547,52.641
,6/25/18 5:00,0.1532,51.852
,6/25/18 6:00,0.1532,51.105
,6/25/18 7:00,0.1523,50.4
,6/25/18 8:00,0.1519,49.825
,6/25/18 9:00,0.1551,50.4
,6/25/18 10:00,0.1459,52.729
,6/25/18 11:00,0.1508,55.647
,6/25/18 12:00,0.1479,58.755
,6/25/18 13:00,0.1412,62.191
,6/25/18 14:00,0.1382,65.359
,6/25/18 15:00,0.1484,67.671
,6/25/18 16:00,0.1421,68.571
,6/25/18 17:00,0.1466,68.185
,6/25/18 18:00,0.147,67.199
,6/25/18 19:00,0.145,66.043
,6/25/18 20:00,0.1421,64.674
,6/25/18 21:00,0.1405,63.048
,6/25/18 22:00,0.1441,61.376
,6/25/18 23:00,0.145,59.959
,6/26/18 0:00,0.143,58.669
,6/26/18 1:00,0.1441,57.592
,6/26/18 2:00,0.1434,56.599
,6/26/18 3:00,0.1446,55.69
,6/26/18 4:00,0.1446,54.82
,6/26/18 5:00,0.1446,53.994
,6/26/18 6:00,0.1446,53.209
,6/26/18 7:00,0.1446,52.466
,6/26/18 8:00,0.1441,51.809
,6/26/18 9:00,0.1366,52.335
,6/26/18 10:00,0.1352,54.734
,6/26/18 11:00,0.1335,57.679
,6/26/18 12:00,0.143,60.948
,6/26/18 13:00,0.1412,64.418
,6/26/18 14:00,0.1347,67.671
,6/26/18 15:00,0.1396,70.029
,6/26/18 16:00,0.1387,70.759
,6/26/18 17:00,0.1335,70.286
,6/26/18 18:00,0.1382,69.3
,6/26/18 19:00,0.1366,68.185
,6/26/18 20:00,0.137,66.814
,6/26/18 21:00,0.1366,65.188
,6/26/18 22:00,0.137,63.604
,6/26/18 23:00,0.1366,62.148
,6/27/18 0:00,0.1366,60.904
,6/27/18 1:00,0.1366,59.745
,6/27/18 2:00,0.1361,58.626
,6/27/18 3:00,0.1361,57.549
,6/27/18 4:00,0.1361,56.599
,6/27/18 5:00,0.1357,55.733
,6/27/18 6:00,0.1352,54.909
,6/27/18 7:00,0.1357,54.212
,6/27/18 8:00,0.1357,53.602
,6/27/18 9:00,0.1366,54.126
,6/27/18 10:00,0.1366,56.469
,6/27/18 11:00,0.1361,59.401
,6/27/18 12:00,0.1331,62.406
,6/27/18 13:00,0.1302,65.273
,6/27/18 14:00,0.1251,67.285
,6/27/18 15:00,0.1342,69.685
,6/27/18 16:00,0.1321,70.974
,6/27/18 17:00,0.1271,70.887
,6/27/18 18:00,0.1321,70.072
,6/27/18 19:00,0.1302,68.956
,6/27/18 20:00,0.1302,67.5
,6/27/18 21:00,0.1302,65.872
,6/27/18 22:00,0.1297,64.247
,6/27/18 23:00,0.129,62.834
,6/28/18 0:00,0.1297,61.506
,6/28/18 1:00,0.1297,60.303
,6/28/18 2:00,0.1297,59.229
,6/28/18 3:00,0.1285,58.239
,6/28/18 4:00,0.129,57.29
,6/28/18 5:00,0.1285,56.426
,6/28/18 6:00,0.1285,55.558
,6/28/18 7:00,0.129,54.777
,6/28/18 8:00,0.129,54.126
,6/28/18 9:00,0.1297,54.604
,6/28/18 10:00,0.1307,56.944
,6/28/18 11:00,0.1302,59.916
,6/28/18 12:00,0.1297,63.262
,6/28/18 13:00,0.1261,66.814
,6/28/18 14:00,0.1256,70.115
,6/28/18 15:00,0.1285,72.351
,6/28/18 16:00,0.1285,73.17
,6/28/18 17:00,0.1276,72.61
,6/28/18 18:00,0.1266,71.62
,6/28/18 19:00,0.1266,70.286
,6/28/18 20:00,0.1256,68.698
,6/28/18 21:00,0.1256,67.158
,6/28/18 22:00,0.1251,65.615
,6/28/18 23:00,0.1224,64.288
,6/29/18 0:00,0.1242,63.133
,6/29/18 1:00,0.1219,62.019
,6/29/18 2:00,0.1242,60.904
,6/29/18 3:00,0.1237,59.702
,6/29/18 4:00,0.1242,58.541
,6/29/18 5:00,0.1237,57.463
,6/29/18 6:00,0.1242,56.469
,6/29/18 7:00,0.1237,55.558
,6/29/18 8:00,0.1237,54.82
,6/29/18 9:00,0.1251,55.256
,6/29/18 10:00,0.1246,57.42
,6/29/18 11:00,0.1251,60.217
,6/29/18 12:00,0.1246,63.561
,6/29/18 13:00,0.1246,67.028
,6/29/18 14:00,0.1246,70.201
,6/29/18 15:00,0.1242,72.437
,6/29/18 16:00,0.1237,73.299
,6/29/18 17:00,0.1194,72.739
,6/29/18 18:00,0.1224,71.577
,6/29/18 19:00,0.1219,70.158
,6/29/18 20:00,0.1214,68.527
,6/29/18 21:00,0.1209,66.729
,6/29/18 22:00,0.1204,64.974
,6/29/18 23:00,0.1199,63.433
,6/30/18 0:00,0.1199,62.019
,6/30/18 1:00,0.1204,60.733
,6/30/18 2:00,0.1194,59.529
,6/30/18 3:00,0.1199,58.368
,6/30/18 4:00,0.1194,57.29
,6/30/18 5:00,0.1194,56.34
,6/30/18 6:00,0.1194,55.429
,6/30/18 7:00,0.1194,54.604
,6/30/18 8:00,0.1194,53.994
,6/30/18 9:00,0.1204,54.473
,6/30/18 10:00,0.1209,56.815
,6/30/18 11:00,0.1204,59.659
,6/30/18 12:00,0.1199,62.834
,6/30/18 13:00,0.1199,66.173
,6/30/18 14:00,0.1199,69.17
,6/30/18 15:00,0.1199,71.146
,6/30/18 16:00,0.1189,71.877
,6/30/18 17:00,0.1194,71.231
,6/30/18 18:00,0.1194,70.243
,6/30/18 19:00,0.1184,68.999
,6/30/18 20:00,0.1179,67.456
,6/30/18 21:00,0.1179,65.788
,6/30/18 22:00,0.1179,64.204
,6/30/18 23:00,0.1179,62.748
,7/1/18 0:00,0.1174,61.419
,7/1/18 1:00,0.1169,60.217
,7/1/18 2:00,0.1169,59.099
,7/1/18 3:00,0.1169,57.979
,7/1/18 4:00,0.1169,56.944
,7/1/18 5:00,0.1164,55.949
,7/1/18 6:00,0.1164,55.038
,7/1/18 7:00,0.1164,54.255
,7/1/18 8:00,0.1164,53.602
,7/1/18 9:00,0.1169,54.082
,7/1/18 10:00,0.1174,56.426
,7/1/18 11:00,0.1169,59.272
,7/1/18 12:00,0.1169,62.62
,7/1/18 13:00,0.1148,66.173
,7/1/18 14:00,0.1143,69.343
,7/1/18 15:00,0.1159,71.533
,7/1/18 16:00,0.1148,72.567
,7/1/18 17:00,0.1174,72.307
,7/1/18 18:00,0.1169,71.274
,7/1/18 19:00,0.1164,70.029
,7/1/18 20:00,0.1159,68.484
,7/1/18 21:00,0.1159,66.643
,7/1/18 22:00,0.1153,64.76
,7/1/18 23:00,0.1153,63.09
,7/2/18 0:00,0.1153,61.59
,7/2/18 1:00,0.1148,60.174
,7/2/18 2:00,0.1148,58.971
,7/2/18 3:00,0.1148,57.85
,7/2/18 4:00,0.1143,56.815
,7/2/18 5:00,0.1143,55.819
,7/2/18 6:00,0.1143,54.865
,7/2/18 7:00,0.1138,54.037
,7/2/18 8:00,0.1138,53.427
,7/2/18 9:00,0.1143,53.951
,7/2/18 10:00,0.1143,56.383
,7/2/18 11:00,0.1138,59.486
,7/2/18 12:00,0.1143,62.962
,7/2/18 13:00,0.1128,66.643
,7/2/18 14:00,0.1138,69.901
,7/2/18 15:00,0.1143,72.351
,7/2/18 16:00,0.1153,73.386
,7/2/18 17:00,0.1153,72.997
,7/2/18 18:00,0.1148,71.92
,7/2/18 19:00,0.1143,70.587
,7/2/18 20:00,0.1143,68.999
,7/2/18 21:00,0.1133,67.158
,7/2/18 22:00,0.1133,65.316
,7/2/18 23:00,0.1133,63.732
,7/3/18 0:00,0.1128,62.276
,7/3/18 1:00,0.1122,60.991
,7/3/18 2:00,0.1122,59.788
,7/3/18 3:00,0.1117,58.712
,7/3/18 4:00,0.1117,57.679
,7/3/18 5:00,0.1117,56.772
,7/3/18 6:00,0.1117,55.992
,7/3/18 7:00,0.1117,55.386
,7/3/18 8:00,0.1112,54.777
,7/3/18 9:00,0.1122,55.256
,7/3/18 10:00,0.1122,57.722
,7/3/18 11:00,0.1112,60.39
,7/3/18 12:00,0.1122,63.604
,7/3/18 13:00,0.1117,67.285
,7/3/18 14:00,0.1112,70.459
,7/3/18 15:00,0.1128,72.61
,7/3/18 16:00,0.1133,73.342
,7/3/18 17:00,0.1128,71.748
,7/3/18 18:00,0.1128,70.158
,7/3/18 19:00,0.1117,69.042
,7/3/18 20:00,0.1117,67.842
,7/3/18 21:00,0.1117,66.515
,7/3/18 22:00,0.1112,65.188
,7/3/18 23:00,0.1112,63.903
,7/4/18 0:00,0.1107,62.533
,7/4/18 1:00,0.1101,61.29
,7/4/18 2:00,0.1101,60.132
,7/4/18 3:00,0.1101,59.099
,7/4/18 4:00,0.1096,58.109
,7/4/18 5:00,0.1096,57.247
,7/4/18 6:00,0.1091,56.383
,7/4/18 7:00,0.1091,55.602
,7/4/18 8:00,0.1096,54.952
,7/4/18 9:00,0.1101,55.472
,7/4/18 10:00,0.1101,57.807
,7/4/18 11:00,0.1101,60.733
,7/4/18 12:00,0.1101,64.117
,7/4/18 13:00,0.108,66.214
,7/4/18 14:00,0.1096,67.158
,7/4/18 15:00,0.1101,67.757
,7/4/18 16:00,0.1107,68.871
,7/4/18 17:00,0.1107,69.643
,7/4/18 18:00,0.1101,69.557
,7/4/18 19:00,0.1101,68.828
,7/4/18 20:00,0.1096,67.543
,7/4/18 21:00,0.1091,65.959
,7/4/18 22:00,0.1091,64.418
,7/4/18 23:00,0.1085,63.133
,7/5/18 0:00,0.1085,62.105
,7/5/18 1:00,0.1085,61.248
,7/5/18 2:00,0.108,60.26
,7/5/18 3:00,0.1075,59.229
,7/5/18 4:00,0.1075,58.239
,7/5/18 5:00,0.1075,57.376
,7/5/18 6:00,0.1075,56.556
,7/5/18 7:00,0.1069,55.906
,7/5/18 8:00,0.1069,55.647
,7/5/18 9:00,0.1075,56.383
,7/5/18 10:00,0.1075,58.455
,7/5/18 11:00,0.108,61.29
,7/5/18 12:00,0.1069,64.375
,7/5/18 13:00,0.108,64.845
,7/5/18 14:00,0.1075,65.487
,7/5/18 15:00,0.108,67.028
,7/5/18 16:00,0.1075,66.558
,7/5/18 17:00,0.1075,65.872
,7/5/18 18:00,0.108,65.615
,7/5/18 19:00,0.108,65.403
,7/5/18 20:00,0.1075,64.931
,7/5/18 21:00,0.1069,63.99
,7/5/18 22:00,0.1069,62.962
,7/5/18 23:00,0.1069,61.848
,7/6/18 0:00,0.1064,60.69
,7/6/18 1:00,0.1058,59.572
,7/6/18 2:00,0.1058,58.582
,7/6/18 3:00,0.1053,57.765
,7/6/18 4:00,0.1053,56.944
,7/6/18 5:00,0.1053,56.165
,7/6/18 6:00,0.1047,55.429
,7/6/18 7:00,0.1053,54.777
,7/6/18 8:00,0.1053,54.255
,7/6/18 9:00,0.1053,54.909
,7/6/18 10:00,0.1064,57.29
,7/6/18 11:00,0.1064,60.26
,7/6/18 12:00,0.1064,63.819
,7/6/18 13:00,0.1053,65.658
,7/6/18 14:00,0.1053,66.515
,7/6/18 15:00,0.1075,68.013
,7/6/18 16:00,0.1075,69.256
,7/6/18 17:00,0.1069,69.685
,7/6/18 18:00,0.1064,69.085
,7/6/18 19:00,0.1064,68.185
,7/6/18 20:00,0.1053,67.114
,7/6/18 21:00,0.1058,65.916
,7/6/18 22:00,0.1058,64.375
,7/6/18 23:00,0.1053,62.875
,7/7/18 0:00,0.1053,61.419
,7/7/18 1:00,0.1047,60.174
,7/7/18 2:00,0.1047,59.099
,7/7/18 3:00,0.1042,58.066
,7/7/18 4:00,0.1042,57.16
,7/7/18 5:00,0.1042,56.34
,7/7/18 6:00,0.1042,55.558
,7/7/18 7:00,0.1036,54.952
,7/7/18 8:00,0.1036,54.516
,7/7/18 9:00,0.1042,54.995
,7/7/18 10:00,0.1047,57.29
,7/7/18 11:00,0.1042,60.003
,7/7/18 12:00,0.1047,61.547
,7/7/18 13:00,0.1053,63.347
,7/7/18 14:00,0.1053,65.487
,7/7/18 15:00,0.1053,67.842
,7/7/18 16:00,0.1047,68.527
,7/7/18 17:00,0.1042,67.413
,7/7/18 18:00,0.1042,66.043
,7/7/18 19:00,0.1036,64.459
,7/7/18 20:00,0.1025,62.748
,7/7/18 21:00,0.1031,61.547
,7/7/18 22:00,0.1031,60.517
,7/7/18 23:00,0.1025,59.445
,7/8/18 0:00,0.1025,58.282
,7/8/18 1:00,0.102,57.29
,7/8/18 2:00,0.1025,56.426
,7/8/18 3:00,0.102,55.602
,7/8/18 4:00,0.1025,54.82
,7/8/18 5:00,0.102,54.082
,7/8/18 6:00,0.102,53.427
,7/8/18 7:00,0.102,52.86
,7/8/18 8:00,0.102,52.423
,7/8/18 9:00,0.102,52.509
,7/8/18 10:00,0.1025,54.43
,7/8/18 11:00,0.1031,58.109
,7/8/18 12:00,0.1031,61.633
,7/8/18 13:00,0.1042,65.017
,7/8/18 14:00,0.1036,66.9
,7/8/18 15:00,0.102,66.429
,7/8/18 16:00,0.1025,64.332
,7/8/18 17:00,0.1014,62.834
,7/8/18 18:00,0.0998,61.59
,7/8/18 19:00,0.1003,60.604
,7/8/18 20:00,0.1014,59.873
,7/8/18 21:00,0.1014,59.185
,7/8/18 22:00,0.1014,58.325
,7/8/18 23:00,0.1009,57.636
,7/9/18 0:00,0.1014,56.901
,7/9/18 1:00,0.1014,56.251
,7/9/18 2:00,0.1014,55.647
,7/9/18 3:00,0.1014,54.82
,7/9/18 4:00,0.1014,54.037
,7/9/18 5:00,0.1014,53.253
,7/9/18 6:00,0.1014,52.466
,7/9/18 7:00,0.1014,51.764
,7/9/18 8:00,0.1014,51.193
,7/9/18 9:00,0.102,51.501
,7/9/18 10:00,0.1025,54.126
,7/9/18 11:00,0.1036,57.722
,7/9/18 12:00,0.1042,61.633
,7/9/18 13:00,0.1047,65.444
,7/9/18 14:00,0.1058,68.698
,7/9/18 15:00,0.1069,71.06
,7/9/18 16:00,0.1069,71.92
,7/9/18 17:00,0.1069,71.447
,7/9/18 18:00,0.1069,70.329
,7/9/18 19:00,0.1058,69.042
,7/9/18 20:00,0.1058,67.456
,7/9/18 21:00,0.1053,65.959
,7/9/18 22:00,0.1053,64.546
,7/9/18 23:00,0.1047,63.048
,7/10/18 0:00,0.1047,61.633
,7/10/18 1:00,0.1042,60.39
,7/10/18 2:00,0.1042,59.315
,7/10/18 3:00,0.1042,58.325
,7/10/18 4:00,0.1042,57.42
,7/10/18 5:00,0.1036,56.556
,7/10/18 6:00,0.1036,55.776
,7/10/18 7:00,0.1031,55.213
,7/10/18 8:00,0.1036,54.82
,7/10/18 9:00,0.1042,55.386
,7/10/18 10:00,0.1042,57.722
,7/10/18 11:00,0.1047,60.733
,7/10/18 12:00,0.1053,63.903
,7/10/18 13:00,0.1053,66.643
,7/10/18 14:00,0.1053,68.785
,7/10/18 15:00,0.1047,68.4
,7/10/18 16:00,0.2898,64.803
,7/10/18 17:00,0.2783,62.062
,7/10/18 18:00,0.2732,60.991
,7/10/18 19:00,0.2691,60.561
,7/10/18 20:00,0.2642,60.174
,7/10/18 21:00,0.2639,59.616
,7/10/18 22:00,0.2582,58.755
,7/10/18 23:00,0.2571,57.893
,7/11/18 0:00,0.256,57.031
,7/11/18 1:00,0.255,56.165
,7/11/18 2:00,0.2538,55.386
,7/11/18 3:00,0.2528,54.604
,7/11/18 4:00,0.252,53.865
,7/11/18 5:00,0.2509,53.209
,7/11/18 6:00,0.2498,52.597
,7/11/18 7:00,0.2487,52.072
,7/11/18 8:00,0.2479,51.678
,7/11/18 9:00,0.2452,51.984
,7/11/18 10:00,0.2452,54.43
,7/11/18 11:00,0.2445,57.722
,7/11/18 12:00,0.2425,59.445
,7/11/18 13:00,0.2418,60.046
,7/11/18 14:00,0.2403,61.419
,7/11/18 15:00,0.2387,61.804
,7/11/18 16:00,0.2383,60.861
,7/11/18 17:00,0.2367,60.561
,7/11/18 18:00,0.2363,60.474
,7/11/18 19:00,0.2358,60.26
,7/11/18 20:00,0.2351,59.572
,7/11/18 21:00,0.2344,58.669
,7/11/18 22:00,0.2327,57.893
,7/11/18 23:00,0.2327,57.117
,7/12/18 0:00,0.2323,56.512
,7/12/18 1:00,0.2323,55.863
,7/12/18 2:00,0.2311,55.299
,7/12/18 3:00,0.2306,54.82
,7/12/18 4:00,0.2303,54.387
,7/12/18 5:00,0.2299,53.82
,7/12/18 6:00,0.2291,53.253
,7/12/18 7:00,0.2286,52.686
,7/12/18 8:00,0.2269,52.466
,7/12/18 9:00,0.2254,52.86
,7/12/18 10:00,0.2237,54.343
,7/12/18 11:00,0.2224,56.685
,7/12/18 12:00,0.2224,58.755
,7/12/18 13:00,0.2198,60.561
,7/12/18 14:00,0.2208,61.205
,7/12/18 15:00,0.2164,62.233
,7/12/18 16:00,0.2164,63.048
,7/12/18 17:00,0.2161,62.704
,7/12/18 18:00,0.2156,62.919
,7/12/18 19:00,0.2156,62.447
,7/12/18 20:00,0.2153,61.547
,7/12/18 21:00,0.2148,60.604
,7/12/18 22:00,0.2195,59.529
,7/12/18 23:00,0.2211,58.626
,7/13/18 0:00,0.2198,57.765
,7/13/18 1:00,0.2185,56.944
,7/13/18 2:00,0.2177,56.122
,7/13/18 3:00,0.2169,55.342
,7/13/18 4:00,0.2161,54.777
,7/13/18 5:00,0.2156,54.082
,7/13/18 6:00,0.2148,53.384
,7/13/18 7:00,0.2148,52.729
,7/13/18 8:00,0.2139,52.203
,7/13/18 9:00,0.2122,52.291
,7/13/18 10:00,0.2112,54.43
,7/13/18 11:00,0.2109,57.247
,7/13/18 12:00,0.2095,58.885
,7/13/18 13:00,0.2083,61.032
,7/13/18 14:00,0.2064,63.133
,7/13/18 15:00,0.2061,64.161
,7/13/18 16:00,0.2052,63.99
,7/13/18 17:00,0.2043,64.033
,7/13/18 18:00,0.2038,63.819
,7/13/18 19:00,0.2043,63.219
,7/13/18 20:00,0.2038,62.406
,7/13/18 21:00,0.2038,61.506
,7/13/18 22:00,0.2035,60.604
,7/13/18 23:00,0.2026,59.745
,7/14/18 0:00,0.2026,58.885
,7/14/18 1:00,0.202,58.152
,7/14/18 2:00,0.202,57.29
,7/14/18 3:00,0.2017,56.426
,7/14/18 4:00,0.2017,55.819
,7/14/18 5:00,0.2012,55.125
,7/14/18 6:00,0.2012,54.343
,7/14/18 7:00,0.2008,53.69
,7/14/18 8:00,0.2003,53.166
,7/14/18 9:00,0.199,53.341
,7/14/18 10:00,0.1976,55.558
,7/14/18 11:00,0.1963,58.755
,7/14/18 12:00,0.1939,62.191
,7/14/18 13:00,0.1917,65.316
,7/14/18 14:00,0.1904,68.313
,7/14/18 15:00,0.1904,70.372
,7/14/18 16:00,0.1891,71.146
,7/14/18 17:00,0.1881,71.103
,7/14/18 18:00,0.1872,70.072
,7/14/18 19:00,0.1849,68.785
,7/14/18 20:00,0.1859,67.285
,7/14/18 21:00,0.1862,65.959
,7/14/18 22:00,0.1859,64.76
,7/14/18 23:00,0.1859,63.648
,7/15/18 0:00,0.1853,62.834
,7/15/18 1:00,0.1853,62.062
,7/15/18 2:00,0.1849,61.29
,7/15/18 3:00,0.184,60.647
,7/15/18 4:00,0.184,60.089
,7/15/18 5:00,0.1836,59.572
,7/15/18 6:00,0.183,59.056
,7/15/18 7:00,0.183,58.582
,7/15/18 8:00,0.1826,58.282
,7/15/18 9:00,0.182,58.152
,7/15/18 10:00,0.1813,58.455
,7/15/18 11:00,0.1803,58.626
,7/15/18 12:00,0.1756,59.358
,7/15/18 13:00,0.1742,60.433
,7/15/18 14:00,0.1762,61.934
,7/15/18 15:00,0.1746,63.561
,7/15/18 16:00,0.1732,65.017
,7/15/18 17:00,0.1671,64.803
,7/15/18 18:00,0.1724,63.775
,7/15/18 19:00,0.1714,62.704
,7/15/18 20:00,0.1695,61.848
,7/15/18 21:00,0.1699,61.075
,7/15/18 22:00,0.1699,60.174
,7/15/18 23:00,0.1699,59.229
,7/16/18 0:00,0.1699,58.325
,7/16/18 1:00,0.1699,57.463
,7/16/18 2:00,0.1695,56.815
,7/16/18 3:00,0.1695,56.122
,7/16/18 4:00,0.1689,55.342
,7/16/18 5:00,0.1695,54.561
,7/16/18 6:00,0.1695,53.82
,7/16/18 7:00,0.1689,53.209
,7/16/18 8:00,0.1689,52.772
,7/16/18 9:00,0.1681,53.035
,7/16/18 10:00,0.1667,55.299
,7/16/18 11:00,0.1642,58.582
,7/16/18 12:00,0.1596,61.333
,7/16/18 13:00,0.1623,61.848
,7/16/18 14:00,0.1615,62.791
,7/16/18 15:00,0.159,64.459
,7/16/18 16:00,0.1566,65.017
,7/16/18 17:00,0.1577,64.632
,7/16/18 18:00,0.1581,64.074
,7/16/18 19:00,0.157,63.219
,7/16/18 20:00,0.1566,62.319
,7/16/18 21:00,0.1577,61.333
,7/16/18 22:00,0.157,60.174
,7/16/18 23:00,0.1577,59.099
,7/17/18 0:00,0.1577,58.239
,7/17/18 1:00,0.1577,57.636
,7/17/18 2:00,0.157,56.988
,7/17/18 3:00,0.157,56.34
,7/17/18 4:00,0.1566,55.776
,7/17/18 5:00,0.1566,55.256
,7/17/18 6:00,0.1566,54.691
,7/17/18 7:00,0.1566,54.169
,7/17/18 8:00,0.1562,53.951
,7/17/18 9:00,0.1562,54.343
,7/17/18 10:00,0.1547,56.426
,7/17/18 11:00,0.1532,59.099
,7/17/18 12:00,0.1514,61.72
,7/17/18 13:00,0.1508,64.76
,7/17/18 14:00,0.149,68.527
,7/17/18 15:00,0.1479,70.974
,7/17/18 16:00,0.1475,71.404
,7/17/18 17:00,0.147,70.329
,7/17/18 18:00,0.1446,68.956
,7/17/18 19:00,0.1466,67.114
,7/17/18 20:00,0.1459,65.872
,7/17/18 21:00,0.1459,64.375
,7/17/18 22:00,0.1459,62.919
,7/17/18 23:00,0.1459,61.506
,7/18/18 0:00,0.1459,60.26
,7/18/18 1:00,0.1459,59.142
,7/18/18 2:00,0.1459,58.152
,7/18/18 3:00,0.1455,57.333
,7/18/18 4:00,0.1455,56.556
,7/18/18 5:00,0.1455,55.863
,7/18/18 6:00,0.145,55.213
,7/18/18 7:00,0.1455,54.648
,7/18/18 8:00,0.1446,54.3
,7/18/18 9:00,0.1434,54.604
,7/18/18 10:00,0.1421,56.685
,7/18/18 11:00,0.14,59.529
,7/18/18 12:00,0.1396,62.704
,7/18/18 13:00,0.1391,66
,7/18/18 14:00,0.1375,68.142
,7/18/18 15:00,0.1434,70.029
,7/18/18 16:00,0.1425,71.317
,7/18/18 17:00,0.1425,70.93
,7/18/18 18:00,0.1425,70.115
,7/18/18 19:00,0.1416,68.913
,7/18/18 20:00,0.1412,67.543
,7/18/18 21:00,0.1405,66.087
,7/18/18 22:00,0.14,64.632
,7/18/18 23:00,0.1396,63.304
,7/19/18 0:00,0.1396,62.105
,7/19/18 1:00,0.1391,61.075
,7/19/18 2:00,0.1391,60.174
,7/19/18 3:00,0.1387,59.358
,7/19/18 4:00,0.1391,58.626
,7/19/18 5:00,0.1382,57.893
,7/19/18 6:00,0.1382,57.16
,7/19/18 7:00,0.1375,56.512
,7/19/18 8:00,0.1375,56.208
,7/19/18 9:00,0.137,56.815
,7/19/18 10:00,0.1366,58.798
,7/19/18 11:00,0.1361,61.547
,7/19/18 12:00,0.1342,64.546
,7/19/18 13:00,0.1347,67.842
,7/19/18 14:00,0.1335,70.286
,7/19/18 15:00,0.1335,72.696
,7/19/18 16:00,0.1331,74.077
,7/19/18 17:00,0.1321,73.774
,7/19/18 18:00,0.1321,72.869
,7/19/18 19:00,0.1317,71.62
,7/19/18 20:00,0.1312,70.201
,7/19/18 21:00,0.1302,68.527
,7/19/18 22:00,0.1302,66.985
,7/19/18 23:00,0.1302,65.658
,7/20/18 0:00,0.1297,64.418
,7/20/18 1:00,0.129,63.304
,7/20/18 2:00,0.1285,62.233
,7/20/18 3:00,0.1285,61.205
,7/20/18 4:00,0.1281,60.26
,7/20/18 5:00,0.1281,59.401
,7/20/18 6:00,0.1276,58.669
,7/20/18 7:00,0.1276,58.066
,7/20/18 8:00,0.1271,58.066
,7/20/18 9:00,0.1266,58.842
,7/20/18 10:00,0.1261,60.517
,7/20/18 11:00,0.1256,62.704
,7/20/18 12:00,0.1256,65.145
,7/20/18 13:00,0.1251,67.885
,7/20/18 14:00,0.1251,70.329
,7/20/18 15:00,0.1246,70.673
,7/20/18 16:00,0.1242,69.858
,7/20/18 17:00,0.1229,68.956
,7/20/18 18:00,0.1229,68.227
,7/20/18 19:00,0.1229,67.543
,7/20/18 20:00,0.1224,66.772
,7/20/18 21:00,0.1224,65.574
,7/20/18 22:00,0.1219,64.247
,7/20/18 23:00,0.1209,63.005
,7/21/18 0:00,0.1214,61.891
,7/21/18 1:00,0.1204,60.861
,7/21/18 2:00,0.1209,59.959
,7/21/18 3:00,0.1204,59.099
,7/21/18 4:00,0.1204,58.325
,7/21/18 5:00,0.1199,57.592
,7/21/18 6:00,0.1199,56.901
,7/21/18 7:00,0.1194,56.251
,7/21/18 8:00,0.1194,55.819
,7/21/18 9:00,0.1199,56.208
,7/21/18 10:00,0.1194,58.368
,7/21/18 11:00,0.1194,61.419
,7/21/18 12:00,0.1189,65.188
,7/21/18 13:00,0.1194,69.213
,7/21/18 14:00,0.1189,72.696
,7/21/18 15:00,0.1194,75.204
,7/21/18 16:00,0.1189,75.81
,7/21/18 17:00,0.1184,75.508
,7/21/18 18:00,0.1179,74.295
,7/21/18 19:00,0.1179,72.653
,7/21/18 20:00,0.1169,71.103
,7/21/18 21:00,0.1174,69.557
,7/21/18 22:00,0.1169,68.013
,7/21/18 23:00,0.1169,66.558
,7/22/18 0:00,0.1164,65.359
,7/22/18 1:00,0.1159,64.288
,7/22/18 2:00,0.1159,63.648
,7/22/18 3:00,0.1159,63.048
,7/22/18 4:00,0.1153,62.49
,7/22/18 5:00,0.1148,61.804
,7/22/18 6:00,0.1143,60.904
,7/22/18 7:00,0.1138,60.046
,7/22/18 8:00,0.1143,59.401
,7/22/18 9:00,0.1143,59.702
,7/22/18 10:00,0.1143,61.633
,7/22/18 11:00,0.1148,64.418
,7/22/18 12:00,0.1143,67.757
,7/22/18 13:00,0.1148,71.404
,7/22/18 14:00,0.1153,74.683
,7/22/18 15:00,0.1148,77.029
,7/22/18 16:00,0.1148,78.033
,7/22/18 17:00,0.1143,77.639
,7/22/18 18:00,0.1143,76.507
,7/22/18 19:00,0.1138,75.029
,7/22/18 20:00,0.1128,73.472
,7/22/18 21:00,0.1122,71.92
,7/22/18 22:00,0.1122,70.329
,7/22/18 23:00,0.1138,68.698
,7/23/18 0:00,0.1128,67.242
,7/23/18 1:00,0.1122,65.959
,7/23/18 2:00,0.1122,64.717
,7/23/18 3:00,0.1122,63.604
,7/23/18 4:00,0.1117,62.447
,7/23/18 5:00,0.1117,61.333
,7/23/18 6:00,0.1112,60.346
,7/23/18 7:00,0.1107,59.445
,7/23/18 8:00,0.1107,58.755
,7/23/18 9:00,0.1101,58.798
,7/23/18 10:00,0.1107,60.904
,7/23/18 11:00,0.1107,64.033
,7/23/18 12:00,0.1107,67.372
,7/23/18 13:00,0.1107,69.343
,7/23/18 14:00,0.1112,71.447
,7/23/18 15:00,0.1112,72.955
,7/23/18 16:00,0.1107,73.515
,7/23/18 17:00,0.1107,73.342
,7/23/18 18:00,0.1101,72.394
,7/23/18 19:00,0.1101,71.19
,7/23/18 20:00,0.1101,69.985
,7/23/18 21:00,0.1096,68.698
,7/23/18 22:00,0.1096,67.329
,7/23/18 23:00,0.1091,66.087
,7/24/18 0:00,0.108,64.888
,7/24/18 1:00,0.1085,63.732
,7/24/18 2:00,0.1075,62.748
,7/24/18 3:00,0.1075,61.761
,7/24/18 4:00,0.1075,60.904
,7/24/18 5:00,0.1075,60.303
,7/24/18 6:00,0.1075,59.745
,7/24/18 7:00,0.1064,59.142
,7/24/18 8:00,0.1064,58.582
,7/24/18 9:00,0.1069,58.669
,7/24/18 10:00,0.1075,60.517
,7/24/18 11:00,0.1075,62.919
,7/24/18 12:00,0.1075,66.087
,7/24/18 13:00,0.108,69.901
,7/24/18 14:00,0.1085,73.126
,7/24/18 15:00,0.1085,75.508
,7/24/18 16:00,0.108,75.29
,7/24/18 17:00,0.1085,74.295
,7/24/18 18:00,0.108,73.472
,7/24/18 19:00,0.1075,72.221
,7/24/18 20:00,0.1069,70.673
,7/24/18 21:00,0.1069,69.17
,7/24/18 22:00,0.1064,67.714
,7/24/18 23:00,0.1064,66.515
,7/25/18 0:00,0.1053,65.53
,7/25/18 1:00,0.1053,64.674
,7/25/18 2:00,0.1053,63.819
,7/25/18 3:00,0.1053,62.875
,7/25/18 4:00,0.1047,61.848
,7/25/18 5:00,0.1042,60.818
,7/25/18 6:00,0.1036,59.83
,7/25/18 7:00,0.1042,59.014
,7/25/18 8:00,0.1036,58.411
,7/25/18 9:00,0.1042,58.498
,7/25/18 10:00,0.1042,59.358
,7/25/18 11:00,0.1036,60.69
,7/25/18 12:00,0.1042,63.604
,7/25/18 13:00,0.1042,65.788
,7/25/18 14:00,0.1047,66.943
,7/25/18 15:00,0.1053,69.858
,7/25/18 16:00,0.1053,71.92
,7/25/18 17:00,0.1036,71.103
,7/25/18 18:00,0.1042,69.728
,7/25/18 19:00,0.1042,68.657
,7/25/18 20:00,0.1036,67.285
,7/25/18 21:00,0.1036,65.829
,7/25/18 22:00,0.1031,64.589
,7/25/18 23:00,0.1031,63.648
,7/26/18 0:00,0.1025,62.791
,7/26/18 1:00,0.1031,61.677
,7/26/18 2:00,0.1025,60.604
,7/26/18 3:00,0.102,59.572
,7/26/18 4:00,0.1014,58.626
,7/26/18 5:00,0.102,57.765
,7/26/18 6:00,0.1009,56.988
,7/26/18 7:00,0.1014,56.295
,7/26/18 8:00,0.1014,55.863
,7/26/18 9:00,0.1009,56.251
,7/26/18 10:00,0.1014,58.023
,7/26/18 11:00,0.1003,60.132
,7/26/18 12:00,0.0998,62.233
,7/26/18 13:00,0.1009,63.518
,7/26/18 14:00,0.102,65.658
,7/26/18 15:00,0.1014,67.543
,7/26/18 16:00,0.102,68.657
,7/26/18 17:00,0.1025,69.042
,7/26/18 18:00,0.102,69.042
,7/26/18 19:00,0.1014,68.313
,7/26/18 20:00,0.1014,67.071
,7/26/18 21:00,0.1014,65.487
,7/26/18 22:00,0.1014,63.946
,7/26/18 23:00,0.1003,62.533
,7/27/18 0:00,0.1003,61.29
,7/27/18 1:00,0.1003,60.174
,7/27/18 2:00,0.0998,59.142
,7/27/18 3:00,0.0998,58.152
,7/27/18 4:00,0.0992,57.29
,7/27/18 5:00,0.0986,56.426
,7/27/18 6:00,0.0986,55.69
,7/27/18 7:00,0.0981,54.995
,7/27/18 8:00,0.0986,54.516
,7/27/18 9:00,0.0986,54.865
,7/27/18 10:00,0.0986,56.988
,7/27/18 11:00,0.0992,60.217
,7/27/18 12:00,0.0975,62.875
,7/27/18 13:00,0.0986,63.561
,7/27/18 14:00,0.1003,66.087
,7/27/18 15:00,0.1003,68.956
,7/27/18 16:00,0.1003,70.502
,7/27/18 17:00,0.1003,69.427
,7/27/18 18:00,0.1014,67.798
,7/27/18 19:00,0.1014,66.643
,7/27/18 20:00,0.1014,65.359
,7/27/18 21:00,0.1014,63.689
,7/27/18 22:00,0.1009,62.191
,7/27/18 23:00,0.1003,60.861
,7/28/18 0:00,0.0998,59.529
,7/28/18 1:00,0.0998,58.282
,7/28/18 2:00,0.0992,57.204
,7/28/18 3:00,0.0986,56.165
,7/28/18 4:00,0.0986,55.256
,7/28/18 5:00,0.0981,54.387
,7/28/18 6:00,0.0981,53.645
,7/28/18 7:00,0.0975,52.947
,7/28/18 8:00,0.0975,52.509
,7/28/18 9:00,0.0975,52.772
,7/28/18 10:00,0.0975,54.952
,7/28/18 11:00,0.0981,57.85
,7/28/18 12:00,0.0981,60.217
,7/28/18 13:00,0.0963,60.561
,7/28/18 14:00,0.0992,61.248
,7/28/18 15:00,0.0998,64.204
,7/28/18 16:00,0.0992,65.872
,7/28/18 17:00,0.0992,66.173
,7/28/18 18:00,0.0986,65.188
,7/28/18 19:00,0.1519,62.875
,7/28/18 20:00,0.147,61.419
,7/28/18 21:00,0.143,60.303
,7/28/18 22:00,0.1416,59.014
,7/28/18 23:00,0.1391,57.722
,7/29/18 0:00,0.1382,56.469
,7/29/18 1:00,0.1366,55.342
,7/29/18 2:00,0.1352,54.255
,7/29/18 3:00,0.1335,53.341
,7/29/18 4:00,0.1326,52.509
,7/29/18 5:00,0.1317,51.721
,7/29/18 6:00,0.1307,51.062
,7/29/18 7:00,0.1302,50.445
,7/29/18 8:00,0.129,50.092
,7/29/18 9:00,0.1281,50.445
,7/29/18 10:00,0.1271,52.686
,7/29/18 11:00,0.1251,56.035
,7/29/18 12:00,0.1229,60.003
,7/29/18 13:00,0.1209,63.689
,7/29/18 14:00,0.1184,65.829
,7/29/18 15:00,0.1184,66.772
,7/29/18 16:00,0.1153,66.087
,7/29/18 17:00,0.1169,64.418
,7/29/18 18:00,0.1153,63.604
,7/29/18 19:00,0.1143,62.748
,7/29/18 20:00,0.1128,61.72
,7/29/18 21:00,0.1133,60.474
,7/29/18 22:00,0.1117,59.185
,7/29/18 23:00,0.1112,57.979
,7/30/18 0:00,0.1112,56.858
,7/30/18 1:00,0.1101,55.906
,7/30/18 2:00,0.1096,55.038
,7/30/18 3:00,0.1101,54.126
,7/30/18 4:00,0.1096,53.253
,7/30/18 5:00,0.1091,52.423
,7/30/18 6:00,0.108,51.721
,7/30/18 7:00,0.108,51.148
,7/30/18 8:00,0.1075,50.664
,7/30/18 9:00,0.1058,50.929
,7/30/18 10:00,0.1064,52.903
,7/30/18 11:00,0.1058,55.733
,7/30/18 12:00,0.1058,59.185
,7/30/18 13:00,0.1053,62.834
,7/30/18 14:00,0.1058,66.385
,7/30/18 15:00,0.1064,69.042
,7/30/18 16:00,0.1053,70.158
,7/30/18 17:00,0.1053,69.771
,7/30/18 18:00,0.1047,68.956
,7/30/18 19:00,0.1042,67.757
,7/30/18 20:00,0.1036,66.214
,7/30/18 21:00,0.1031,64.332
,7/30/18 22:00,0.1025,62.49
,7/30/18 23:00,0.1025,60.861
,7/31/18 0:00,0.102,59.486
,7/31/18 1:00,0.1009,58.282
,7/31/18 2:00,0.1014,57.117
,7/31/18 3:00,0.1003,55.949
,7/31/18 4:00,0.0992,54.865
,7/31/18 5:00,0.0992,53.82
,7/31/18 6:00,0.0986,52.903
,7/31/18 7:00,0.0981,52.072
,7/31/18 8:00,0.0986,51.458
,7/31/18 9:00,0.0986,51.678
,7/31/18 10:00,0.0992,53.776
,7/31/18 11:00,0.0992,56.988
,7/31/18 12:00,0.0998,60.991
,7/31/18 13:00,0.1003,65.017
,7/31/18 14:00,0.1009,68.614
,7/31/18 15:00,0.1009,70.716
,7/31/18 16:00,0.1009,71.19
,7/31/18 17:00,0.1014,70.63
,7/31/18 18:00,0.1003,69.643
,7/31/18 19:00,0.0992,68.443
,7/31/18 20:00,0.0992,66.943
,7/31/18 21:00,0.0986,65.188
,7/31/18 22:00,0.0981,63.475
,7/31/18 23:00,0.0975,61.977
,8/1/18 0:00,0.0969,60.647
,8/1/18 1:00,0.0969,59.445
,8/1/18 2:00,0.0969,58.368
,8/1/18 3:00,0.0963,57.29
,8/1/18 4:00,0.0961,56.34
,8/1/18 5:00,0.0955,55.429
,8/1/18 6:00,0.0955,54.604
,8/1/18 7:00,0.0949,53.908
,8/1/18 8:00,0.0955,53.559
,8/1/18 9:00,0.0961,54.082
,8/1/18 10:00,0.0963,55.906
,8/1/18 11:00,0.0969,58.842
,8/1/18 12:00,0.0969,62.019
,8/1/18 13:00,0.0969,64.503
,8/1/18 14:00,0.0969,65.788
,8/1/18 15:00,0.0975,65.788
,8/1/18 16:00,0.0975,65.701
,8/1/18 17:00,0.0969,65.959
,8/1/18 18:00,0.0963,65.745
,8/1/18 19:00,0.0955,65.017
,8/1/18 20:00,0.0955,63.946
,8/1/18 21:00,0.0955,62.748
,8/1/18 22:00,0.0955,61.506
,8/1/18 23:00,0.0955,60.604
,8/2/18 0:00,0.0949,59.702
,8/2/18 1:00,0.0943,58.712
,8/2/18 2:00,0.0949,57.765
,8/2/18 3:00,0.0943,56.901
,8/2/18 4:00,0.0937,56.035
,8/2/18 5:00,0.0932,55.213
,8/2/18 6:00,0.0932,54.43
,8/2/18 7:00,0.0926,53.776
,8/2/18 8:00,0.0932,53.384
,8/2/18 9:00,0.0932,53.82
,8/2/18 10:00,0.0937,55.906
,8/2/18 11:00,0.0949,59.014
,8/2/18 12:00,0.0949,62.62
,8/2/18 13:00,0.0949,64.974
,8/2/18 14:00,0.0949,66.472
,8/2/18 15:00,0.0961,68.099
,8/2/18 16:00,0.0963,69.17
,8/2/18 17:00,0.0955,69.386
,8/2/18 18:00,0.0949,68.999
,8/2/18 19:00,0.0961,68.227
,8/2/18 20:00,0.0955,66.985
,8/2/18 21:00,0.0955,65.53
,8/2/18 22:00,0.0949,64.204
,8/2/18 23:00,0.0949,63.09
,8/3/18 0:00,0.0943,62.276
,8/3/18 1:00,0.0937,61.59
,8/3/18 2:00,0.0937,60.904
,8/3/18 3:00,0.0926,60.303
,8/3/18 4:00,0.0932,59.788
,8/3/18 5:00,0.0926,59.315
,8/3/18 6:00,0.0926,58.842
,8/3/18 7:00,0.0926,58.455
,8/3/18 8:00,0.092,58.152
,8/3/18 9:00,0.0914,58.023
,8/3/18 10:00,0.0908,58.239
,8/3/18 11:00,0.0926,58.669
,8/3/18 12:00,0.092,59.142
,8/3/18 13:00,0.0926,59.358
,8/3/18 14:00,0.0943,59.014
,8/3/18 15:00,0.1276,58.928
,8/3/18 16:00,0.1224,60.948
,8/3/18 17:00,0.1209,62.661
,8/3/18 18:00,0.1189,62.919
,8/3/18 19:00,0.1164,62.319
,8/3/18 20:00,0.1143,61.333
,8/3/18 21:00,0.1138,60.046
,8/3/18 22:00,0.1138,58.669
,8/3/18 23:00,0.1122,57.42
,8/4/18 0:00,0.1107,56.251
,8/4/18 1:00,0.1107,55.125
,8/4/18 2:00,0.1096,54.126
,8/4/18 3:00,0.1091,53.209
,8/4/18 4:00,0.108,52.378
,8/4/18 5:00,0.1075,51.721
,8/4/18 6:00,0.1069,51.148
,8/4/18 7:00,0.1058,50.533
,8/4/18 8:00,0.1064,50.135
,8/4/18 9:00,0.1064,50.488
,8/4/18 10:00,0.1053,52.86
,8/4/18 11:00,0.1042,55.863
,8/4/18 12:00,0.1014,58.325
,8/4/18 13:00,0.1009,61.333
,8/4/18 14:00,0.1025,63.005
,8/4/18 15:00,0.1036,65.615
,8/4/18 16:00,0.1036,67.285
,8/4/18 17:00,0.102,66.943
,8/4/18 18:00,0.1025,65.829
,8/4/18 19:00,0.1014,64.375
,8/4/18 20:00,0.1014,62.704
,8/4/18 21:00,0.1025,60.818
,8/4/18 22:00,0.102,59.229
,8/4/18 23:00,0.1009,57.936
,8/5/18 0:00,0.1003,56.685
,8/5/18 1:00,0.1003,55.602
,8/5/18 2:00,0.1003,54.691
,8/5/18 3:00,0.1003,53.82
,8/5/18 4:00,0.0986,53.253
,8/5/18 5:00,0.0986,53.035
,8/5/18 6:00,0.0981,52.903
,8/5/18 7:00,0.0992,52.729
,8/5/18 8:00,0.0992,52.641
,8/5/18 9:00,0.0998,53.121
,8/5/18 10:00,0.0998,54.995
,8/5/18 11:00,0.0998,57.936
,8/5/18 12:00,0.0998,60.26
,8/5/18 13:00,0.0981,61.761
,8/5/18 14:00,0.1003,64.033
,8/5/18 15:00,0.0986,65.872
,8/5/18 16:00,0.0998,66.385
,8/5/18 17:00,0.1003,66.429
,8/5/18 18:00,0.0998,65.658
,8/5/18 19:00,0.0992,64.717
,8/5/18 20:00,0.0998,63.475
,8/5/18 21:00,0.0992,62.019
,8/5/18 22:00,0.0992,60.861
,8/5/18 23:00,0.0986,59.659
,8/6/18 0:00,0.0981,58.498
,8/6/18 1:00,0.0975,57.333
,8/6/18 2:00,0.0975,56.383
,8/6/18 3:00,0.0969,55.515
,8/6/18 4:00,0.0969,54.648
,8/6/18 5:00,0.0963,53.994
,8/6/18 6:00,0.0963,53.209
,8/6/18 7:00,0.0963,52.466
,8/6/18 8:00,0.0963,51.852
,8/6/18 9:00,0.0955,51.984
,8/6/18 10:00,0.0963,54.212
,8/6/18 11:00,0.0963,57.376
,8/6/18 12:00,0.0969,61.29
,8/6/18 13:00,0.0975,65.316
,8/6/18 14:00,0.0986,68.956
,8/6/18 15:00,0.0992,71.404
,8/6/18 16:00,0.0998,72.264
,8/6/18 17:00,0.0992,71.62
,8/6/18 18:00,0.0986,70.502
,8/6/18 19:00,0.0981,69.3
,8/6/18 20:00,0.0981,67.671
,8/6/18 21:00,0.0975,65.745
,8/6/18 22:00,0.0969,63.99
,8/6/18 23:00,0.0963,62.406
,8/7/18 0:00,0.0963,61.032
,8/7/18 1:00,0.0955,59.788
,8/7/18 2:00,0.0961,58.582
,8/7/18 3:00,0.0949,57.463
,8/7/18 4:00,0.0943,56.383
,8/7/18 5:00,0.0943,55.429
,8/7/18 6:00,0.0937,54.561
,8/7/18 7:00,0.0932,53.776
,8/7/18 8:00,0.0937,53.253
,8/7/18 9:00,0.0937,53.472
,8/7/18 10:00,0.0937,55.386
,8/7/18 11:00,0.0949,58.498
,8/7/18 12:00,0.0949,62.148
,8/7/18 13:00,0.0955,65.872
,8/7/18 14:00,0.0963,69.3
,8/7/18 15:00,0.0963,71.748
,8/7/18 16:00,0.0975,72.783
,8/7/18 17:00,0.0969,72.523
,8/7/18 18:00,0.0963,71.49
,8/7/18 19:00,0.0963,70.072
,8/7/18 20:00,0.0955,68.313
,8/7/18 21:00,0.0943,66.385
,8/7/18 22:00,0.0943,64.632
,8/7/18 23:00,0.0943,63.133
,8/8/18 0:00,0.0937,61.848
,8/8/18 1:00,0.0932,60.647
,8/8/18 2:00,0.0926,59.401
,8/8/18 3:00,0.092,58.282
,8/8/18 4:00,0.092,57.247
,8/8/18 5:00,0.092,56.251
,8/8/18 6:00,0.0914,55.342
,8/8/18 7:00,0.0914,54.516
,8/8/18 8:00,0.0908,53.951
,8/8/18 9:00,0.0908,54.082
,8/8/18 10:00,0.0914,55.992
,8/8/18 11:00,0.0926,59.099
,8/8/18 12:00,0.0932,62.919
,8/8/18 13:00,0.0937,66.857
,8/8/18 14:00,0.0943,70.543
,8/8/18 15:00,0.0955,73.213
,8/8/18 16:00,0.0949,74.338
,8/8/18 17:00,0.0949,73.947
,8/8/18 18:00,0.0943,72.826
,8/8/18 19:00,0.0937,71.361
,8/8/18 20:00,0.0937,69.471
,8/8/18 21:00,0.0926,67.5
,8/8/18 22:00,0.0926,65.615
,8/8/18 23:00,0.092,63.946
,8/9/18 0:00,0.092,62.406
,8/9/18 1:00,0.0908,61.075
,8/9/18 2:00,0.0908,59.873
,8/9/18 3:00,0.0902,58.842
,8/9/18 4:00,0.0896,57.893
,8/9/18 5:00,0.0893,57.074
,8/9/18 6:00,0.0893,56.251
,8/9/18 7:00,0.0893,55.472
,8/9/18 8:00,0.0893,54.952
,8/9/18 9:00,0.0896,55.081
,8/9/18 10:00,0.0896,57.031
,8/9/18 11:00,0.0902,60.132
,8/9/18 12:00,0.0908,63.176
,8/9/18 13:00,0.0908,65.359
,8/9/18 14:00,0.092,67.372
,8/9/18 15:00,0.092,68.443
,8/9/18 16:00,0.0914,68.828
,8/9/18 17:00,0.092,69.386
,8/9/18 18:00,0.092,69.256
,8/9/18 19:00,0.0914,68.313
,8/9/18 20:00,0.0902,67.114
,8/9/18 21:00,0.0902,65.788
,8/9/18 22:00,0.0896,64.332
,8/9/18 23:00,0.0893,62.875
,8/10/18 0:00,0.0896,61.462
,8/10/18 1:00,0.0887,60.303
,8/10/18 2:00,0.0893,59.401
,8/10/18 3:00,0.0887,58.541
,8/10/18 4:00,0.0881,57.592
,8/10/18 5:00,0.0881,56.728
,8/10/18 6:00,0.0875,55.906
,8/10/18 7:00,0.0869,55.168
,8/10/18 8:00,0.0869,54.604
,8/10/18 9:00,0.0869,54.691
,8/10/18 10:00,0.0875,56.642
,8/10/18 11:00,0.0875,58.971
,8/10/18 12:00,0.0863,60.39
,8/10/18 13:00,0.0887,62.362
,8/10/18 14:00,0.0887,64.033
,8/10/18 15:00,0.0887,65.188
,8/10/18 16:00,0.0887,65.145
,8/10/18 17:00,0.0887,64.546
,8/10/18 18:00,0.0881,64.288
,8/10/18 19:00,0.0887,64.161
,8/10/18 20:00,0.0881,63.518
,8/10/18 21:00,0.0887,62.49
,8/10/18 22:00,0.0875,61.376
,8/10/18 23:00,0.0869,60.046
,8/11/18 0:00,0.0863,58.712
,8/11/18 1:00,0.0863,57.506
,8/11/18 2:00,0.0863,56.383
,8/11/18 3:00,0.0857,55.342
,8/11/18 4:00,0.0857,54.43
,8/11/18 5:00,0.0844,53.602
,8/11/18 6:00,0.0841,52.772
,8/11/18 7:00,0.0841,52.072
,8/11/18 8:00,0.0841,51.458
,8/11/18 9:00,0.085,51.501
,8/11/18 10:00,0.0857,53.559
,8/11/18 11:00,0.0863,57.031
,8/11/18 12:00,0.0875,61.119
,8/11/18 13:00,0.0857,63.518
,8/11/18 14:00,0.0881,65.23
,8/11/18 15:00,0.0875,66.087
,8/11/18 16:00,0.0875,66.814
,8/11/18 17:00,0.0881,66.857
,8/11/18 18:00,0.0875,66.087
,8/11/18 19:00,0.085,65.102
,8/11/18 20:00,0.0869,64.247
,8/11/18 21:00,0.0875,63.048
,8/11/18 22:00,0.0869,61.677
,8/11/18 23:00,0.0863,60.303
,8/12/18 0:00,0.0863,59.014
,8/12/18 1:00,0.0857,57.85
,8/12/18 2:00,0.085,56.815
,8/12/18 3:00,0.085,55.863
,8/12/18 4:00,0.0844,54.952
,8/12/18 5:00,0.0844,54.169
,8/12/18 6:00,0.0841,53.384
,8/12/18 7:00,0.0841,52.686
,8/12/18 8:00,0.0835,52.203
,8/12/18 9:00,0.0844,52.423
,8/12/18 10:00,0.0857,54.473
,8/12/18 11:00,0.0857,57.765
,8/12/18 12:00,0.0869,61.72
,8/12/18 13:00,0.0875,65.574
,8/12/18 14:00,0.0887,69.557
,8/12/18 15:00,0.0893,72.394
,8/12/18 16:00,0.0893,73.126
,8/12/18 17:00,0.0893,72.783
,8/12/18 18:00,0.0887,71.791
,8/12/18 19:00,0.0881,70.286
,8/12/18 20:00,0.0881,68.443
,8/12/18 21:00,0.0881,66.772
,8/12/18 22:00,0.0869,65.273
,8/12/18 23:00,0.0869,63.648
,8/13/18 0:00,0.0857,62.148
,8/13/18 1:00,0.0857,60.861
,8/13/18 2:00,0.085,59.745
,8/13/18 3:00,0.085,58.669
,8/13/18 4:00,0.0844,57.679
,8/13/18 5:00,0.0841,56.858
,8/13/18 6:00,0.0841,56.035
,8/13/18 7:00,0.0835,55.299
,8/13/18 8:00,0.0835,54.777
,8/13/18 9:00,0.0841,54.995
,8/13/18 10:00,0.085,56.815
,8/13/18 11:00,0.085,59.788
,8/13/18 12:00,0.0857,63.518
,8/13/18 13:00,0.0857,67.372
,8/13/18 14:00,0.0869,70.286
,8/13/18 15:00,0.0887,72.264
,8/13/18 16:00,0.0893,73.342
,8/13/18 17:00,0.0881,73.126
,8/13/18 18:00,0.0875,71.92
,8/13/18 19:00,0.0869,70.502
,8/13/18 20:00,0.0863,68.999
,8/13/18 21:00,0.0857,67.456
,8/13/18 22:00,0.085,66.087
,8/13/18 23:00,0.0844,64.974
,8/14/18 0:00,0.0835,63.819
,8/14/18 1:00,0.0844,62.447
,8/14/18 2:00,0.0841,61.162
,8/14/18 3:00,0.0835,59.959
,8/14/18 4:00,0.0829,58.842
,8/14/18 5:00,0.0816,57.893
,8/14/18 6:00,0.0822,56.944
,8/14/18 7:00,0.0822,56.079
,8/14/18 8:00,0.0822,55.472
,8/14/18 9:00,0.0797,55.647
,8/14/18 10:00,0.0841,57.506
,8/14/18 11:00,0.0841,60.217
,8/14/18 12:00,0.0841,62.406
,8/14/18 13:00,0.085,64.503
,8/14/18 14:00,0.085,67.586
,8/14/18 15:00,0.0863,69.386
,8/14/18 16:00,0.0844,70.243
,8/14/18 17:00,0.085,70.072
,8/14/18 18:00,0.0841,69.858
,8/14/18 19:00,0.0857,68.999
,8/14/18 20:00,0.085,67.671
,8/14/18 21:00,0.085,66.214
,8/14/18 22:00,0.085,64.845
,8/14/18 23:00,0.0841,63.475
,8/15/18 0:00,0.0829,62.105
,8/15/18 1:00,0.0829,60.904
,8/15/18 2:00,0.0829,59.83
,8/15/18 3:00,0.0822,58.842
,8/15/18 4:00,0.0816,58.109
,8/15/18 5:00,0.0816,57.463
,8/15/18 6:00,0.0816,56.728
,8/15/18 7:00,0.0816,55.992
,8/15/18 8:00,0.0816,55.386
,8/15/18 9:00,0.0816,55.472
,8/15/18 10:00,0.0822,57.506
,8/15/18 11:00,0.0803,60.346
,8/15/18 12:00,0.0822,62.834
,8/15/18 13:00,0.0841,65.745
,8/15/18 14:00,0.085,67.842
,8/15/18 15:00,0.085,68.956
,8/15/18 16:00,0.0841,69.858
,8/15/18 17:00,0.085,69.985
,8/15/18 18:00,0.0844,69.643
,8/15/18 19:00,0.0844,68.657
,8/15/18 20:00,0.0844,67.285
,8/15/18 21:00,0.0835,65.658
,8/15/18 22:00,0.0835,64.074
,8/15/18 23:00,0.0829,62.661
,8/16/18 0:00,0.0829,61.419
,8/16/18 1:00,0.0822,60.346
,8/16/18 2:00,0.0822,59.529
,8/16/18 3:00,0.0816,58.885
,8/16/18 4:00,0.081,58.239
,8/16/18 5:00,0.081,57.463
,8/16/18 6:00,0.081,56.901
,8/16/18 7:00,0.0803,56.599
,8/16/18 8:00,0.081,56.556
,8/16/18 9:00,0.081,56.944
,8/16/18 10:00,0.0816,58.325
,8/16/18 11:00,0.0803,60.948
,8/16/18 12:00,0.0822,63.946
,8/16/18 13:00,0.0822,66.643
,8/16/18 14:00,0.0822,68.056
,8/16/18 15:00,0.0829,67.671
,8/16/18 16:00,0.0829,67.885
,8/16/18 17:00,0.0829,67.329
,8/16/18 18:00,0.0841,66.385
,8/16/18 19:00,0.0829,65.188
,8/16/18 20:00,0.0822,63.862
,8/16/18 21:00,0.0875,62.577
,8/16/18 22:00,0.1375,61.248
,8/16/18 23:00,0.1312,60.132
,8/17/18 0:00,0.1281,59.056
,8/17/18 1:00,0.1251,57.85
,8/17/18 2:00,0.1214,56.642
,8/17/18 3:00,0.1199,55.558
,8/17/18 4:00,0.1194,54.561
,8/17/18 5:00,0.1179,53.69
,8/17/18 6:00,0.1164,52.86
,8/17/18 7:00,0.1153,52.203
,8/17/18 8:00,0.1153,52.029
,8/17/18 9:00,0.1138,52.554
,8/17/18 10:00,0.1138,54.387
,8/17/18 11:00,0.1117,57.376
,8/17/18 12:00,0.1101,59.358
,8/17/18 13:00,0.1101,61.848
,8/17/18 14:00,0.1096,63.475
,8/17/18 15:00,0.1091,64.161
,8/17/18 16:00,0.1075,63.819
,8/17/18 17:00,0.1075,64.033
,8/17/18 18:00,0.1058,63.862
,8/17/18 19:00,0.1058,63.219
,8/17/18 20:00,0.1058,62.276
,8/17/18 21:00,0.1053,61.162
,8/17/18 22:00,0.1047,59.788
,8/17/18 23:00,0.1031,58.541
,8/18/18 0:00,0.1031,57.463
,8/18/18 1:00,0.1025,56.34
,8/18/18 2:00,0.1025,55.342
,8/18/18 3:00,0.102,54.43
,8/18/18 4:00,0.1014,53.602
,8/18/18 5:00,0.1009,52.817
,8/18/18 6:00,0.1003,52.378
,8/18/18 7:00,0.1003,52.291
,8/18/18 8:00,0.1009,52.335
,8/18/18 9:00,0.184,52.291
,8/18/18 10:00,0.2722,52.203
,8/18/18 11:00,0.2509,52.378
,8/18/18 12:00,0.2421,55.602
,8/18/18 13:00,0.2358,59.916
,8/18/18 14:00,0.2315,63.561
,8/18/18 15:00,0.2282,65.403
,8/18/18 16:00,0.2241,66.173
,8/18/18 17:00,0.2211,65.658
,8/18/18 18:00,0.2185,64.332
,8/18/18 19:00,0.2169,62.962
,8/18/18 20:00,0.2134,61.462
,8/18/18 21:00,0.2117,59.788
,8/18/18 22:00,0.2095,58.282
,8/18/18 23:00,0.2078,56.944
,8/19/18 0:00,0.2061,55.819
,8/19/18 1:00,0.2038,54.865
,8/19/18 2:00,0.2026,54.082
,8/19/18 3:00,0.2003,53.298
,8/19/18 4:00,0.1985,52.423
,8/19/18 5:00,0.1972,51.501
,8/19/18 6:00,0.1963,50.752
,8/19/18 7:00,0.1932,50.047
,8/19/18 8:00,0.1913,49.516
,8/19/18 9:00,0.1898,49.604
,8/19/18 10:00,0.1881,51.148
,8/19/18 11:00,0.1853,54.037
,8/19/18 12:00,0.1826,57.333
,8/19/18 13:00,0.1797,59.358
,8/19/18 14:00,0.1775,62.875
,8/19/18 15:00,0.1756,65.916
,8/19/18 16:00,0.1728,66.515
,8/19/18 17:00,0.1714,65.745
,8/19/18 18:00,0.1689,64.974
,8/19/18 19:00,0.1685,63.862
,8/19/18 20:00,0.1656,62.276
,8/19/18 21:00,0.1648,60.604
,8/19/18 22:00,0.1634,59.014
,8/19/18 23:00,0.1615,57.592
,8/20/18 0:00,0.16,56.295
,8/20/18 1:00,0.1596,55.081
,8/20/18 2:00,0.1581,53.951
,8/20/18 3:00,0.1566,52.947
,8/20/18 4:00,0.1562,51.984
,8/20/18 5:00,0.1551,51.105
,8/20/18 6:00,0.1542,50.223
,8/20/18 7:00,0.1532,49.383
,8/20/18 8:00,0.1519,48.762
,8/20/18 9:00,0.1514,48.717
,8/20/18 10:00,0.1499,50.709
,8/20/18 11:00,0.1479,54.037
,8/20/18 12:00,0.1455,58.109
,8/20/18 13:00,0.1446,62.062
,8/20/18 14:00,0.1425,65.574
,8/20/18 15:00,0.1396,68.356
,8/20/18 16:00,0.1391,69.643
,8/20/18 17:00,0.137,69.256
,8/20/18 18:00,0.1357,67.928
,8/20/18 19:00,0.1326,66.472
,8/20/18 20:00,0.1352,64.76
,8/20/18 21:00,0.1335,62.962
,8/20/18 22:00,0.1326,61.333
,8/20/18 23:00,0.1317,59.873
,8/21/18 0:00,0.1307,58.712
,8/21/18 1:00,0.129,57.893
,8/21/18 2:00,0.1285,57.42
,8/21/18 3:00,0.1271,56.988
,8/21/18 4:00,0.1261,56.34
,8/21/18 5:00,0.1266,55.819
,8/21/18 6:00,0.1256,55.472
,8/21/18 7:00,0.1266,54.952
,8/21/18 8:00,0.1251,54.516
,8/21/18 9:00,0.1256,54.691
,8/21/18 10:00,0.1246,55.558
,8/21/18 11:00,0.1237,56.858
,8/21/18 12:00,0.1229,58.626
,8/21/18 13:00,0.1214,61.376
,8/21/18 14:00,0.1214,62.62
,8/21/18 15:00,0.1214,61.506
,8/21/18 16:00,0.1219,60.089
,8/21/18 17:00,0.1214,60.089
,8/21/18 18:00,0.1204,59.529
,8/21/18 19:00,0.2047,58.325
,8/21/18 20:00,0.2026,56.944
,8/21/18 21:00,0.1932,56.122
,8/21/18 22:00,0.1881,55.472
,8/21/18 23:00,0.1849,54.995
,8/22/18 0:00,0.1813,54.561
,8/22/18 1:00,0.2134,54.126
,8/22/18 2:00,0.2148,53.69
,8/22/18 3:00,0.2249,53.341
,8/22/18 4:00,0.233,52.992
,8/22/18 5:00,0.2286,52.686
,8/22/18 6:00,0.2254,52.423
,8/22/18 7:00,0.329,52.16
,8/22/18 8:00,0.3195,51.984
,8/22/18 9:00,0.2949,52.029
,8/22/18 10:00,0.2837,52.597
,8/22/18 11:00,0.277,53.121
,8/22/18 12:00,0.2726,53.427
,8/22/18 13:00,0.2684,53.908
,8/22/18 14:00,0.2657,55.733
,8/22/18 15:00,0.2639,57.592
,8/22/18 16:00,0.2611,58.669
,8/22/18 17:00,0.2589,59.099
,8/22/18 18:00,0.2575,58.712
,8/22/18 19:00,0.255,58.109
,8/22/18 20:00,0.2532,57.506
,8/22/18 21:00,0.2516,56.815
,8/22/18 22:00,0.2502,56.079
,8/22/18 23:00,0.2487,55.386
,8/23/18 0:00,0.2471,54.865
,8/23/18 1:00,0.246,54.255
,8/23/18 2:00,0.2449,53.776
,8/23/18 3:00,0.2437,53.341
,8/23/18 4:00,0.2421,53.035
,8/23/18 5:00,0.2399,52.729
,8/23/18 6:00,0.3611,52.335
,8/23/18 7:00,0.3163,51.237
,8/23/18 8:00,0.3054,50.445
,8/23/18 9:00,0.3148,50.092
,8/23/18 10:00,0.3026,50.929
,8/23/18 11:00,0.2935,52.597
,8/23/18 12:00,0.2874,55.69
,8/23/18 13:00,0.283,59.014
,8/23/18 14:00,0.2793,62.062
,8/23/18 15:00,0.2766,64.288
,8/23/18 16:00,0.2739,65.102
,8/23/18 17:00,0.2813,64.546
,8/23/18 18:00,0.283,62.748
,8/23/18 19:00,0.2806,61.547
,8/23/18 20:00,0.278,60.174
,8/23/18 21:00,0.2756,58.755
,8/23/18 22:00,0.2732,57.333
,8/23/18 23:00,0.2719,56.035
,8/24/18 0:00,0.2701,54.952
,8/24/18 1:00,0.2691,53.908
,8/24/18 2:00,0.2677,52.992
,8/24/18 3:00,0.2666,52.16
,8/24/18 4:00,0.2657,51.413
,8/24/18 5:00,0.2642,50.664
,8/24/18 6:00,0.2632,50.002
,8/24/18 7:00,0.2621,49.383
,8/24/18 8:00,0.2611,48.85
,8/24/18 9:00,0.2604,48.672
,8/24/18 10:00,0.2604,49.161
,8/24/18 11:00,0.2592,50.929
,8/24/18 12:00,0.2589,54.212
,8/24/18 13:00,0.2579,57.592
,8/24/18 14:00,0.2564,60.775
,8/24/18 15:00,0.2553,63.433
,8/24/18 16:00,0.2546,64.503
,8/24/18 17:00,0.2542,64.288
,8/24/18 18:00,0.2542,63.648
,8/24/18 19:00,0.2542,62.577
,8/24/18 20:00,0.2534,61.248
,8/24/18 21:00,0.252,59.83
,8/24/18 22:00,0.2516,58.498
,8/24/18 23:00,0.2512,57.333
,8/25/18 0:00,0.2505,56.295
,8/25/18 1:00,0.2494,55.386
,8/25/18 2:00,0.249,54.604
,8/25/18 3:00,0.2483,53.82
,8/25/18 4:00,0.2483,53.078
,8/25/18 5:00,0.2475,52.335
,8/25/18 6:00,0.2471,51.678
,8/25/18 7:00,0.246,51.062
,8/25/18 8:00,0.2452,50.664
,8/25/18 9:00,0.2449,50.886
,8/25/18 10:00,0.2445,52.16
,8/25/18 11:00,0.2441,54.734
,8/25/18 12:00,0.243,57.117
,8/25/18 13:00,0.2421,59.358
,8/25/18 14:00,0.2414,61.462
,8/25/18 15:00,0.241,63.133
,8/25/18 16:00,0.2403,63.475
,8/25/18 17:00,0.241,62.875
,8/25/18 18:00,0.2403,61.934
,8/25/18 19:00,0.2406,60.861
,8/25/18 20:00,0.2403,59.788
,8/25/18 21:00,0.2399,58.798
,8/25/18 22:00,0.2367,57.936
,8/25/18 23:00,0.2363,57.16
,8/26/18 0:00,0.2367,56.512
,8/26/18 1:00,0.2367,55.863
,8/26/18 2:00,0.2363,55.125
,8/26/18 3:00,0.2363,54.387
,8/26/18 4:00,0.2355,53.69
,8/26/18 5:00,0.2358,53.035
,8/26/18 6:00,0.2355,52.335
,8/26/18 7:00,0.2351,51.678
,8/26/18 8:00,0.2335,51.325
,8/26/18 9:00,0.2339,51.413
,8/26/18 10:00,0.2335,52.86
,8/26/18 11:00,0.2318,55.299
,8/26/18 12:00,0.2315,58.411
,8/26/18 13:00,0.2311,61.333
,8/26/18 14:00,0.2299,63.048
,8/26/18 15:00,0.2286,65.188
,8/26/18 16:00,0.2282,66.214
,8/26/18 17:00,0.2282,65.788
,8/26/18 18:00,0.2282,64.76
,8/26/18 19:00,0.2286,63.518
,8/26/18 20:00,0.2282,62.191
,8/26/18 21:00,0.2156,60.818
,8/26/18 22:00,0.2575,58.885
,8/26/18 23:00,0.252,57.592
,8/27/18 0:00,0.249,56.642
,8/27/18 1:00,0.2475,55.819
,8/27/18 2:00,0.2456,55.168
,8/27/18 3:00,0.2449,54.561
,8/27/18 4:00,0.2437,54.082
,8/27/18 5:00,0.243,53.602
,8/27/18 6:00,0.2421,53.166
,8/27/18 7:00,0.2414,52.817
,8/27/18 8:00,0.2399,52.597
,8/27/18 9:00,0.239,52.686
,8/27/18 10:00,0.2387,53.298
,8/27/18 11:00,0.2374,54.561
,8/27/18 12:00,0.2379,56.122
,8/27/18 13:00,0.2358,57.936
,8/27/18 14:00,0.2347,60.346
,8/27/18 15:00,0.233,62.105
,8/27/18 16:00,0.2318,63.133
,8/27/18 17:00,0.2318,63.133
,8/27/18 18:00,0.2318,62.447
,8/27/18 19:00,0.2327,61.506
,8/27/18 20:00,0.2323,60.517
,8/27/18 21:00,0.2315,59.315
,8/27/18 22:00,0.2311,58.195
,8/27/18 23:00,0.2306,57.16
,8/28/18 0:00,0.2299,56.035
,8/28/18 1:00,0.2286,54.952
,8/28/18 2:00,0.2286,53.908
,8/28/18 3:00,0.2294,52.947
,8/28/18 4:00,0.2294,52.072
,8/28/18 5:00,0.2286,51.237
,8/28/18 6:00,0.2282,50.4
,8/28/18 7:00,0.2269,49.692
,8/28/18 8:00,0.2266,49.028
,8/28/18 9:00,0.2262,48.628
,8/28/18 10:00,0.2254,50.047
,8/28/18 11:00,0.2254,52.597
,8/28/18 12:00,0.2211,55.69
,8/28/18 13:00,0.2219,58.669
,8/28/18 14:00,0.2203,61.248
,8/28/18 15:00,0.2195,63.304
,8/28/18 16:00,0.219,64.161
,8/28/18 17:00,0.2185,63.732
,8/28/18 18:00,0.2174,62.748
,8/28/18 19:00,0.2177,61.462
,8/28/18 20:00,0.2174,59.959
,8/28/18 21:00,0.2174,58.455
,8/28/18 22:00,0.2182,57.074
,8/28/18 23:00,0.2177,55.819
,8/29/18 0:00,0.2177,54.648
,8/29/18 1:00,0.2174,53.602
,8/29/18 2:00,0.2174,52.597
,8/29/18 3:00,0.2169,51.678
,8/29/18 4:00,0.2156,50.797
,8/29/18 5:00,0.2148,49.959
,8/29/18 6:00,0.2134,49.161
,8/29/18 7:00,0.2134,48.405
,8/29/18 8:00,0.2139,47.781
,8/29/18 9:00,0.2139,47.467
,8/29/18 10:00,0.2126,49.161
,8/29/18 11:00,0.2078,51.94
,8/29/18 12:00,0.2087,55.213
,8/29/18 13:00,0.2092,58.582
,8/29/18 14:00,0.2078,61.547
,8/29/18 15:00,0.2026,63.99
,8/29/18 16:00,0.2052,65.017
,8/29/18 17:00,0.2052,64.632
,8/29/18 18:00,0.2026,63.732
,8/29/18 19:00,0.2043,62.533
,8/29/18 20:00,0.2038,61.075
,8/29/18 21:00,0.2038,59.702
,8/29/18 22:00,0.2035,58.498
,8/29/18 23:00,0.2035,57.333
,8/30/18 0:00,0.2029,56.295
,8/30/18 1:00,0.2026,55.299
,8/30/18 2:00,0.202,54.387
,8/30/18 3:00,0.2017,53.472
,8/30/18 4:00,0.2017,52.597
,8/30/18 5:00,0.2012,51.852
,8/30/18 6:00,0.2012,51.148
,8/30/18 7:00,0.2008,50.533
,8/30/18 8:00,0.2003,49.914
,8/30/18 9:00,0.2003,49.737
,8/30/18 10:00,0.1994,50.974
,8/30/18 11:00,0.1972,53.69
,8/30/18 12:00,0.1945,57.031
,8/30/18 13:00,0.1945,60.433
,8/30/18 14:00,0.1932,63.475
,8/30/18 15:00,0.1923,65.53
,8/30/18 16:00,0.1913,66.087
,8/30/18 17:00,0.1891,65.53
,8/30/18 18:00,0.1885,64.803
,8/30/18 19:00,0.1885,63.648
,8/30/18 20:00,0.1881,62.233
,8/30/18 21:00,0.1872,60.861
,8/30/18 22:00,0.1872,59.486
,8/30/18 23:00,0.1872,58.368
,8/31/18 0:00,0.1866,57.463
,8/31/18 1:00,0.1862,56.642
,8/31/18 2:00,0.1859,55.863
,8/31/18 3:00,0.1853,55.038
,8/31/18 4:00,0.1849,54.255
,8/31/18 5:00,0.1849,53.515
,8/31/18 6:00,0.1843,52.817
,8/31/18 7:00,0.1843,52.16
,8/31/18 8:00,0.184,51.809
,8/31/18 9:00,0.1836,51.984
,8/31/18 10:00,0.184,52.597
,8/31/18 11:00,0.1813,53.515
,8/31/18 12:00,0.1797,55.515
,8/31/18 13:00,0.1779,57.463
,8/31/18 14:00,0.1775,59.185
,8/31/18 15:00,0.1732,60.948
,8/31/18 16:00,0.1718,61.891
,8/31/18 17:00,0.1709,62.062
,8/31/18 18:00,0.1703,61.891
,8/31/18 19:00,0.1699,60.991
,8/31/18 20:00,0.1695,59.659
,8/31/18 21:00,0.1689,58.282
,8/31/18 22:00,0.1689,57.117
,8/31/18 23:00,0.1685,56.208
,9/1/18 0:00,0.1681,55.386
,9/1/18 1:00,0.1681,54.473
,9/1/18 2:00,0.1681,53.559
,9/1/18 3:00,0.1677,52.772
,9/1/18 4:00,0.1677,51.984
,9/1/18 5:00,0.1677,51.237
,9/1/18 6:00,0.1671,50.664
,9/1/18 7:00,0.1667,50.135
,9/1/18 8:00,0.1667,49.782
,9/1/18 9:00,0.1663,49.87
,9/1/18 10:00,0.1652,50.974
,9/1/18 11:00,0.1638,52.992
,9/1/18 12:00,0.1629,55.602
,9/1/18 13:00,0.1608,57.979
,9/1/18 14:00,0.1596,61.205
,9/1/18 15:00,0.1585,63.99
,9/1/18 16:00,0.1577,65.829
,9/1/18 17:00,0.1566,66.087
,9/1/18 18:00,0.1566,65.316
,9/1/18 19:00,0.1558,64.161
,9/1/18 20:00,0.1558,62.62
,9/1/18 21:00,0.1551,61.205
,9/1/18 22:00,0.1551,59.873
,9/1/18 23:00,0.1551,58.541
,9/2/18 0:00,0.1547,57.247
,9/2/18 1:00,0.1547,56.079
,9/2/18 2:00,0.1542,55.125
,9/2/18 3:00,0.1538,54.3
,9/2/18 4:00,0.1532,53.559
,9/2/18 5:00,0.1532,52.86
,9/2/18 6:00,0.1532,52.335
,9/2/18 7:00,0.1527,51.721
,9/2/18 8:00,0.1527,51.105
,9/2/18 9:00,0.1519,50.974
,9/2/18 10:00,0.1508,52.466
,9/2/18 11:00,0.1499,54.516
,9/2/18 12:00,0.1484,57.636
,9/2/18 13:00,0.1475,58.411
,9/2/18 14:00,0.1475,57.936
,9/2/18 15:00,0.1466,58.755
,9/2/18 16:00,0.1455,59.616
,9/2/18 17:00,0.1455,59.315
,9/2/18 18:00,0.1441,58.842
,9/2/18 19:00,0.1441,57.893
,9/2/18 20:00,0.1441,56.858
,9/2/18 21:00,0.1434,55.906
,9/2/18 22:00,0.143,54.909
,9/2/18 23:00,0.143,53.865
,9/3/18 0:00,0.1425,52.86
,9/3/18 1:00,0.1425,51.94
,9/3/18 2:00,0.143,51.193
,9/3/18 3:00,0.1425,50.621
,9/3/18 4:00,0.1421,50.311
,9/3/18 5:00,0.1421,49.959
,9/3/18 6:00,0.1416,49.737
,9/3/18 7:00,0.1416,49.428
,9/3/18 8:00,0.1416,49.204
,9/3/18 9:00,0.1421,49.471
,9/3/18 10:00,0.1416,50.18
,9/3/18 11:00,0.1421,51.105
,9/3/18 12:00,0.1416,52.509
,9/3/18 13:00,0.1412,53.472
,9/3/18 14:00,0.14,54.516
,9/3/18 15:00,0.1352,55.558
,9/3/18 16:00,0.1387,56.165
,9/3/18 17:00,0.1366,56.556
,9/3/18 18:00,0.1382,56.858
,9/3/18 19:00,0.137,56.295
,9/3/18 20:00,0.1382,55.386
,9/3/18 21:00,0.137,54.212
,9/3/18 22:00,0.1375,53.078
,9/3/18 23:00,0.137,52.072
,9/4/18 0:00,0.1375,51.193
,9/4/18 1:00,0.137,50.445
,9/4/18 2:00,0.137,49.914
,9/4/18 3:00,0.137,49.604
,9/4/18 4:00,0.137,49.383
,9/4/18 5:00,0.1366,49.161
,9/4/18 6:00,0.1366,48.895
,9/4/18 7:00,0.1366,48.405
,9/4/18 8:00,0.1366,47.826
,9/4/18 9:00,0.1366,47.557
,9/4/18 10:00,0.1361,48.983
,9/4/18 11:00,0.1352,51.764
,9/4/18 12:00,0.1347,54.691
,9/4/18 13:00,0.1342,55.819
,9/4/18 14:00,0.1321,56.599
,9/4/18 15:00,0.1302,56.772
,9/4/18 16:00,0.1321,56.642
,9/4/18 17:00,0.1317,56.772
,9/4/18 18:00,0.1307,56.642
,9/4/18 19:00,0.1317,56.079
,9/4/18 20:00,0.1321,55.299
,9/4/18 21:00,0.1321,54.43
,9/4/18 22:00,0.1321,53.559
,9/4/18 23:00,0.1321,52.729
,9/5/18 0:00,0.1321,52.16
,9/5/18 1:00,0.1317,51.544
,9/5/18 2:00,0.1317,50.929
,9/5/18 3:00,0.1317,50.576
,9/5/18 4:00,0.1312,50.311
,9/5/18 5:00,0.1312,50.002
,9/5/18 6:00,0.1307,49.782
,9/5/18 7:00,0.1307,49.561
,9/5/18 8:00,0.1307,49.516
,9/5/18 9:00,0.129,49.692
,9/5/18 10:00,0.1317,49.428
,9/5/18 11:00,0.2274,49.073
,9/5/18 12:00,0.2266,49.073
,9/5/18 13:00,0.2254,49.782
,9/5/18 14:00,0.2224,50.929
,9/5/18 15:00,0.219,51.458
,9/5/18 16:00,0.2355,51.37
,9/5/18 17:00,0.304,51.062
,9/5/18 18:00,0.2887,51.282
,9/5/18 19:00,0.28,51.062
,9/5/18 20:00,0.2746,50.311
,9/5/18 21:00,0.2708,49.428
,9/5/18 22:00,0.268,48.628
,9/5/18 23:00,0.2657,47.959
,9/6/18 0:00,0.2635,47.377
,9/6/18 1:00,0.2618,46.841
,9/6/18 2:00,0.26,46.346
,9/6/18 3:00,0.2585,45.896
,9/6/18 4:00,0.2571,45.444
,9/6/18 5:00,0.2557,44.991
,9/6/18 6:00,0.2546,44.582
,9/6/18 7:00,0.2534,44.173
,9/6/18 8:00,0.2528,44.173
,9/6/18 9:00,0.2516,44.31
,9/6/18 10:00,0.2509,45.624
,9/6/18 11:00,0.2498,48.094
,9/6/18 12:00,0.249,50.886
,9/6/18 13:00,0.2479,52.86
,9/6/18 14:00,0.2468,54.995
,9/6/18 15:00,0.2456,57.333
,9/6/18 16:00,0.2445,59.229
,9/6/18 17:00,0.243,59.959
,9/6/18 18:00,0.2414,59.83
,9/6/18 19:00,0.2406,58.626
,9/6/18 20:00,0.239,57.549
,9/6/18 21:00,0.2379,56.165
,9/6/18 22:00,0.2367,54.777
,9/6/18 23:00,0.2358,53.559
,9/7/18 0:00,0.2351,52.423
,9/7/18 1:00,0.2344,51.37
,9/7/18 2:00,0.2339,50.445
,9/7/18 3:00,0.233,49.561
,9/7/18 4:00,0.2327,48.762
,9/7/18 5:00,0.2318,47.959
,9/7/18 6:00,0.2315,47.199
,9/7/18 7:00,0.2311,46.481
,9/7/18 8:00,0.2306,45.851
,9/7/18 9:00,0.2303,45.489
,9/7/18 10:00,0.2318,46.706
,9/7/18 11:00,0.2311,49.249
,9/7/18 12:00,0.2299,52.246
,9/7/18 13:00,0.2286,55.342
,9/7/18 14:00,0.2274,58.066
,9/7/18 15:00,0.2269,60.089
,9/7/18 16:00,0.2257,60.904
,9/7/18 17:00,0.2241,61.032
,9/7/18 18:00,0.2232,60.046
,9/7/18 19:00,0.2224,58.712
,9/7/18 20:00,0.2211,57.376
,9/7/18 21:00,0.2203,55.992
,9/7/18 22:00,0.2195,54.734
,9/7/18 23:00,0.219,53.602
,9/8/18 0:00,0.2182,52.597
,9/8/18 1:00,0.2182,51.589
,9/8/18 2:00,0.2174,50.664
,9/8/18 3:00,0.2169,49.782
,9/8/18 4:00,0.2164,48.983
,9/8/18 5:00,0.2164,48.227
,9/8/18 6:00,0.2161,47.512
,9/8/18 7:00,0.2156,46.841
,9/8/18 8:00,0.2153,46.256
,9/8/18 9:00,0.2156,45.941
,9/8/18 10:00,0.2169,47.334
,9/8/18 11:00,0.2161,50.047
,9/8/18 12:00,0.2148,53.298
,9/8/18 13:00,0.2139,56.599
,9/8/18 14:00,0.2126,59.099
,9/8/18 15:00,0.2122,60.904
,9/8/18 16:00,0.2109,62.062
,9/8/18 17:00,0.2104,62.191
,9/8/18 18:00,0.2095,61.677
,9/8/18 19:00,0.2083,60.561
,9/8/18 20:00,0.2073,59.185
,9/8/18 21:00,0.207,57.936
,9/8/18 22:00,0.2064,56.815
,9/8/18 23:00,0.2061,55.776
,9/9/18 0:00,0.2056,54.952
,9/9/18 1:00,0.2052,54.387
,9/9/18 2:00,0.2038,53.82
,9/9/18 3:00,0.2038,53.166
,9/9/18 4:00,0.2026,52.597
,9/9/18 5:00,0.2026,52.115
,9/9/18 6:00,0.2017,51.633
,9/9/18 7:00,0.2017,51.017
,9/9/18 8:00,0.2012,50.223
,9/9/18 9:00,0.2012,49.692
,9/9/18 10:00,0.2029,50.709
,9/9/18 11:00,0.2017,52.992
,9/9/18 12:00,0.2017,55.906
,9/9/18 13:00,0.2008,58.368
,9/9/18 14:00,0.1999,60.39
,9/9/18 15:00,0.1985,60.561
,9/9/18 16:00,0.1981,60.948
,9/9/18 17:00,0.1958,61.119
,9/9/18 18:00,0.1913,60.26
,9/9/18 19:00,0.1926,58.928
,9/9/18 20:00,0.1917,57.592
,9/9/18 21:00,0.1923,56.208
,9/9/18 22:00,0.1923,54.952
,9/9/18 23:00,0.1859,53.82
,9/10/18 0:00,0.1885,52.772
,9/10/18 1:00,0.1917,51.852
,9/10/18 2:00,0.1917,50.974
,9/10/18 3:00,0.1913,50.135
,9/10/18 4:00,0.1913,49.383
,9/10/18 5:00,0.1908,48.717
,9/10/18 6:00,0.1904,48.049
,9/10/18 7:00,0.1908,47.377
,9/10/18 8:00,0.1904,46.886
,9/10/18 9:00,0.1908,46.796
,9/10/18 10:00,0.1917,48.094
,9/10/18 11:00,0.1908,49.825
,9/10/18 12:00,0.1881,52.378
,9/10/18 13:00,0.1885,56.035
,9/10/18 14:00,0.1872,59.142
,9/10/18 15:00,0.1816,61.248
,9/10/18 16:00,0.1756,62.191
,9/10/18 17:00,0.1765,62.191
,9/10/18 18:00,0.1803,61.633
,9/10/18 19:00,0.1826,60.604
,9/10/18 20:00,0.182,59.358
,9/10/18 21:00,0.1826,58.282
,9/10/18 22:00,0.182,57.117
,9/10/18 23:00,0.1816,55.949
,9/11/18 0:00,0.1816,54.995
,9/11/18 1:00,0.1813,54.169
,9/11/18 2:00,0.1807,53.166
,9/11/18 3:00,0.1803,52.203
,9/11/18 4:00,0.1803,51.37
,9/11/18 5:00,0.1797,50.533
,9/11/18 6:00,0.1789,49.782
,9/11/18 7:00,0.1793,49.161
,9/11/18 8:00,0.1793,48.983
,9/11/18 9:00,0.1797,48.938
,9/11/18 10:00,0.1803,50.135
,9/11/18 11:00,0.1803,52.16
,9/11/18 12:00,0.1779,53.951
,9/11/18 13:00,0.1775,55.472
,9/11/18 14:00,0.1742,57.936
,9/11/18 15:00,0.1752,59.702
,9/11/18 16:00,0.1718,60.991
,9/11/18 17:00,0.1699,61.59
,9/11/18 18:00,0.1732,61.119
,9/11/18 19:00,0.1728,59.916
,9/11/18 20:00,0.1724,58.498
,9/11/18 21:00,0.1714,57.204
,9/11/18 22:00,0.1709,56.079
,9/11/18 23:00,0.1703,55.125
,9/12/18 0:00,0.1699,54.255
,9/12/18 1:00,0.1699,53.298
,9/12/18 2:00,0.1689,52.378
,9/12/18 3:00,0.1689,51.501
,9/12/18 4:00,0.1689,50.709
,9/12/18 5:00,0.1685,49.914
,9/12/18 6:00,0.1685,49.161
,9/12/18 7:00,0.1681,48.45
,9/12/18 8:00,0.1681,47.826
,9/12/18 9:00,0.1685,47.512
,9/12/18 10:00,0.1677,48.983
,9/12/18 11:00,0.1642,51.633
,9/12/18 12:00,0.1566,54.734
,9/12/18 13:00,0.1652,58.066
,9/12/18 14:00,0.1642,61.162
,9/12/18 15:00,0.1634,63.39
,9/12/18 16:00,0.1619,64.418
,9/12/18 17:00,0.16,64.418
,9/12/18 18:00,0.1532,63.39
,9/12/18 19:00,0.1581,61.848
,9/12/18 20:00,0.1547,60.132
,9/12/18 21:00,0.1577,58.626
,9/12/18 22:00,0.157,57.29
,9/12/18 23:00,0.157,55.992
,9/13/18 0:00,0.1566,54.952
,9/13/18 1:00,0.1562,53.994
,9/13/18 2:00,0.1562,53.078
,9/13/18 3:00,0.1558,52.203
,9/13/18 4:00,0.1551,51.458
,9/13/18 5:00,0.1551,50.797
,9/13/18 6:00,0.1547,50.135
,9/13/18 7:00,0.1547,49.471
,9/13/18 8:00,0.1547,48.805
,9/13/18 9:00,0.1547,48.405
,9/13/18 10:00,0.1542,49.782
,9/13/18 11:00,0.1538,52.423
,9/13/18 12:00,0.1523,55.69
,9/13/18 13:00,0.1519,59.056
,9/13/18 14:00,0.1503,62.148
,9/13/18 15:00,0.149,64.418
,9/13/18 16:00,0.1479,65.359
,9/13/18 17:00,0.1475,65.23
,9/13/18 18:00,0.1466,64.117
,9/13/18 19:00,0.145,62.362
,9/13/18 20:00,0.1446,60.474
,9/13/18 21:00,0.1441,58.798
,9/13/18 22:00,0.1434,57.376
,9/13/18 23:00,0.1434,55.992
,9/14/18 0:00,0.1425,54.777
,9/14/18 1:00,0.1421,53.602
,9/14/18 2:00,0.1425,52.509
,9/14/18 3:00,0.1421,51.458
,9/14/18 4:00,0.1416,50.488
,9/14/18 5:00,0.1459,49.561
,9/14/18 6:00,0.1475,48.628
,9/14/18 7:00,0.1475,47.826
,9/14/18 8:00,0.1475,47.109
,9/14/18 9:00,0.145,46.751
,9/14/18 10:00,0.1421,48.227
,9/14/18 11:00,0.1412,51.193
,9/14/18 12:00,0.14,54.648
,9/14/18 13:00,0.1391,58.325
,9/14/18 14:00,0.1387,61.677
,9/14/18 15:00,0.1382,64.161
,9/14/18 16:00,0.137,65.273
,9/14/18 17:00,0.1361,65.273
,9/14/18 18:00,0.1357,64.247
,9/14/18 19:00,0.1342,62.62
,9/14/18 20:00,0.1335,60.733
,9/14/18 21:00,0.1331,59.014
,9/14/18 22:00,0.1326,57.549
,9/14/18 23:00,0.1326,56.208
,9/15/18 0:00,0.1321,55.038
,9/15/18 1:00,0.1317,53.951
,9/15/18 2:00,0.1317,52.992
,9/15/18 3:00,0.1317,52.029
,9/15/18 4:00,0.1312,51.148
,9/15/18 5:00,0.1312,50.311
,9/15/18 6:00,0.1307,49.561
,9/15/18 7:00,0.1307,48.85
,9/15/18 8:00,0.1307,48.227
,9/15/18 9:00,0.1307,47.959
,9/15/18 10:00,0.1312,49.471
,9/15/18 11:00,0.1302,52.335
,9/15/18 12:00,0.1302,55.733
,9/15/18 13:00,0.1297,59.358
,9/15/18 14:00,0.129,62.661
,9/15/18 15:00,0.129,65.145
,9/15/18 16:00,0.1281,66.344
,9/15/18 17:00,0.1276,66.344
,9/15/18 18:00,0.1266,65.359
,9/15/18 19:00,0.1256,63.732
,9/15/18 20:00,0.1251,61.891
,9/15/18 21:00,0.1251,60.217
,9/15/18 22:00,0.1246,58.885
,9/15/18 23:00,0.1242,57.85
,9/16/18 0:00,0.1242,56.901
,9/16/18 1:00,0.1237,56.079
,9/16/18 2:00,0.1237,55.256
,9/16/18 3:00,0.1237,54.387
,9/16/18 4:00,0.1229,53.602
,9/16/18 5:00,0.1224,52.86
,9/16/18 6:00,0.1224,52.115
,9/16/18 7:00,0.1224,51.458
,9/16/18 8:00,0.1224,50.886
,9/16/18 9:00,0.1224,50.621
,9/16/18 10:00,0.1224,52.029
,9/16/18 11:00,0.1229,54.648
,9/16/18 12:00,0.1219,57.463
,9/16/18 13:00,0.1219,60.26
,9/16/18 14:00,0.1214,62.105
,9/16/18 15:00,0.1209,63.39
,9/16/18 16:00,0.1164,63.819
,9/16/18 17:00,0.1138,63.946
,9/16/18 18:00,0.1204,63.433
,9/16/18 19:00,0.1189,62.105
,9/16/18 20:00,0.1189,60.474
,9/16/18 21:00,0.1189,58.928
,9/16/18 22:00,0.1184,57.592
,9/16/18 23:00,0.1179,56.426
,9/17/18 0:00,0.1184,55.472
,9/17/18 1:00,0.1179,54.604
,9/17/18 2:00,0.1179,53.776
,9/17/18 3:00,0.1174,52.992
,9/17/18 4:00,0.1174,52.246
,9/17/18 5:00,0.1169,51.501
,9/17/18 6:00,0.1169,50.841
,9/17/18 7:00,0.1169,50.223
,9/17/18 8:00,0.1169,49.782
,9/17/18 9:00,0.1169,49.649
,9/17/18 10:00,0.1169,51.017
,9/17/18 11:00,0.1153,53.341
,9/17/18 12:00,0.1138,55.602
,9/17/18 13:00,0.1169,58.455
,9/17/18 14:00,0.1164,61.547
,9/17/18 15:00,0.1164,64.074
,9/17/18 16:00,0.1153,65.615
,9/17/18 17:00,0.1128,65.916
,9/17/18 18:00,0.1133,65.017
,9/17/18 19:00,0.1148,63.518
,9/17/18 20:00,0.1143,61.761
,9/17/18 21:00,0.1143,60.089
,9/17/18 22:00,0.1143,58.669
,9/17/18 23:00,0.1138,57.42
,9/18/18 0:00,0.1133,56.34
,9/18/18 1:00,0.1133,55.472
,9/18/18 2:00,0.1128,54.648
,9/18/18 3:00,0.1133,53.865
,9/18/18 4:00,0.1128,53.209
,9/18/18 5:00,0.1128,52.597
,9/18/18 6:00,0.1122,51.94
,9/18/18 7:00,0.1122,51.458
,9/18/18 8:00,0.1122,51.017
,9/18/18 9:00,0.1122,50.841
,9/18/18 10:00,0.1096,52.029
,9/18/18 11:00,0.1117,54.082
,9/18/18 12:00,0.1112,55.949
,9/18/18 13:00,0.1112,57.592
,9/18/18 14:00,0.1122,58.755
,9/18/18 15:00,0.1122,60.561
,9/18/18 16:00,0.1101,62.447
,9/18/18 17:00,0.1091,63.176
,9/18/18 18:00,0.1107,62.577
,9/18/18 19:00,0.1112,61.205
,9/18/18 20:00,0.1112,59.572
,9/18/18 21:00,0.1112,58.195
,9/18/18 22:00,0.1101,56.901
,9/18/18 23:00,0.1101,55.69
,9/19/18 0:00,0.1101,54.604
,9/19/18 1:00,0.1096,53.559
,9/19/18 2:00,0.1096,52.641
,9/19/18 3:00,0.1096,51.852
,9/19/18 4:00,0.1091,51.105
,9/19/18 5:00,0.1091,50.356
,9/19/18 6:00,0.1091,49.692
,9/19/18 7:00,0.1085,49.028
,9/19/18 8:00,0.1085,48.628
,9/19/18 9:00,0.1085,48.583
,9/19/18 10:00,0.1085,50.092
,9/19/18 11:00,0.108,52.509
,9/19/18 12:00,0.1069,54.255
,9/19/18 13:00,0.1075,55.342
,9/19/18 14:00,0.1075,55.647
,9/19/18 15:00,0.1091,55.213
,9/19/18 16:00,0.1895,54.126
,9/19/18 17:00,0.1954,53.253
,9/19/18 18:00,0.1866,53.035
,9/19/18 19:00,0.1826,52.729
,9/19/18 20:00,0.2182,52.16
,9/19/18 21:00,0.2216,51.544
,9/19/18 22:00,0.2262,51.105
,9/19/18 23:00,0.2387,50.664
,9/20/18 0:00,0.2371,50.311
,9/20/18 1:00,0.2347,50.002
,9/20/18 2:00,0.2335,49.692
,9/20/18 3:00,0.2323,49.383
,9/20/18 4:00,0.2311,49.073
,9/20/18 5:00,0.2294,48.805
,9/20/18 6:00,0.2282,48.583
,9/20/18 7:00,0.2269,48.36
,9/20/18 8:00,0.2262,48.182
,9/20/18 9:00,0.2241,48.36
,9/20/18 10:00,0.2254,49.161
,9/20/18 11:00,0.2237,50.974
,9/20/18 12:00,0.2224,53.602
,9/20/18 13:00,0.2203,56.165
,9/20/18 14:00,0.2195,58.669
,9/20/18 15:00,0.2185,60.003
,9/20/18 16:00,0.2169,60.561
,9/20/18 17:00,0.2143,60.474
,9/20/18 18:00,0.2156,59.445
,9/20/18 19:00,0.2131,57.893
,9/20/18 20:00,0.2126,56.251
,9/20/18 21:00,0.2109,54.648
,9/20/18 22:00,0.21,53.166
,9/20/18 23:00,0.2092,51.764
,9/21/18 0:00,0.2095,50.445
,9/21/18 1:00,0.2092,49.204
,9/21/18 2:00,0.2083,48.049
,9/21/18 3:00,0.2047,47.019
,9/21/18 4:00,0.2061,46.076
,9/21/18 5:00,0.2078,45.172
,9/21/18 6:00,0.2083,44.355
,9/21/18 7:00,0.2073,43.579
,9/21/18 8:00,0.2073,42.939
,9/21/18 9:00,0.2056,42.433
,9/21/18 10:00,0.2056,43.396
,9/21/18 11:00,0.2047,46.031
,9/21/18 12:00,0.2038,49.338
,9/21/18 13:00,0.2026,52.817
,9/21/18 14:00,0.2012,55.906
,9/21/18 15:00,0.2008,58.152
,9/21/18 16:00,0.1994,59.142
,9/21/18 17:00,0.199,59.056
,9/21/18 18:00,0.1972,58.023
,9/21/18 19:00,0.1967,56.512
,9/21/18 20:00,0.1963,54.865
,9/21/18 21:00,0.1958,53.298
,9/21/18 22:00,0.1954,51.895
,9/21/18 23:00,0.1948,50.621
,9/22/18 0:00,0.1945,49.516
,9/22/18 1:00,0.1945,48.493
,9/22/18 2:00,0.1939,47.557
,9/22/18 3:00,0.1935,46.661
,9/22/18 4:00,0.1898,45.761
,9/22/18 5:00,0.1913,44.856
,9/22/18 6:00,0.1939,44.082
,9/22/18 7:00,0.1939,43.306
,9/22/18 8:00,0.1935,42.616
,9/22/18 9:00,0.1923,42.156
,9/22/18 10:00,0.1923,43.259
,9/22/18 11:00,0.1908,45.941
,9/22/18 12:00,0.1885,49.028
,9/22/18 13:00,0.1895,52.335
,9/22/18 14:00,0.1876,55.299
,9/22/18 15:00,0.1872,57.592
,9/22/18 16:00,0.1872,58.626
,9/22/18 17:00,0.1862,58.541
,9/22/18 18:00,0.1859,57.463
,9/22/18 19:00,0.1843,55.906
,9/22/18 20:00,0.1843,54.255
,9/22/18 21:00,0.1843,52.772
,9/22/18 22:00,0.184,51.501
,9/22/18 23:00,0.1836,50.356
,9/23/18 0:00,0.183,49.338
,9/23/18 1:00,0.183,48.405
,9/23/18 2:00,0.1826,47.557
,9/23/18 3:00,0.182,46.751
,9/23/18 4:00,0.1816,46.031
,9/23/18 5:00,0.1813,45.307
,9/23/18 6:00,0.1813,44.627
,9/23/18 7:00,0.1813,43.945
,9/23/18 8:00,0.1807,43.443
,9/23/18 9:00,0.1813,43.579
,9/23/18 10:00,0.1807,45.036
,9/23/18 11:00,0.1807,47.691
,9/23/18 12:00,0.1663,50.974
,9/23/18 13:00,0.1732,53.865
,9/23/18 14:00,0.1756,56.426
,9/23/18 15:00,0.1656,57.979
,9/23/18 16:00,0.1742,58.928
,9/23/18 17:00,0.1746,59.142
,9/23/18 18:00,0.1689,58.368
,9/23/18 19:00,0.1695,57.117
,9/23/18 20:00,0.1746,55.69
,9/23/18 21:00,0.1752,54.3
,9/23/18 22:00,0.1746,53.166
,9/23/18 23:00,0.1746,52.16
,9/24/18 0:00,0.1746,51.282
,9/24/18 1:00,0.1742,50.752
,9/24/18 2:00,0.1742,50.311
,9/24/18 3:00,0.1738,49.692
,9/24/18 4:00,0.1738,49.161
,9/24/18 5:00,0.1738,48.672
,9/24/18 6:00,0.1732,48.272
,9/24/18 7:00,0.1728,47.826
,9/24/18 8:00,0.1728,47.377
,9/24/18 9:00,0.1724,47.289
,9/24/18 10:00,0.1714,48.004
,9/24/18 11:00,0.1667,48.938
,9/24/18 12:00,0.1619,51.282
,9/24/18 13:00,0.1604,52.641
,9/24/18 14:00,0.1667,53.341
,9/24/18 15:00,0.1562,55.515
,9/24/18 16:00,0.1604,56.469
,9/24/18 17:00,0.1656,56.469
,9/24/18 18:00,0.1648,55.819
,9/24/18 19:00,0.1652,54.82
,9/24/18 20:00,0.1629,53.776
,9/24/18 21:00,0.1634,52.817
,9/24/18 22:00,0.1656,51.94
,9/24/18 23:00,0.1652,50.974
,9/25/18 0:00,0.1671,50.135
,9/25/18 1:00,0.1667,49.249
,9/25/18 2:00,0.1663,48.272
,9/25/18 3:00,0.1663,47.244
,9/25/18 4:00,0.1663,46.166
,9/25/18 5:00,0.1634,45.172
,9/25/18 6:00,0.1671,44.263
,9/25/18 7:00,0.1685,43.396
,9/25/18 8:00,0.1689,42.616
,9/25/18 9:00,0.1677,42.017
,9/25/18 10:00,0.1677,42.8
,9/25/18 11:00,0.1671,45.036
,9/25/18 12:00,0.1667,47.914
,9/25/18 13:00,0.1663,50.974
,9/25/18 14:00,0.1652,53.69
,9/25/18 15:00,0.1648,55.602
,9/25/18 16:00,0.1642,56.426
,9/25/18 17:00,0.1638,56.208
,9/25/18 18:00,0.1638,55.038
,9/25/18 19:00,0.1634,53.384
,9/25/18 20:00,0.1667,51.544
,9/25/18 21:00,0.1667,49.87
,9/25/18 22:00,0.1667,48.405
,9/25/18 23:00,0.1667,47.154
,9/26/18 0:00,0.1652,46.076
,9/26/18 1:00,0.1615,45.036
,9/26/18 2:00,0.1608,44.127
,9/26/18 3:00,0.1648,43.396
,9/26/18 4:00,0.1663,42.847
,9/26/18 5:00,0.1681,42.294
,9/26/18 6:00,0.1695,41.648
,9/26/18 7:00,0.1695,40.905
,9/26/18 8:00,0.1689,40.158
,9/26/18 9:00,0.1677,39.69
,9/26/18 10:00,0.1656,40.672
,9/26/18 11:00,0.1648,43.259
,9/26/18 12:00,0.1648,46.391
,9/26/18 13:00,0.1638,49.692
,9/26/18 14:00,0.1634,52.686
,9/26/18 15:00,0.1634,54.865
,9/26/18 16:00,0.1629,55.819
,9/26/18 17:00,0.1629,55.733
,9/26/18 18:00,0.1619,54.691
,9/26/18 19:00,0.1629,53.078
,9/26/18 20:00,0.1629,51.458
,9/26/18 21:00,0.1623,50.002
,9/26/18 22:00,0.1623,48.672
,9/26/18 23:00,0.1629,47.422
,9/27/18 0:00,0.1629,46.301
,9/27/18 1:00,0.1619,45.307
,9/27/18 2:00,0.1604,44.445
,9/27/18 3:00,0.1562,43.624
,9/27/18 4:00,0.1585,42.847
,9/27/18 5:00,0.1634,42.109
,9/27/18 6:00,0.1648,41.369
,9/27/18 7:00,0.1656,40.719
,9/27/18 8:00,0.1652,40.158
,9/27/18 9:00,0.1623,39.877
,9/27/18 10:00,0.1608,41.23
,9/27/18 11:00,0.1585,43.853
,9/27/18 12:00,0.1577,47.109
,9/27/18 13:00,0.16,50.576
,9/27/18 14:00,0.1596,53.69
,9/27/18 15:00,0.159,55.776
,9/27/18 16:00,0.1581,56.815
,9/27/18 17:00,0.1585,56.858
,9/27/18 18:00,0.1585,55.906
,9/27/18 19:00,0.1577,54.43
,9/27/18 20:00,0.1577,52.86
,9/27/18 21:00,0.1577,51.458
,9/27/18 22:00,0.1577,50.135
,9/27/18 23:00,0.1577,48.938
,9/28/18 0:00,0.1577,47.871
,9/28/18 1:00,0.1577,46.886
,9/28/18 2:00,0.1577,46.031
,9/28/18 3:00,0.1577,45.217
,9/28/18 4:00,0.157,44.445
,9/28/18 5:00,0.157,43.716
,9/28/18 6:00,0.1566,43.03
,9/28/18 7:00,0.1577,42.341
,9/28/18 8:00,0.1551,41.693
,9/28/18 9:00,0.1558,41.369
,9/28/18 10:00,0.1566,42.847
,9/28/18 11:00,0.1523,45.534
,9/28/18 12:00,0.1441,48.717
,9/28/18 13:00,0.1441,52.029
,9/28/18 14:00,0.1538,54.995
,9/28/18 15:00,0.1527,57.031
,9/28/18 16:00,0.1499,57.936
,9/28/18 17:00,0.1396,57.893
,9/28/18 18:00,0.1405,56.901
,9/28/18 19:00,0.1391,55.299
,9/28/18 20:00,0.137,53.645
,9/28/18 21:00,0.1538,52.072
,9/28/18 22:00,0.1538,50.664
,9/28/18 23:00,0.1538,49.516
,9/29/18 0:00,0.1382,48.493
,9/29/18 1:00,0.1391,47.512
,9/29/18 2:00,0.1366,46.616
,9/29/18 3:00,0.1361,45.761
,9/29/18 4:00,0.1508,45.036
,9/29/18 5:00,0.1523,44.31
,9/29/18 6:00,0.1361,43.716
,9/29/18 7:00,0.1361,43.075
,9/29/18 8:00,0.1361,42.525
,9/29/18 9:00,0.1421,42.294
,9/29/18 10:00,0.137,43.716
,9/29/18 11:00,0.137,46.346
,9/29/18 12:00,0.1366,49.516
,9/29/18 13:00,0.1361,52.554
,9/29/18 14:00,0.1361,55.299
,9/29/18 15:00,0.1357,57.333
,9/29/18 16:00,0.1347,58.282
,9/29/18 17:00,0.1342,58.325
,9/29/18 18:00,0.1347,57.549
,9/29/18 19:00,0.1317,56.251
,9/29/18 20:00,0.149,54.82
,9/29/18 21:00,0.1459,53.427
,9/29/18 22:00,0.1382,52.291
,9/29/18 23:00,0.1326,51.325
,9/30/18 0:00,0.1307,50.311
,9/30/18 1:00,0.1326,49.383
,9/30/18 2:00,0.149,48.538
,9/30/18 3:00,0.1479,47.871
,9/30/18 4:00,0.1484,47.244
,9/30/18 5:00,0.1479,46.751
,9/30/18 6:00,0.145,46.391
,9/30/18 7:00,0.1479,46.031
,9/30/18 8:00,0.1446,45.669
,9/30/18 9:00,0.1484,45.489
,9/30/18 10:00,0.1321,46.841
,9/30/18 11:00,0.1312,49.428
,9/30/18 12:00,0.1312,52.641
,9/30/18 13:00,0.1312,55.733
,9/30/18 14:00,0.1321,58.368
,9/30/18 15:00,0.1307,60.132
,9/30/18 16:00,0.1297,60.604
,9/30/18 17:00,0.14,60.26
,9/30/18 18:00,0.1276,59.056
,9/30/18 19:00,0.1261,57.42
,9/30/18 20:00,0.1256,55.819
,9/30/18 21:00,0.1256,54.387
,9/30/18 22:00,0.1246,53.121
,9/30/18 23:00,0.1251,51.984
,10/1/18 0:00,0.1256,51.148
,10/1/18 1:00,0.1396,50.752
,10/1/18 2:00,0.1256,50.4
,10/1/18 3:00,0.1251,50.092
,10/1/18 4:00,0.1312,49.825
,10/1/18 5:00,0.1396,49.428
,10/1/18 6:00,0.1421,49.116
,10/1/18 7:00,0.1425,48.628
,10/1/18 8:00,0.1421,48.36
,10/1/18 9:00,0.1425,48.628
,10/1/18 10:00,0.1375,49.604
,10/1/18 11:00,0.1412,50.4
,10/1/18 12:00,0.1261,50.797
,10/1/18 13:00,0.1405,51.017
,10/1/18 14:00,0.1416,51.062
,10/1/18 15:00,0.1425,51.809
,10/1/18 16:00,0.1421,52.115
,10/1/18 17:00,0.1416,52.029
,10/1/18 18:00,0.1416,51.764
,10/1/18 19:00,0.1416,51.325
,10/1/18 20:00,0.1412,50.841
,10/1/18 21:00,0.1416,50.356
,10/1/18 22:00,0.1412,49.959
,10/1/18 23:00,0.1412,49.604
,10/2/18 0:00,0.1412,49.161
,10/2/18 1:00,0.1405,48.628
,10/2/18 2:00,0.1412,48.227
,10/2/18 3:00,0.1412,47.959
,10/2/18 4:00,0.1405,47.512
,10/2/18 5:00,0.1405,47.199
,10/2/18 6:00,0.1375,47.019
,10/2/18 7:00,0.14,46.931
,10/2/18 8:00,0.1382,46.841
,10/2/18 9:00,0.1416,46.841
,10/2/18 10:00,0.2139,47.019
,10/2/18 11:00,0.3058,47.289
,10/2/18 12:00,0.3317,47.736
,10/2/18 13:00,0.3343,48.538
,10/2/18 14:00,0.3441,49.249
,10/2/18 15:00,0.3412,49.737
,10/2/18 16:00,0.3228,50.4
,10/2/18 17:00,0.3156,50.797
,10/2/18 18:00,0.3144,50.752
,10/2/18 19:00,0.3098,50.4
,10/2/18 20:00,0.3062,49.914
,10/2/18 21:00,0.3026,49.561
,10/2/18 22:00,0.3029,49.249
,10/2/18 23:00,0.3005,48.983
,10/3/18 0:00,0.3008,48.762
,10/3/18 1:00,0.3496,48.45
,10/3/18 2:00,0.338,48.272
,10/3/18 3:00,0.329,48.094
,10/3/18 4:00,0.4493,47.959
,10/3/18 5:00,0.3486,47.781
,10/3/18 6:00,0.3399,47.557
,10/3/18 7:00,0.3256,47.244
,10/3/18 8:00,0.3277,47.064
,10/3/18 9:00,0.3537,47.019
,10/3/18 10:00,0.3547,47.244
,10/3/18 11:00,0.3357,47.826
,10/3/18 12:00,0.324,48.938
,10/3/18 13:00,0.3178,50.445
,10/3/18 14:00,0.3121,52.772
,10/3/18 15:00,0.3084,55.038
,10/3/18 16:00,0.3033,56.035
,10/3/18 17:00,0.3008,56.165
,10/3/18 18:00,0.2979,55.429
,10/3/18 19:00,0.2959,54.212
,10/3/18 20:00,0.2938,52.903
,10/3/18 21:00,0.2925,51.809
,10/3/18 22:00,0.2914,50.797
,10/3/18 23:00,0.2901,50.002
,10/4/18 0:00,0.2898,49.383
,10/4/18 1:00,0.2887,48.938
,10/4/18 2:00,0.2881,48.672
,10/4/18 3:00,0.2871,48.272
,10/4/18 4:00,0.2884,47.736
,10/4/18 5:00,0.2877,47.154
,10/4/18 6:00,0.2871,46.796
,10/4/18 7:00,0.2864,46.616
,10/4/18 8:00,0.2861,46.481
,10/4/18 9:00,0.2847,46.661
,10/4/18 10:00,0.2864,47.602
,10/4/18 11:00,0.2837,48.805
,10/4/18 12:00,0.2864,48.895
,10/4/18 13:00,0.2857,48.938
,10/4/18 14:00,0.2874,48.895
,10/4/18 15:00,0.2874,49.428
,10/4/18 16:00,0.2874,49.692
,10/4/18 17:00,0.2881,49.073
,10/4/18 18:00,0.2901,48.227
,10/4/18 19:00,0.2911,47.602
,10/4/18 20:00,0.2908,47.064
,10/4/18 21:00,0.2895,46.616
,10/4/18 22:00,0.2895,46.166
,10/4/18 23:00,0.289,45.806
,10/5/18 0:00,0.2887,45.534
,10/5/18 1:00,0.2898,45.307
,10/5/18 2:00,0.2895,45.036
,10/5/18 3:00,0.2895,44.719
,10/5/18 4:00,0.2887,44.355
,10/5/18 5:00,0.2887,43.9
,10/5/18 6:00,0.2884,43.396
,10/5/18 7:00,0.2871,42.892
,10/5/18 8:00,0.2877,42.616
,10/5/18 9:00,0.2874,42.616
,10/5/18 10:00,0.2871,42.892
,10/5/18 11:00,0.2864,43.122
,10/5/18 12:00,0.2871,43.396
,10/5/18 13:00,0.2857,43.624
,10/5/18 14:00,0.2871,43.945
,10/5/18 15:00,0.2847,44.537
,10/5/18 16:00,0.2847,45.534
,10/5/18 17:00,0.2857,46.031
,10/5/18 18:00,0.2877,45.714
,10/5/18 19:00,0.2874,45.217
,10/5/18 20:00,0.2874,44.492
,10/5/18 21:00,0.2901,43.716
,10/5/18 22:00,0.2928,43.03
,10/5/18 23:00,0.2935,42.663
,10/6/18 0:00,0.2938,42.341
,10/6/18 1:00,0.2938,41.878
,10/6/18 2:00,0.2938,41.369
,10/6/18 3:00,0.2938,41.043
,10/6/18 4:00,0.2932,40.764
,10/6/18 5:00,0.2914,40.438
,10/6/18 6:00,0.2919,40.158
,10/6/18 7:00,0.2925,40.017
,10/6/18 8:00,0.2922,39.924
,10/6/18 9:00,0.2919,40.064
,10/6/18 10:00,0.2922,40.719
,10/6/18 11:00,0.2928,41.878
,10/6/18 12:00,0.2367,43.351
,10/6/18 13:00,0.2464,44.537
,10/6/18 14:00,0.2351,45.399
,10/6/18 15:00,0.2904,45.714
,10/6/18 16:00,0.2914,45.941
,10/6/18 17:00,0.2911,45.624
,10/6/18 18:00,0.2901,45.489
,10/6/18 19:00,0.2908,45.036
,10/6/18 20:00,0.2898,44.4
,10/6/18 21:00,0.2895,43.853
,10/6/18 22:00,0.2884,43.351
,10/6/18 23:00,0.2887,42.892
,10/7/18 0:00,0.2877,42.386
,10/7/18 1:00,0.289,41.832
,10/7/18 2:00,0.2895,41.23
,10/7/18 3:00,0.2887,40.719
,10/7/18 4:00,0.2887,40.158
,10/7/18 5:00,0.2887,39.783
,10/7/18 6:00,0.2887,39.596
,10/7/18 7:00,0.2884,39.36
,10/7/18 8:00,0.2881,39.267
,10/7/18 9:00,0.2874,39.36
,10/7/18 10:00,0.2887,39.877
,10/7/18 11:00,0.2868,40.719
,10/7/18 12:00,0.2881,41.369
,10/7/18 13:00,0.285,42.755
,10/7/18 14:00,0.2853,44.674
,10/7/18 15:00,0.285,46.121
,10/7/18 16:00,0.285,46.616
,10/7/18 17:00,0.2844,46.706
,10/7/18 18:00,0.2864,46.166
,10/7/18 19:00,0.2868,45.399
,10/7/18 20:00,0.2868,44.627
,10/7/18 21:00,0.2864,43.763
,10/7/18 22:00,0.2861,43.122
,10/7/18 23:00,0.2861,42.57
,10/8/18 0:00,0.2861,42.109
,10/8/18 1:00,0.2861,41.74
,10/8/18 2:00,0.2864,41.416
,10/8/18 3:00,0.2868,41.043
,10/8/18 4:00,0.2864,40.626
,10/8/18 5:00,0.2868,40.298
,10/8/18 6:00,0.2871,40.064
,10/8/18 7:00,0.2871,39.877
,10/8/18 8:00,0.2871,39.643
,10/8/18 9:00,0.2861,39.549
,10/8/18 10:00,0.2864,39.173
,10/8/18 11:00,0.2864,38.937
,,,
,,,
,,,
,,,
,,,
,,,
,,,
,,,
,,,
,,,
,,,
,,,
,,,
,,,
,,,
,,,
,,,
,,,
,,,
,,,
,,,
,,,
,,,
,,,
,,,
,,,
,,,
,,,
,,,
,,,
,,,
,,,
,,,
,,,
,,,
,,,
,,,
,,,
,,,
,,,
,,,
,,,
,,,
,,,
,,,
,,,
,,,
,,,
,,,
,,,
,,,
,,,
,,,
,,,
,,,
,,,
,,,
,,,
,,,
,,,
,,,
,,,
,,,
,,,
,,,
,,,
,,,
,,,
,,,
,,,
,,,
,,,
,,,
,,,
,,,
,,,
,,,
,,,
,,,
,,,
,,,
,,,
,,,
,,,
,,,
,,,
,,,
,,,
,,,
,,,
,,,
,,,
,,,
,,,
,,,
,,,
,,,
,,,
,,,
,,,
,,,
,,,
,,,
,,,
,,,
,,,
,,,
,,,
,,,
,,,
,,,
,,,
,,,
,,,
,,,
,,,
,,,
,,,
,,,
,,,
,,,
,,,
,,,
,,,
,,,
,,,
,,,
,,,
,,,
,,,
,,,
,,,
,,,
,,,
,,,
,,,
,,,
,,,
,,,
,,,
,,,
,,,
,,,
,,,
,,,
,,,
,,,
,,,
,,,
,,,
,,,
,,,
,,,
,,,
,,,
,,,
,,,
,,,
,,,
,,,
,,,
,,,
,,,
,,,
,,,
,,,
,,,
,,,
,,,
,,,
,,,
,,,
,,,
,,,
,,,
,,,
,,,
,,,
,,,
,,,
,,,
,,,
,,,
,,,
,,,
,,,
,,,
,,,
,,,
,,,
,,,
,,,
,,,
,,,
,,,
,,,
,,,
,,,
,,,
,,,
,,,
,,,
,,,
,,,
,,,
,,,
,,,
,,,
,,,
,,,
,,,
,,,
,,,
,,,
,,,
,,,
,,,
,,,
,,,
,,,
,,,
,,,
,,,
,,,
,,,
,,,
,,,
,,,
,,,
,,,
,,,
,,,
,,,
,,,
,,,
,,,
,,,
,,,
,,,
,,,
,,,
,,,
,,,
,,,
,,,
,,,
,,,
,,,
,,,
,,,
,,,
,,,
,,,
,,,
,,,
,,,
,,,
,,,
,,,
,,,
,,,
,,,
,,,
,,,
,,,
,,,
,,,
,,,
,,,
,,,
,,,
,,,
,,,
,,,
,,,
,,,
,,,
,,,
,,,
,,,
,,,
,,,
,,,
,,,
,,,
,,,
,,,
,,,
,,,
,,,
,,,
,,,
,,,
,,,
,,,
,,,
,,,
,,,
,,,
,,,
,,,
,,,
,,,
,,,
,,,
,,,
,,,
,,,
,,,
,,,
,,,
,,,
,,,
,,,
,,,
,,,
,,,
,,,
,,,
,,,
,,,
,,,
,,,
,,,
,,,
,,,
,,,
,,,
,,,
,,,
,,,
,,,
,,,
,,,
,,,
,,,
,,,
,,,
,,,
,,,
,,,
,,,
,,,
,,,
,,,
,,,
,,,
,,,
,,,
,,,
,,,
,,,
,,,
,,,
,,,
,,,
,,,
,,,
,,,
,,,
,,,
,,,
,,,
,,,
,,,
,,,
,,,
,,,
,,,
,,,
,,,
,,,
,,,
,,,
,,,
,,,
,,,
,,,
,,,
,,,
,,,
,,,
,,,
,,,
,,,
,,,
,,,
,,,
,,,
,,,
,,,
,,,
,,,
,,,
,,,
,,,
,,,
,,,
,,,
,,,
,,,
,,,
,,,
,,,
,,,
,,,
,,,
,,,
,,,
,,,
,,,
,,,
,,,
,,,
,,,
,,,
,,,
,,,
,,,
,,,
,,,
,,,
,,,
,,,
,,,
,,,
,,,
,,,
,,,
,,,
,,,
,,,